event_id,employee_id,department,event_date,event_name,event_type,campaign_name,participation_status,participant_count,engagement_score,wellness_points,final_reward_score,reward_earned
EVT00001,EMP184,Operations,27-01-2025,Creative Workshop,Creative,Wellness Month,Attended,150,85.7,10,18.6,Gift Voucher
EVT00002,EMP218,Sales,27-01-2025,Creative Workshop,Creative,Healthy Workforce Initiative,Attended,150,85.7,10,18.6,Gift Voucher
EVT00003,EMP244,Sales,27-01-2025,Creative Workshop,Creative,Mental Health Awareness Campaign,Attended,150,85.7,10,18.6,Gift Voucher
EVT00004,EMP010,Tech,27-01-2025,Creative Workshop,Creative,Employee Engagement Drive,Attended,150,85.7,10,18.6,Gift Voucher
EVT00005,EMP026,Tech,27-01-2025,Creative Workshop,Creative,Mental Health Awareness Campaign,Attended,150,85.7,10,18.6,Gift Voucher
EVT00006,EMP011,Tech,27-01-2025,Creative Workshop,Creative,Mental Health Awareness Campaign,Attended,150,85.7,10,18.6,Gift Voucher
EVT00007,EMP022,Tech,27-01-2025,Creative Workshop,Creative,Healthy Workforce Initiative,Skipped,150,85.7,0,8.6,Gift Voucher
EVT00008,EMP225,Sales,27-01-2025,Creative Workshop,Creative,Healthy Workforce Initiative,Attended,150,85.7,10,18.6,Gift Voucher
EVT00009,EMP238,Sales,27-01-2025,Creative Workshop,Creative,Healthy Workforce Initiative,Attended,150,85.7,10,18.6,Gift Voucher
EVT00010,EMP165,Finance,27-01-2025,Creative Workshop,Creative,Mental Health Awareness Campaign,Attended,150,85.7,10,18.6,Gift Voucher
EVT00011,EMP248,Sales,27-01-2025,Creative Workshop,Creative,Mental Health Awareness Campaign,Attended,150,85.7,10,18.6,Gift Voucher
EVT00012,EMP190,Operations,27-01-2025,Creative Workshop,Creative,Healthy Workforce Initiative,Attended,150,85.7,10,18.6,Gift Voucher
EVT00013,EMP108,Marketing,27-01-2025,Creative Workshop,Creative,Mental Health Awareness Campaign,Attended,150,85.7,10,18.6,Gift Voucher
EVT00014,EMP208,Operations,27-01-2025,Creative Workshop,Creative,Wellness Month,Skipped,150,85.7,0,8.6,Gift Voucher
EVT00015,EMP189,Operations,27-01-2025,Creative Workshop,Creative,Employee Engagement Drive,Attended,150,85.7,10,18.6,Gift Voucher
EVT00016,EMP200,Operations,27-01-2025,Creative Workshop,Creative,Employee Engagement Drive,Skipped,150,85.7,0,8.6,Gift Voucher
EVT00017,EMP020,Tech,27-01-2025,Creative Workshop,Creative,Employee Engagement Drive,Attended,150,85.7,10,18.6,Gift Voucher
EVT00018,EMP134,Marketing,27-01-2025,Creative Workshop,Creative,Healthy Workforce Initiative,Attended,150,85.7,10,18.6,Gift Voucher
EVT00019,EMP143,Finance,27-01-2025,Creative Workshop,Creative,Healthy Workforce Initiative,Attended,150,85.7,10,18.6,Gift Voucher
EVT00020,EMP054,Tech,27-01-2025,Creative Workshop,Creative,Wellness Month,Attended,150,85.7,10,18.6,Gift Voucher
EVT00021,EMP239,Sales,27-01-2025,Creative Workshop,Creative,Mental Health Awareness Campaign,Attended,150,85.7,10,18.6,Gift Voucher
EVT00022,EMP009,Tech,27-01-2025,Creative Workshop,Creative,Wellness Month,Skipped,150,85.7,0,8.6,Gift Voucher
EVT00023,EMP229,Sales,27-01-2025,Creative Workshop,Creative,Employee Engagement Drive,Attended,150,85.7,10,18.6,Gift Voucher
EVT00024,EMP018,Tech,27-01-2025,Creative Workshop,Creative,Wellness Month,Attended,150,85.7,10,18.6,Gift Voucher
EVT00025,EMP078,HR,27-01-2025,Creative Workshop,Creative,Mental Health Awareness Campaign,Skipped,150,85.7,0,8.6,Gift Voucher
EVT00026,EMP132,Marketing,27-01-2025,Creative Workshop,Creative,Healthy Workforce Initiative,Attended,150,85.7,10,18.6,Gift Voucher
EVT00027,EMP027,Tech,27-01-2025,Creative Workshop,Creative,Mental Health Awareness Campaign,Attended,150,85.7,10,18.6,Gift Voucher
EVT00028,EMP070,Tech,27-01-2025,Creative Workshop,Creative,Mental Health Awareness Campaign,Attended,150,85.7,10,18.6,Gift Voucher
EVT00029,EMP177,Operations,27-01-2025,Creative Workshop,Creative,Wellness Month,Attended,150,85.7,10,18.6,Gift Voucher
EVT00030,EMP151,Finance,27-01-2025,Creative Workshop,Creative,Employee Engagement Drive,Attended,150,85.7,10,18.6,Gift Voucher
EVT00031,EMP207,Operations,27-01-2025,Creative Workshop,Creative,Wellness Month,Skipped,150,85.7,0,8.6,Gift Voucher
EVT00032,EMP048,Tech,27-01-2025,Creative Workshop,Creative,Healthy Workforce Initiative,Attended,150,85.7,10,18.6,Gift Voucher
EVT00033,EMP045,Tech,27-01-2025,Creative Workshop,Creative,Wellness Month,Attended,150,85.7,10,18.6,Gift Voucher
EVT00034,EMP042,Tech,27-01-2025,Creative Workshop,Creative,Wellness Month,Attended,150,85.7,10,18.6,Gift Voucher
EVT00035,EMP154,Finance,27-01-2025,Creative Workshop,Creative,Healthy Workforce Initiative,Skipped,150,85.7,0,8.6,Gift Voucher
EVT00036,EMP141,Finance,27-01-2025,Creative Workshop,Creative,Healthy Workforce Initiative,Attended,150,85.7,10,18.6,Gift Voucher
EVT00037,EMP195,Operations,27-01-2025,Creative Workshop,Creative,Mental Health Awareness Campaign,Attended,150,85.7,10,18.6,Gift Voucher
EVT00038,EMP241,Sales,27-01-2025,Creative Workshop,Creative,Wellness Month,Skipped,150,85.7,0,8.6,Gift Voucher
EVT00039,EMP127,Marketing,27-01-2025,Creative Workshop,Creative,Employee Engagement Drive,Attended,150,85.7,10,18.6,Gift Voucher
EVT00040,EMP037,Tech,27-01-2025,Creative Workshop,Creative,Mental Health Awareness Campaign,Skipped,150,85.7,0,8.6,Gift Voucher
EVT00041,EMP156,Finance,27-01-2025,Creative Workshop,Creative,Mental Health Awareness Campaign,Attended,150,85.7,10,18.6,Gift Voucher
EVT00042,EMP049,Tech,27-01-2025,Creative Workshop,Creative,Wellness Month,Attended,150,85.7,10,18.6,Gift Voucher
EVT00043,EMP139,Marketing,27-01-2025,Creative Workshop,Creative,Healthy Workforce Initiative,Attended,150,85.7,10,18.6,Gift Voucher
EVT00044,EMP166,Operations,27-01-2025,Creative Workshop,Creative,Healthy Workforce Initiative,Attended,150,85.7,10,18.6,Gift Voucher
EVT00045,EMP219,Sales,27-01-2025,Creative Workshop,Creative,Mental Health Awareness Campaign,Attended,150,85.7,10,18.6,Gift Voucher
EVT00046,EMP091,HR,27-01-2025,Creative Workshop,Creative,Healthy Workforce Initiative,Attended,150,85.7,10,18.6,Gift Voucher
EVT00047,EMP160,Finance,27-01-2025,Creative Workshop,Creative,Wellness Month,Attended,150,85.7,10,18.6,Gift Voucher
EVT00048,EMP041,Tech,27-01-2025,Creative Workshop,Creative,Wellness Month,Skipped,150,85.7,0,8.6,Gift Voucher
EVT00049,EMP240,Sales,27-01-2025,Creative Workshop,Creative,Wellness Month,Attended,150,85.7,10,18.6,Gift Voucher
EVT00050,EMP220,Sales,27-01-2025,Creative Workshop,Creative,Mental Health Awareness Campaign,Skipped,150,85.7,0,8.6,Gift Voucher
EVT00051,EMP032,Tech,27-01-2025,Creative Workshop,Creative,Healthy Workforce Initiative,Attended,150,85.7,10,18.6,Gift Voucher
EVT00052,EMP097,HR,27-01-2025,Creative Workshop,Creative,Healthy Workforce Initiative,Attended,150,85.7,10,18.6,Gift Voucher
EVT00053,EMP186,Operations,27-01-2025,Creative Workshop,Creative,Mental Health Awareness Campaign,Skipped,150,85.7,0,8.6,Gift Voucher
EVT00054,EMP210,Operations,27-01-2025,Creative Workshop,Creative,Healthy Workforce Initiative,Skipped,150,85.7,0,8.6,Gift Voucher
EVT00055,EMP204,Operations,27-01-2025,Creative Workshop,Creative,Employee Engagement Drive,Skipped,150,85.7,0,8.6,Gift Voucher
EVT00056,EMP126,Marketing,27-01-2025,Creative Workshop,Creative,Employee Engagement Drive,Attended,150,85.7,10,18.6,Gift Voucher
EVT00057,EMP029,Tech,27-01-2025,Creative Workshop,Creative,Healthy Workforce Initiative,Skipped,150,85.7,0,8.6,Gift Voucher
EVT00058,EMP175,Operations,27-01-2025,Creative Workshop,Creative,Employee Engagement Drive,Attended,150,85.7,10,18.6,Gift Voucher
EVT00059,EMP061,Tech,27-01-2025,Creative Workshop,Creative,Wellness Month,Attended,150,85.7,10,18.6,Gift Voucher
EVT00060,EMP243,Sales,27-01-2025,Creative Workshop,Creative,Mental Health Awareness Campaign,Attended,150,85.7,10,18.6,Gift Voucher
EVT00061,EMP191,Operations,27-01-2025,Creative Workshop,Creative,Wellness Month,Attended,150,85.7,10,18.6,Gift Voucher
EVT00062,EMP025,Tech,27-01-2025,Creative Workshop,Creative,Mental Health Awareness Campaign,Skipped,150,85.7,0,8.6,Gift Voucher
EVT00063,EMP017,Tech,27-01-2025,Creative Workshop,Creative,Mental Health Awareness Campaign,Attended,150,85.7,10,18.6,Gift Voucher
EVT00064,EMP221,Sales,27-01-2025,Creative Workshop,Creative,Healthy Workforce Initiative,Attended,150,85.7,10,18.6,Gift Voucher
EVT00065,EMP138,Marketing,27-01-2025,Creative Workshop,Creative,Healthy Workforce Initiative,Attended,150,85.7,10,18.6,Gift Voucher
EVT00066,EMP152,Finance,27-01-2025,Creative Workshop,Creative,Wellness Month,Skipped,150,85.7,0,8.6,Gift Voucher
EVT00067,EMP075,HR,27-01-2025,Creative Workshop,Creative,Healthy Workforce Initiative,Attended,150,85.7,10,18.6,Gift Voucher
EVT00068,EMP170,Operations,27-01-2025,Creative Workshop,Creative,Wellness Month,Attended,150,85.7,10,18.6,Gift Voucher
EVT00069,EMP202,Operations,27-01-2025,Creative Workshop,Creative,Mental Health Awareness Campaign,Attended,150,85.7,10,18.6,Gift Voucher
EVT00070,EMP142,Finance,27-01-2025,Creative Workshop,Creative,Mental Health Awareness Campaign,Attended,150,85.7,10,18.6,Gift Voucher
EVT00071,EMP120,Marketing,27-01-2025,Creative Workshop,Creative,Wellness Month,Attended,150,85.7,10,18.6,Gift Voucher
EVT00072,EMP153,Finance,27-01-2025,Creative Workshop,Creative,Employee Engagement Drive,Skipped,150,85.7,0,8.6,Gift Voucher
EVT00073,EMP123,Marketing,27-01-2025,Creative Workshop,Creative,Mental Health Awareness Campaign,Skipped,150,85.7,0,8.6,Gift Voucher
EVT00074,EMP182,Operations,27-01-2025,Creative Workshop,Creative,Healthy Workforce Initiative,Skipped,150,85.7,0,8.6,Gift Voucher
EVT00075,EMP071,HR,27-01-2025,Creative Workshop,Creative,Mental Health Awareness Campaign,Attended,150,85.7,10,18.6,Gift Voucher
EVT00076,EMP128,Marketing,27-01-2025,Creative Workshop,Creative,Wellness Month,Attended,150,85.7,10,18.6,Gift Voucher
EVT00077,EMP162,Finance,27-01-2025,Creative Workshop,Creative,Employee Engagement Drive,Attended,150,85.7,10,18.6,Gift Voucher
EVT00078,EMP064,Tech,27-01-2025,Creative Workshop,Creative,Mental Health Awareness Campaign,Skipped,150,85.7,0,8.6,Gift Voucher
EVT00079,EMP051,Tech,27-01-2025,Creative Workshop,Creative,Mental Health Awareness Campaign,Skipped,150,85.7,0,8.6,Gift Voucher
EVT00080,EMP080,HR,27-01-2025,Creative Workshop,Creative,Healthy Workforce Initiative,Attended,150,85.7,10,18.6,Gift Voucher
EVT00081,EMP055,Tech,27-01-2025,Creative Workshop,Creative,Healthy Workforce Initiative,Attended,150,85.7,10,18.6,Gift Voucher
EVT00082,EMP125,Marketing,27-01-2025,Creative Workshop,Creative,Healthy Workforce Initiative,Attended,150,85.7,10,18.6,Gift Voucher
EVT00083,EMP215,Sales,27-01-2025,Creative Workshop,Creative,Employee Engagement Drive,Attended,150,85.7,10,18.6,Gift Voucher
EVT00084,EMP216,Sales,27-01-2025,Creative Workshop,Creative,Healthy Workforce Initiative,Attended,150,85.7,10,18.6,Gift Voucher
EVT00085,EMP150,Finance,27-01-2025,Creative Workshop,Creative,Employee Engagement Drive,Attended,150,85.7,10,18.6,Gift Voucher
EVT00086,EMP084,HR,27-01-2025,Creative Workshop,Creative,Mental Health Awareness Campaign,Attended,150,85.7,10,18.6,Gift Voucher
EVT00087,EMP227,Sales,27-01-2025,Creative Workshop,Creative,Wellness Month,Skipped,150,85.7,0,8.6,Gift Voucher
EVT00088,EMP178,Operations,27-01-2025,Creative Workshop,Creative,Employee Engagement Drive,Attended,150,85.7,10,18.6,Gift Voucher
EVT00089,EMP106,Marketing,27-01-2025,Creative Workshop,Creative,Mental Health Awareness Campaign,Attended,150,85.7,10,18.6,Gift Voucher
EVT00090,EMP209,Operations,27-01-2025,Creative Workshop,Creative,Wellness Month,Attended,150,85.7,10,18.6,Gift Voucher
EVT00091,EMP088,HR,27-01-2025,Creative Workshop,Creative,Mental Health Awareness Campaign,Attended,150,85.7,10,18.6,Gift Voucher
EVT00092,EMP245,Sales,27-01-2025,Creative Workshop,Creative,Employee Engagement Drive,Attended,150,85.7,10,18.6,Gift Voucher
EVT00093,EMP057,Tech,27-01-2025,Creative Workshop,Creative,Mental Health Awareness Campaign,Attended,150,85.7,10,18.6,Gift Voucher
EVT00094,EMP121,Marketing,27-01-2025,Creative Workshop,Creative,Healthy Workforce Initiative,Skipped,150,85.7,0,8.6,Gift Voucher
EVT00095,EMP119,Marketing,27-01-2025,Creative Workshop,Creative,Employee Engagement Drive,Skipped,150,85.7,0,8.6,Gift Voucher
EVT00096,EMP214,Sales,27-01-2025,Creative Workshop,Creative,Healthy Workforce Initiative,Attended,150,85.7,10,18.6,Gift Voucher
EVT00097,EMP117,Marketing,27-01-2025,Creative Workshop,Creative,Healthy Workforce Initiative,Attended,150,85.7,10,18.6,Gift Voucher
EVT00098,EMP093,HR,27-01-2025,Creative Workshop,Creative,Healthy Workforce Initiative,Attended,150,85.7,10,18.6,Gift Voucher
EVT00099,EMP077,HR,27-01-2025,Creative Workshop,Creative,Employee Engagement Drive,Attended,150,85.7,10,18.6,Gift Voucher
EVT00100,EMP194,Operations,27-01-2025,Creative Workshop,Creative,Employee Engagement Drive,Skipped,150,85.7,0,8.6,Gift Voucher
EVT00101,EMP206,Operations,27-01-2025,Creative Workshop,Creative,Healthy Workforce Initiative,Attended,150,85.7,10,18.6,Gift Voucher
EVT00102,EMP003,Tech,27-01-2025,Creative Workshop,Creative,Healthy Workforce Initiative,Attended,150,85.7,10,18.6,Gift Voucher
EVT00103,EMP083,HR,27-01-2025,Creative Workshop,Creative,Employee Engagement Drive,Attended,150,85.7,10,18.6,Gift Voucher
EVT00104,EMP079,HR,27-01-2025,Creative Workshop,Creative,Wellness Month,Attended,150,85.7,10,18.6,Gift Voucher
EVT00105,EMP053,Tech,27-01-2025,Creative Workshop,Creative,Employee Engagement Drive,Attended,150,85.7,10,18.6,Gift Voucher
EVT00106,EMP099,HR,27-01-2025,Creative Workshop,Creative,Mental Health Awareness Campaign,Attended,150,85.7,10,18.6,Gift Voucher
EVT00107,EMP131,Marketing,27-01-2025,Creative Workshop,Creative,Mental Health Awareness Campaign,Attended,150,85.7,10,18.6,Gift Voucher
EVT00108,EMP224,Sales,27-01-2025,Creative Workshop,Creative,Wellness Month,Attended,150,85.7,10,18.6,Gift Voucher
EVT00109,EMP211,Sales,27-01-2025,Creative Workshop,Creative,Wellness Month,Attended,150,85.7,10,18.6,Gift Voucher
EVT00110,EMP185,Operations,27-01-2025,Creative Workshop,Creative,Healthy Workforce Initiative,Skipped,150,85.7,0,8.6,Gift Voucher
EVT00111,EMP043,Tech,27-01-2025,Creative Workshop,Creative,Wellness Month,Skipped,150,85.7,0,8.6,Gift Voucher
EVT00112,EMP028,Tech,27-01-2025,Creative Workshop,Creative,Mental Health Awareness Campaign,Attended,150,85.7,10,18.6,Gift Voucher
EVT00113,EMP058,Tech,27-01-2025,Creative Workshop,Creative,Wellness Month,Skipped,150,85.7,0,8.6,Gift Voucher
EVT00114,EMP213,Sales,27-01-2025,Creative Workshop,Creative,Mental Health Awareness Campaign,Skipped,150,85.7,0,8.6,Gift Voucher
EVT00115,EMP073,HR,27-01-2025,Creative Workshop,Creative,Healthy Workforce Initiative,Skipped,150,85.7,0,8.6,Gift Voucher
EVT00116,EMP130,Marketing,27-01-2025,Creative Workshop,Creative,Employee Engagement Drive,Attended,150,85.7,10,18.6,Gift Voucher
EVT00117,EMP187,Operations,27-01-2025,Creative Workshop,Creative,Employee Engagement Drive,Skipped,150,85.7,0,8.6,Gift Voucher
EVT00118,EMP172,Operations,27-01-2025,Creative Workshop,Creative,Employee Engagement Drive,Skipped,150,85.7,0,8.6,Gift Voucher
EVT00119,EMP090,HR,27-01-2025,Creative Workshop,Creative,Healthy Workforce Initiative,Attended,150,85.7,10,18.6,Gift Voucher
EVT00120,EMP235,Sales,27-01-2025,Creative Workshop,Creative,Employee Engagement Drive,Attended,150,85.7,10,18.6,Gift Voucher
EVT00121,EMP035,Tech,27-01-2025,Creative Workshop,Creative,Mental Health Awareness Campaign,Attended,150,85.7,10,18.6,Gift Voucher
EVT00122,EMP192,Operations,27-01-2025,Creative Workshop,Creative,Healthy Workforce Initiative,Attended,150,85.7,10,18.6,Gift Voucher
EVT00123,EMP179,Operations,27-01-2025,Creative Workshop,Creative,Mental Health Awareness Campaign,Skipped,150,85.7,0,8.6,Gift Voucher
EVT00124,EMP249,Sales,27-01-2025,Creative Workshop,Creative,Mental Health Awareness Campaign,Attended,150,85.7,10,18.6,Gift Voucher
EVT00125,EMP155,Finance,27-01-2025,Creative Workshop,Creative,Employee Engagement Drive,Attended,150,85.7,10,18.6,Gift Voucher
EVT00126,EMP047,Tech,27-01-2025,Creative Workshop,Creative,Mental Health Awareness Campaign,Attended,150,85.7,10,18.6,Gift Voucher
EVT00127,EMP030,Tech,27-01-2025,Creative Workshop,Creative,Healthy Workforce Initiative,Attended,150,85.7,10,18.6,Gift Voucher
EVT00128,EMP116,Marketing,27-01-2025,Creative Workshop,Creative,Mental Health Awareness Campaign,Attended,150,85.7,10,18.6,Gift Voucher
EVT00129,EMP076,HR,27-01-2025,Creative Workshop,Creative,Healthy Workforce Initiative,Attended,150,85.7,10,18.6,Gift Voucher
EVT00130,EMP133,Marketing,27-01-2025,Creative Workshop,Creative,Employee Engagement Drive,Attended,150,85.7,10,18.6,Gift Voucher
EVT00131,EMP164,Finance,27-01-2025,Creative Workshop,Creative,Healthy Workforce Initiative,Attended,150,85.7,10,18.6,Gift Voucher
EVT00132,EMP031,Tech,27-01-2025,Creative Workshop,Creative,Employee Engagement Drive,Attended,150,85.7,10,18.6,Gift Voucher
EVT00133,EMP023,Tech,27-01-2025,Creative Workshop,Creative,Mental Health Awareness Campaign,Attended,150,85.7,10,18.6,Gift Voucher
EVT00134,EMP212,Sales,27-01-2025,Creative Workshop,Creative,Mental Health Awareness Campaign,Attended,150,85.7,10,18.6,Gift Voucher
EVT00135,EMP163,Finance,27-01-2025,Creative Workshop,Creative,Healthy Workforce Initiative,Attended,150,85.7,10,18.6,Gift Voucher
EVT00136,EMP100,HR,27-01-2025,Creative Workshop,Creative,Healthy Workforce Initiative,Attended,150,85.7,10,18.6,Gift Voucher
EVT00137,EMP068,Tech,27-01-2025,Creative Workshop,Creative,Employee Engagement Drive,Attended,150,85.7,10,18.6,Gift Voucher
EVT00138,EMP024,Tech,27-01-2025,Creative Workshop,Creative,Wellness Month,Attended,150,85.7,10,18.6,Gift Voucher
EVT00139,EMP222,Sales,27-01-2025,Creative Workshop,Creative,Wellness Month,Skipped,150,85.7,0,8.6,Gift Voucher
EVT00140,EMP019,Tech,27-01-2025,Creative Workshop,Creative,Employee Engagement Drive,Attended,150,85.7,10,18.6,Gift Voucher
EVT00141,EMP157,Finance,27-01-2025,Creative Workshop,Creative,Employee Engagement Drive,Attended,150,85.7,10,18.6,Gift Voucher
EVT00142,EMP237,Sales,27-01-2025,Creative Workshop,Creative,Employee Engagement Drive,Skipped,150,85.7,0,8.6,Gift Voucher
EVT00143,EMP060,Tech,27-01-2025,Creative Workshop,Creative,Employee Engagement Drive,Attended,150,85.7,10,18.6,Gift Voucher
EVT00144,EMP115,Marketing,27-01-2025,Creative Workshop,Creative,Wellness Month,Attended,150,85.7,10,18.6,Gift Voucher
EVT00145,EMP188,Operations,27-01-2025,Creative Workshop,Creative,Wellness Month,Skipped,150,85.7,0,8.6,Gift Voucher
EVT00146,EMP193,Operations,27-01-2025,Creative Workshop,Creative,Wellness Month,Attended,150,85.7,10,18.6,Gift Voucher
EVT00147,EMP062,Tech,27-01-2025,Creative Workshop,Creative,Healthy Workforce Initiative,Attended,150,85.7,10,18.6,Gift Voucher
EVT00148,EMP113,Marketing,27-01-2025,Creative Workshop,Creative,Wellness Month,Skipped,150,85.7,0,8.6,Gift Voucher
EVT00149,EMP105,Marketing,27-01-2025,Creative Workshop,Creative,Employee Engagement Drive,Skipped,150,85.7,0,8.6,Gift Voucher
EVT00150,EMP104,Marketing,27-01-2025,Creative Workshop,Creative,Healthy Workforce Initiative,Attended,150,85.7,10,18.6,Gift Voucher
EVT00151,EMP182,Operations,19-01-2025,Step Challenge,Fitness,Wellness Month,Attended,44,25.1,20,22.5,Wellness Kit
EVT00152,EMP083,HR,19-01-2025,Step Challenge,Fitness,Wellness Month,Attended,44,25.1,20,22.5,Wellness Kit
EVT00153,EMP032,Tech,19-01-2025,Step Challenge,Fitness,Mental Health Awareness Campaign,Attended,44,25.1,20,22.5,Wellness Kit
EVT00154,EMP080,HR,19-01-2025,Step Challenge,Fitness,Healthy Workforce Initiative,Attended,44,25.1,20,22.5,Wellness Kit
EVT00155,EMP226,Sales,19-01-2025,Step Challenge,Fitness,Healthy Workforce Initiative,Attended,44,25.1,20,22.5,Wellness Kit
EVT00156,EMP163,Finance,19-01-2025,Step Challenge,Fitness,Employee Engagement Drive,Skipped,44,25.1,0,2.5,Gift Voucher
EVT00157,EMP074,HR,19-01-2025,Step Challenge,Fitness,Wellness Month,Attended,44,25.1,20,22.5,Wellness Kit
EVT00158,EMP145,Finance,19-01-2025,Step Challenge,Fitness,Healthy Workforce Initiative,Skipped,44,25.1,0,2.5,Gift Voucher
EVT00159,EMP179,Operations,19-01-2025,Step Challenge,Fitness,Healthy Workforce Initiative,Attended,44,25.1,20,22.5,Wellness Kit
EVT00160,EMP195,Operations,19-01-2025,Step Challenge,Fitness,Healthy Workforce Initiative,Attended,44,25.1,20,22.5,Wellness Kit
EVT00161,EMP002,Tech,19-01-2025,Step Challenge,Fitness,Mental Health Awareness Campaign,Skipped,44,25.1,0,2.5,Gift Voucher
EVT00162,EMP042,Tech,19-01-2025,Step Challenge,Fitness,Employee Engagement Drive,Attended,44,25.1,20,22.5,Wellness Kit
EVT00163,EMP131,Marketing,19-01-2025,Step Challenge,Fitness,Mental Health Awareness Campaign,Attended,44,25.1,20,22.5,Wellness Kit
EVT00164,EMP178,Operations,19-01-2025,Step Challenge,Fitness,Healthy Workforce Initiative,Attended,44,25.1,20,22.5,Wellness Kit
EVT00165,EMP146,Finance,19-01-2025,Step Challenge,Fitness,Healthy Workforce Initiative,Attended,44,25.1,20,22.5,Wellness Kit
EVT00166,EMP084,HR,19-01-2025,Step Challenge,Fitness,Mental Health Awareness Campaign,Skipped,44,25.1,0,2.5,Gift Voucher
EVT00167,EMP096,HR,19-01-2025,Step Challenge,Fitness,Employee Engagement Drive,Attended,44,25.1,20,22.5,Wellness Kit
EVT00168,EMP132,Marketing,19-01-2025,Step Challenge,Fitness,Healthy Workforce Initiative,Attended,44,25.1,20,22.5,Wellness Kit
EVT00169,EMP153,Finance,19-01-2025,Step Challenge,Fitness,Wellness Month,Skipped,44,25.1,0,2.5,Gift Voucher
EVT00170,EMP022,Tech,19-01-2025,Step Challenge,Fitness,Healthy Workforce Initiative,Attended,44,25.1,20,22.5,Wellness Kit
EVT00171,EMP242,Sales,19-01-2025,Step Challenge,Fitness,Mental Health Awareness Campaign,Skipped,44,25.1,0,2.5,Gift Voucher
EVT00172,EMP045,Tech,19-01-2025,Step Challenge,Fitness,Mental Health Awareness Campaign,Attended,44,25.1,20,22.5,Wellness Kit
EVT00173,EMP207,Operations,19-01-2025,Step Challenge,Fitness,Employee Engagement Drive,Skipped,44,25.1,0,2.5,Gift Voucher
EVT00174,EMP155,Finance,19-01-2025,Step Challenge,Fitness,Healthy Workforce Initiative,Attended,44,25.1,20,22.5,Wellness Kit
EVT00175,EMP175,Operations,19-01-2025,Step Challenge,Fitness,Healthy Workforce Initiative,Skipped,44,25.1,0,2.5,Gift Voucher
EVT00176,EMP048,Tech,19-01-2025,Step Challenge,Fitness,Healthy Workforce Initiative,Attended,44,25.1,20,22.5,Wellness Kit
EVT00177,EMP144,Finance,19-01-2025,Step Challenge,Fitness,Healthy Workforce Initiative,Attended,44,25.1,20,22.5,Wellness Kit
EVT00178,EMP027,Tech,19-01-2025,Step Challenge,Fitness,Mental Health Awareness Campaign,Attended,44,25.1,20,22.5,Wellness Kit
EVT00179,EMP201,Operations,19-01-2025,Step Challenge,Fitness,Mental Health Awareness Campaign,Skipped,44,25.1,0,2.5,Gift Voucher
EVT00180,EMP029,Tech,19-01-2025,Step Challenge,Fitness,Employee Engagement Drive,Skipped,44,25.1,0,2.5,Gift Voucher
EVT00181,EMP183,Operations,19-01-2025,Step Challenge,Fitness,Employee Engagement Drive,Attended,44,25.1,20,22.5,Wellness Kit
EVT00182,EMP133,Marketing,19-01-2025,Step Challenge,Fitness,Employee Engagement Drive,Skipped,44,25.1,0,2.5,Gift Voucher
EVT00183,EMP141,Finance,19-01-2025,Step Challenge,Fitness,Employee Engagement Drive,Skipped,44,25.1,0,2.5,Gift Voucher
EVT00184,EMP079,HR,19-01-2025,Step Challenge,Fitness,Healthy Workforce Initiative,Attended,44,25.1,20,22.5,Wellness Kit
EVT00185,EMP228,Sales,19-01-2025,Step Challenge,Fitness,Mental Health Awareness Campaign,Attended,44,25.1,20,22.5,Wellness Kit
EVT00186,EMP072,HR,19-01-2025,Step Challenge,Fitness,Employee Engagement Drive,Skipped,44,25.1,0,2.5,Gift Voucher
EVT00187,EMP240,Sales,19-01-2025,Step Challenge,Fitness,Mental Health Awareness Campaign,Skipped,44,25.1,0,2.5,Gift Voucher
EVT00188,EMP055,Tech,19-01-2025,Step Challenge,Fitness,Mental Health Awareness Campaign,Attended,44,25.1,20,22.5,Wellness Kit
EVT00189,EMP151,Finance,19-01-2025,Step Challenge,Fitness,Mental Health Awareness Campaign,Skipped,44,25.1,0,2.5,Gift Voucher
EVT00190,EMP162,Finance,19-01-2025,Step Challenge,Fitness,Healthy Workforce Initiative,Attended,44,25.1,20,22.5,Wellness Kit
EVT00191,EMP184,Operations,19-01-2025,Step Challenge,Fitness,Mental Health Awareness Campaign,Attended,44,25.1,20,22.5,Wellness Kit
EVT00192,EMP046,Tech,19-01-2025,Step Challenge,Fitness,Healthy Workforce Initiative,Attended,44,25.1,20,22.5,Wellness Kit
EVT00193,EMP061,Tech,19-01-2025,Step Challenge,Fitness,Mental Health Awareness Campaign,Attended,44,25.1,20,22.5,Wellness Kit
EVT00194,EMP026,Tech,19-01-2025,Step Challenge,Fitness,Wellness Month,Attended,44,25.1,20,22.5,Wellness Kit
EVT00195,EMP171,Operations,05-01-2025,Mindfulness Month,Mental,Wellness Month,Attended,67,38.3,20,23.8,Wellness Kit
EVT00196,EMP053,Tech,05-01-2025,Mindfulness Month,Mental,Mental Health Awareness Campaign,Skipped,67,38.3,0,3.8,Gift Voucher
EVT00197,EMP177,Operations,05-01-2025,Mindfulness Month,Mental,Mental Health Awareness Campaign,Attended,67,38.3,20,23.8,Wellness Kit
EVT00198,EMP001,Tech,05-01-2025,Mindfulness Month,Mental,Wellness Month,Attended,67,38.3,20,23.8,Wellness Kit
EVT00199,EMP150,Finance,05-01-2025,Mindfulness Month,Mental,Mental Health Awareness Campaign,Skipped,67,38.3,0,3.8,Gift Voucher
EVT00200,EMP221,Sales,05-01-2025,Mindfulness Month,Mental,Employee Engagement Drive,Skipped,67,38.3,0,3.8,Gift Voucher
EVT00201,EMP035,Tech,05-01-2025,Mindfulness Month,Mental,Employee Engagement Drive,Attended,67,38.3,20,23.8,Wellness Kit
EVT00202,EMP084,HR,05-01-2025,Mindfulness Month,Mental,Healthy Workforce Initiative,Skipped,67,38.3,0,3.8,Gift Voucher
EVT00203,EMP227,Sales,05-01-2025,Mindfulness Month,Mental,Wellness Month,Skipped,67,38.3,0,3.8,Gift Voucher
EVT00204,EMP160,Finance,05-01-2025,Mindfulness Month,Mental,Mental Health Awareness Campaign,Attended,67,38.3,20,23.8,Wellness Kit
EVT00205,EMP027,Tech,05-01-2025,Mindfulness Month,Mental,Healthy Workforce Initiative,Attended,67,38.3,20,23.8,Wellness Kit
EVT00206,EMP059,Tech,05-01-2025,Mindfulness Month,Mental,Mental Health Awareness Campaign,Attended,67,38.3,20,23.8,Wellness Kit
EVT00207,EMP077,HR,05-01-2025,Mindfulness Month,Mental,Employee Engagement Drive,Attended,67,38.3,20,23.8,Wellness Kit
EVT00208,EMP118,Marketing,05-01-2025,Mindfulness Month,Mental,Mental Health Awareness Campaign,Attended,67,38.3,20,23.8,Wellness Kit
EVT00209,EMP129,Marketing,05-01-2025,Mindfulness Month,Mental,Healthy Workforce Initiative,Skipped,67,38.3,0,3.8,Gift Voucher
EVT00210,EMP032,Tech,05-01-2025,Mindfulness Month,Mental,Mental Health Awareness Campaign,Attended,67,38.3,20,23.8,Wellness Kit
EVT00211,EMP170,Operations,05-01-2025,Mindfulness Month,Mental,Employee Engagement Drive,Attended,67,38.3,20,23.8,Wellness Kit
EVT00212,EMP248,Sales,05-01-2025,Mindfulness Month,Mental,Wellness Month,Skipped,67,38.3,0,3.8,Gift Voucher
EVT00213,EMP167,Operations,05-01-2025,Mindfulness Month,Mental,Mental Health Awareness Campaign,Attended,67,38.3,20,23.8,Wellness Kit
EVT00214,EMP157,Finance,05-01-2025,Mindfulness Month,Mental,Healthy Workforce Initiative,Attended,67,38.3,20,23.8,Wellness Kit
EVT00215,EMP005,Tech,05-01-2025,Mindfulness Month,Mental,Mental Health Awareness Campaign,Attended,67,38.3,20,23.8,Wellness Kit
EVT00216,EMP209,Operations,05-01-2025,Mindfulness Month,Mental,Wellness Month,Attended,67,38.3,20,23.8,Wellness Kit
EVT00217,EMP101,Marketing,05-01-2025,Mindfulness Month,Mental,Employee Engagement Drive,Attended,67,38.3,20,23.8,Wellness Kit
EVT00218,EMP062,Tech,05-01-2025,Mindfulness Month,Mental,Employee Engagement Drive,Attended,67,38.3,20,23.8,Wellness Kit
EVT00219,EMP087,HR,05-01-2025,Mindfulness Month,Mental,Employee Engagement Drive,Skipped,67,38.3,0,3.8,Gift Voucher
EVT00220,EMP004,Tech,05-01-2025,Mindfulness Month,Mental,Wellness Month,Attended,67,38.3,20,23.8,Wellness Kit
EVT00221,EMP212,Sales,05-01-2025,Mindfulness Month,Mental,Mental Health Awareness Campaign,Attended,67,38.3,20,23.8,Wellness Kit
EVT00222,EMP102,Marketing,05-01-2025,Mindfulness Month,Mental,Mental Health Awareness Campaign,Attended,67,38.3,20,23.8,Wellness Kit
EVT00223,EMP198,Operations,05-01-2025,Mindfulness Month,Mental,Wellness Month,Skipped,67,38.3,0,3.8,Gift Voucher
EVT00224,EMP163,Finance,05-01-2025,Mindfulness Month,Mental,Wellness Month,Attended,67,38.3,20,23.8,Wellness Kit
EVT00225,EMP043,Tech,05-01-2025,Mindfulness Month,Mental,Healthy Workforce Initiative,Attended,67,38.3,20,23.8,Wellness Kit
EVT00226,EMP110,Marketing,05-01-2025,Mindfulness Month,Mental,Employee Engagement Drive,Skipped,67,38.3,0,3.8,Gift Voucher
EVT00227,EMP175,Operations,05-01-2025,Mindfulness Month,Mental,Healthy Workforce Initiative,Attended,67,38.3,20,23.8,Wellness Kit
EVT00228,EMP185,Operations,05-01-2025,Mindfulness Month,Mental,Wellness Month,Attended,67,38.3,20,23.8,Wellness Kit
EVT00229,EMP151,Finance,05-01-2025,Mindfulness Month,Mental,Healthy Workforce Initiative,Attended,67,38.3,20,23.8,Wellness Kit
EVT00230,EMP158,Finance,05-01-2025,Mindfulness Month,Mental,Wellness Month,Attended,67,38.3,20,23.8,Wellness Kit
EVT00231,EMP246,Sales,05-01-2025,Mindfulness Month,Mental,Employee Engagement Drive,Attended,67,38.3,20,23.8,Wellness Kit
EVT00232,EMP091,HR,05-01-2025,Mindfulness Month,Mental,Mental Health Awareness Campaign,Attended,67,38.3,20,23.8,Wellness Kit
EVT00233,EMP216,Sales,05-01-2025,Mindfulness Month,Mental,Mental Health Awareness Campaign,Attended,67,38.3,20,23.8,Wellness Kit
EVT00234,EMP037,Tech,05-01-2025,Mindfulness Month,Mental,Healthy Workforce Initiative,Attended,67,38.3,20,23.8,Wellness Kit
EVT00235,EMP082,HR,05-01-2025,Mindfulness Month,Mental,Wellness Month,Skipped,67,38.3,0,3.8,Gift Voucher
EVT00236,EMP137,Marketing,05-01-2025,Mindfulness Month,Mental,Healthy Workforce Initiative,Skipped,67,38.3,0,3.8,Gift Voucher
EVT00237,EMP119,Marketing,05-01-2025,Mindfulness Month,Mental,Mental Health Awareness Campaign,Skipped,67,38.3,0,3.8,Gift Voucher
EVT00238,EMP074,HR,05-01-2025,Mindfulness Month,Mental,Employee Engagement Drive,Attended,67,38.3,20,23.8,Wellness Kit
EVT00239,EMP008,Tech,05-01-2025,Mindfulness Month,Mental,Wellness Month,Attended,67,38.3,20,23.8,Wellness Kit
EVT00240,EMP064,Tech,05-01-2025,Mindfulness Month,Mental,Employee Engagement Drive,Attended,67,38.3,20,23.8,Wellness Kit
EVT00241,EMP113,Marketing,05-01-2025,Mindfulness Month,Mental,Wellness Month,Skipped,67,38.3,0,3.8,Gift Voucher
EVT00242,EMP247,Sales,05-01-2025,Mindfulness Month,Mental,Mental Health Awareness Campaign,Attended,67,38.3,20,23.8,Wellness Kit
EVT00243,EMP242,Sales,05-01-2025,Mindfulness Month,Mental,Healthy Workforce Initiative,Attended,67,38.3,20,23.8,Wellness Kit
EVT00244,EMP057,Tech,05-01-2025,Mindfulness Month,Mental,Mental Health Awareness Campaign,Attended,67,38.3,20,23.8,Wellness Kit
EVT00245,EMP028,Tech,05-01-2025,Mindfulness Month,Mental,Wellness Month,Attended,67,38.3,20,23.8,Wellness Kit
EVT00246,EMP152,Finance,05-01-2025,Mindfulness Month,Mental,Healthy Workforce Initiative,Attended,67,38.3,20,23.8,Wellness Kit
EVT00247,EMP107,Marketing,05-01-2025,Mindfulness Month,Mental,Wellness Month,Skipped,67,38.3,0,3.8,Gift Voucher
EVT00248,EMP018,Tech,05-01-2025,Mindfulness Month,Mental,Wellness Month,Attended,67,38.3,20,23.8,Wellness Kit
EVT00249,EMP208,Operations,05-01-2025,Mindfulness Month,Mental,Employee Engagement Drive,Skipped,67,38.3,0,3.8,Gift Voucher
EVT00250,EMP241,Sales,05-01-2025,Mindfulness Month,Mental,Mental Health Awareness Campaign,Skipped,67,38.3,0,3.8,Gift Voucher
EVT00251,EMP007,Tech,05-01-2025,Mindfulness Month,Mental,Wellness Month,Attended,67,38.3,20,23.8,Wellness Kit
EVT00252,EMP030,Tech,05-01-2025,Mindfulness Month,Mental,Wellness Month,Attended,67,38.3,20,23.8,Wellness Kit
EVT00253,EMP180,Operations,05-01-2025,Mindfulness Month,Mental,Wellness Month,Attended,67,38.3,20,23.8,Wellness Kit
EVT00254,EMP051,Tech,05-01-2025,Mindfulness Month,Mental,Employee Engagement Drive,Attended,67,38.3,20,23.8,Wellness Kit
EVT00255,EMP186,Operations,05-01-2025,Mindfulness Month,Mental,Wellness Month,Attended,67,38.3,20,23.8,Wellness Kit
EVT00256,EMP009,Tech,05-01-2025,Mindfulness Month,Mental,Healthy Workforce Initiative,Attended,67,38.3,20,23.8,Wellness Kit
EVT00257,EMP042,Tech,05-01-2025,Mindfulness Month,Mental,Employee Engagement Drive,Skipped,67,38.3,0,3.8,Gift Voucher
EVT00258,EMP069,Tech,05-01-2025,Mindfulness Month,Mental,Wellness Month,Attended,67,38.3,20,23.8,Wellness Kit
EVT00259,EMP026,Tech,05-01-2025,Mindfulness Month,Mental,Wellness Month,Attended,67,38.3,20,23.8,Wellness Kit
EVT00260,EMP055,Tech,05-01-2025,Mindfulness Month,Mental,Employee Engagement Drive,Skipped,67,38.3,0,3.8,Gift Voucher
EVT00261,EMP040,Tech,05-01-2025,Mindfulness Month,Mental,Wellness Month,Attended,67,38.3,20,23.8,Wellness Kit
EVT00262,EMP216,Sales,04-02-2025,Step Challenge,Fitness,Employee Engagement Drive,Attended,137,78.3,20,27.8,Wellness Kit
EVT00263,EMP085,HR,04-02-2025,Step Challenge,Fitness,Wellness Month,Attended,137,78.3,20,27.8,Wellness Kit
EVT00264,EMP248,Sales,04-02-2025,Step Challenge,Fitness,Healthy Workforce Initiative,Attended,137,78.3,20,27.8,Wellness Kit
EVT00265,EMP173,Operations,04-02-2025,Step Challenge,Fitness,Wellness Month,Attended,137,78.3,20,27.8,Wellness Kit
EVT00266,EMP174,Operations,04-02-2025,Step Challenge,Fitness,Healthy Workforce Initiative,Attended,137,78.3,20,27.8,Wellness Kit
EVT00267,EMP115,Marketing,04-02-2025,Step Challenge,Fitness,Employee Engagement Drive,Skipped,137,78.3,0,7.8,Gift Voucher
EVT00268,EMP105,Marketing,04-02-2025,Step Challenge,Fitness,Employee Engagement Drive,Attended,137,78.3,20,27.8,Wellness Kit
EVT00269,EMP193,Operations,04-02-2025,Step Challenge,Fitness,Healthy Workforce Initiative,Attended,137,78.3,20,27.8,Wellness Kit
EVT00270,EMP034,Tech,04-02-2025,Step Challenge,Fitness,Healthy Workforce Initiative,Attended,137,78.3,20,27.8,Wellness Kit
EVT00271,EMP093,HR,04-02-2025,Step Challenge,Fitness,Employee Engagement Drive,Attended,137,78.3,20,27.8,Wellness Kit
EVT00272,EMP104,Marketing,04-02-2025,Step Challenge,Fitness,Healthy Workforce Initiative,Attended,137,78.3,20,27.8,Wellness Kit
EVT00273,EMP220,Sales,04-02-2025,Step Challenge,Fitness,Wellness Month,Attended,137,78.3,20,27.8,Wellness Kit
EVT00274,EMP057,Tech,04-02-2025,Step Challenge,Fitness,Healthy Workforce Initiative,Attended,137,78.3,20,27.8,Wellness Kit
EVT00275,EMP010,Tech,04-02-2025,Step Challenge,Fitness,Wellness Month,Attended,137,78.3,20,27.8,Wellness Kit
EVT00276,EMP005,Tech,04-02-2025,Step Challenge,Fitness,Mental Health Awareness Campaign,Skipped,137,78.3,0,7.8,Gift Voucher
EVT00277,EMP087,HR,04-02-2025,Step Challenge,Fitness,Wellness Month,Attended,137,78.3,20,27.8,Wellness Kit
EVT00278,EMP092,HR,04-02-2025,Step Challenge,Fitness,Mental Health Awareness Campaign,Attended,137,78.3,20,27.8,Wellness Kit
EVT00279,EMP200,Operations,04-02-2025,Step Challenge,Fitness,Mental Health Awareness Campaign,Attended,137,78.3,20,27.8,Wellness Kit
EVT00280,EMP099,HR,04-02-2025,Step Challenge,Fitness,Wellness Month,Attended,137,78.3,20,27.8,Wellness Kit
EVT00281,EMP217,Sales,04-02-2025,Step Challenge,Fitness,Mental Health Awareness Campaign,Attended,137,78.3,20,27.8,Wellness Kit
EVT00282,EMP072,HR,04-02-2025,Step Challenge,Fitness,Wellness Month,Attended,137,78.3,20,27.8,Wellness Kit
EVT00283,EMP123,Marketing,04-02-2025,Step Challenge,Fitness,Healthy Workforce Initiative,Attended,137,78.3,20,27.8,Wellness Kit
EVT00284,EMP054,Tech,04-02-2025,Step Challenge,Fitness,Employee Engagement Drive,Skipped,137,78.3,0,7.8,Gift Voucher
EVT00285,EMP111,Marketing,04-02-2025,Step Challenge,Fitness,Mental Health Awareness Campaign,Attended,137,78.3,20,27.8,Wellness Kit
EVT00286,EMP163,Finance,04-02-2025,Step Challenge,Fitness,Employee Engagement Drive,Attended,137,78.3,20,27.8,Wellness Kit
EVT00287,EMP023,Tech,04-02-2025,Step Challenge,Fitness,Employee Engagement Drive,Attended,137,78.3,20,27.8,Wellness Kit
EVT00288,EMP232,Sales,04-02-2025,Step Challenge,Fitness,Mental Health Awareness Campaign,Skipped,137,78.3,0,7.8,Gift Voucher
EVT00289,EMP181,Operations,04-02-2025,Step Challenge,Fitness,Wellness Month,Attended,137,78.3,20,27.8,Wellness Kit
EVT00290,EMP119,Marketing,04-02-2025,Step Challenge,Fitness,Healthy Workforce Initiative,Attended,137,78.3,20,27.8,Wellness Kit
EVT00291,EMP201,Operations,04-02-2025,Step Challenge,Fitness,Wellness Month,Attended,137,78.3,20,27.8,Wellness Kit
EVT00292,EMP109,Marketing,04-02-2025,Step Challenge,Fitness,Employee Engagement Drive,Attended,137,78.3,20,27.8,Wellness Kit
EVT00293,EMP171,Operations,04-02-2025,Step Challenge,Fitness,Employee Engagement Drive,Skipped,137,78.3,0,7.8,Gift Voucher
EVT00294,EMP083,HR,04-02-2025,Step Challenge,Fitness,Mental Health Awareness Campaign,Skipped,137,78.3,0,7.8,Gift Voucher
EVT00295,EMP015,Tech,04-02-2025,Step Challenge,Fitness,Wellness Month,Attended,137,78.3,20,27.8,Wellness Kit
EVT00296,EMP143,Finance,04-02-2025,Step Challenge,Fitness,Mental Health Awareness Campaign,Attended,137,78.3,20,27.8,Wellness Kit
EVT00297,EMP133,Marketing,04-02-2025,Step Challenge,Fitness,Employee Engagement Drive,Attended,137,78.3,20,27.8,Wellness Kit
EVT00298,EMP247,Sales,04-02-2025,Step Challenge,Fitness,Healthy Workforce Initiative,Attended,137,78.3,20,27.8,Wellness Kit
EVT00299,EMP139,Marketing,04-02-2025,Step Challenge,Fitness,Employee Engagement Drive,Skipped,137,78.3,0,7.8,Gift Voucher
EVT00300,EMP142,Finance,04-02-2025,Step Challenge,Fitness,Mental Health Awareness Campaign,Skipped,137,78.3,0,7.8,Gift Voucher
EVT00301,EMP239,Sales,04-02-2025,Step Challenge,Fitness,Employee Engagement Drive,Attended,137,78.3,20,27.8,Wellness Kit
EVT00302,EMP189,Operations,04-02-2025,Step Challenge,Fitness,Wellness Month,Attended,137,78.3,20,27.8,Wellness Kit
EVT00303,EMP229,Sales,04-02-2025,Step Challenge,Fitness,Mental Health Awareness Campaign,Attended,137,78.3,20,27.8,Wellness Kit
EVT00304,EMP235,Sales,04-02-2025,Step Challenge,Fitness,Mental Health Awareness Campaign,Attended,137,78.3,20,27.8,Wellness Kit
EVT00305,EMP096,HR,04-02-2025,Step Challenge,Fitness,Healthy Workforce Initiative,Attended,137,78.3,20,27.8,Wellness Kit
EVT00306,EMP233,Sales,04-02-2025,Step Challenge,Fitness,Wellness Month,Attended,137,78.3,20,27.8,Wellness Kit
EVT00307,EMP207,Operations,04-02-2025,Step Challenge,Fitness,Mental Health Awareness Campaign,Skipped,137,78.3,0,7.8,Gift Voucher
EVT00308,EMP009,Tech,04-02-2025,Step Challenge,Fitness,Wellness Month,Attended,137,78.3,20,27.8,Wellness Kit
EVT00309,EMP079,HR,04-02-2025,Step Challenge,Fitness,Healthy Workforce Initiative,Attended,137,78.3,20,27.8,Wellness Kit
EVT00310,EMP084,HR,04-02-2025,Step Challenge,Fitness,Healthy Workforce Initiative,Attended,137,78.3,20,27.8,Wellness Kit
EVT00311,EMP131,Marketing,04-02-2025,Step Challenge,Fitness,Healthy Workforce Initiative,Attended,137,78.3,20,27.8,Wellness Kit
EVT00312,EMP091,HR,04-02-2025,Step Challenge,Fitness,Wellness Month,Skipped,137,78.3,0,7.8,Gift Voucher
EVT00313,EMP007,Tech,04-02-2025,Step Challenge,Fitness,Healthy Workforce Initiative,Skipped,137,78.3,0,7.8,Gift Voucher
EVT00314,EMP140,Marketing,04-02-2025,Step Challenge,Fitness,Healthy Workforce Initiative,Attended,137,78.3,20,27.8,Wellness Kit
EVT00315,EMP068,Tech,04-02-2025,Step Challenge,Fitness,Healthy Workforce Initiative,Skipped,137,78.3,0,7.8,Gift Voucher
EVT00316,EMP066,Tech,04-02-2025,Step Challenge,Fitness,Employee Engagement Drive,Attended,137,78.3,20,27.8,Wellness Kit
EVT00317,EMP080,HR,04-02-2025,Step Challenge,Fitness,Mental Health Awareness Campaign,Skipped,137,78.3,0,7.8,Gift Voucher
EVT00318,EMP156,Finance,04-02-2025,Step Challenge,Fitness,Wellness Month,Attended,137,78.3,20,27.8,Wellness Kit
EVT00319,EMP077,HR,04-02-2025,Step Challenge,Fitness,Healthy Workforce Initiative,Attended,137,78.3,20,27.8,Wellness Kit
EVT00320,EMP036,Tech,04-02-2025,Step Challenge,Fitness,Healthy Workforce Initiative,Skipped,137,78.3,0,7.8,Gift Voucher
EVT00321,EMP211,Sales,04-02-2025,Step Challenge,Fitness,Healthy Workforce Initiative,Attended,137,78.3,20,27.8,Wellness Kit
EVT00322,EMP195,Operations,04-02-2025,Step Challenge,Fitness,Healthy Workforce Initiative,Skipped,137,78.3,0,7.8,Gift Voucher
EVT00323,EMP081,HR,04-02-2025,Step Challenge,Fitness,Employee Engagement Drive,Attended,137,78.3,20,27.8,Wellness Kit
EVT00324,EMP042,Tech,04-02-2025,Step Challenge,Fitness,Wellness Month,Attended,137,78.3,20,27.8,Wellness Kit
EVT00325,EMP019,Tech,04-02-2025,Step Challenge,Fitness,Mental Health Awareness Campaign,Attended,137,78.3,20,27.8,Wellness Kit
EVT00326,EMP113,Marketing,04-02-2025,Step Challenge,Fitness,Healthy Workforce Initiative,Skipped,137,78.3,0,7.8,Gift Voucher
EVT00327,EMP238,Sales,04-02-2025,Step Challenge,Fitness,Mental Health Awareness Campaign,Attended,137,78.3,20,27.8,Wellness Kit
EVT00328,EMP022,Tech,04-02-2025,Step Challenge,Fitness,Wellness Month,Skipped,137,78.3,0,7.8,Gift Voucher
EVT00329,EMP065,Tech,04-02-2025,Step Challenge,Fitness,Mental Health Awareness Campaign,Skipped,137,78.3,0,7.8,Gift Voucher
EVT00330,EMP175,Operations,04-02-2025,Step Challenge,Fitness,Mental Health Awareness Campaign,Skipped,137,78.3,0,7.8,Gift Voucher
EVT00331,EMP095,HR,04-02-2025,Step Challenge,Fitness,Mental Health Awareness Campaign,Attended,137,78.3,20,27.8,Wellness Kit
EVT00332,EMP108,Marketing,04-02-2025,Step Challenge,Fitness,Employee Engagement Drive,Attended,137,78.3,20,27.8,Wellness Kit
EVT00333,EMP154,Finance,04-02-2025,Step Challenge,Fitness,Employee Engagement Drive,Attended,137,78.3,20,27.8,Wellness Kit
EVT00334,EMP231,Sales,04-02-2025,Step Challenge,Fitness,Mental Health Awareness Campaign,Skipped,137,78.3,0,7.8,Gift Voucher
EVT00335,EMP004,Tech,04-02-2025,Step Challenge,Fitness,Wellness Month,Attended,137,78.3,20,27.8,Wellness Kit
EVT00336,EMP059,Tech,04-02-2025,Step Challenge,Fitness,Healthy Workforce Initiative,Attended,137,78.3,20,27.8,Wellness Kit
EVT00337,EMP014,Tech,04-02-2025,Step Challenge,Fitness,Wellness Month,Attended,137,78.3,20,27.8,Wellness Kit
EVT00338,EMP242,Sales,04-02-2025,Step Challenge,Fitness,Employee Engagement Drive,Attended,137,78.3,20,27.8,Wellness Kit
EVT00339,EMP064,Tech,04-02-2025,Step Challenge,Fitness,Wellness Month,Attended,137,78.3,20,27.8,Wellness Kit
EVT00340,EMP176,Operations,04-02-2025,Step Challenge,Fitness,Employee Engagement Drive,Skipped,137,78.3,0,7.8,Gift Voucher
EVT00341,EMP219,Sales,04-02-2025,Step Challenge,Fitness,Employee Engagement Drive,Attended,137,78.3,20,27.8,Wellness Kit
EVT00342,EMP135,Marketing,04-02-2025,Step Challenge,Fitness,Employee Engagement Drive,Attended,137,78.3,20,27.8,Wellness Kit
EVT00343,EMP184,Operations,04-02-2025,Step Challenge,Fitness,Mental Health Awareness Campaign,Skipped,137,78.3,0,7.8,Gift Voucher
EVT00344,EMP130,Marketing,04-02-2025,Step Challenge,Fitness,Employee Engagement Drive,Skipped,137,78.3,0,7.8,Gift Voucher
EVT00345,EMP136,Marketing,04-02-2025,Step Challenge,Fitness,Healthy Workforce Initiative,Attended,137,78.3,20,27.8,Wellness Kit
EVT00346,EMP035,Tech,04-02-2025,Step Challenge,Fitness,Employee Engagement Drive,Attended,137,78.3,20,27.8,Wellness Kit
EVT00347,EMP074,HR,04-02-2025,Step Challenge,Fitness,Mental Health Awareness Campaign,Attended,137,78.3,20,27.8,Wellness Kit
EVT00348,EMP202,Operations,04-02-2025,Step Challenge,Fitness,Mental Health Awareness Campaign,Attended,137,78.3,20,27.8,Wellness Kit
EVT00349,EMP118,Marketing,04-02-2025,Step Challenge,Fitness,Healthy Workforce Initiative,Skipped,137,78.3,0,7.8,Gift Voucher
EVT00350,EMP001,Tech,04-02-2025,Step Challenge,Fitness,Healthy Workforce Initiative,Attended,137,78.3,20,27.8,Wellness Kit
EVT00351,EMP170,Operations,04-02-2025,Step Challenge,Fitness,Healthy Workforce Initiative,Attended,137,78.3,20,27.8,Wellness Kit
EVT00352,EMP179,Operations,04-02-2025,Step Challenge,Fitness,Healthy Workforce Initiative,Attended,137,78.3,20,27.8,Wellness Kit
EVT00353,EMP198,Operations,04-02-2025,Step Challenge,Fitness,Employee Engagement Drive,Attended,137,78.3,20,27.8,Wellness Kit
EVT00354,EMP030,Tech,04-02-2025,Step Challenge,Fitness,Mental Health Awareness Campaign,Attended,137,78.3,20,27.8,Wellness Kit
EVT00355,EMP102,Marketing,04-02-2025,Step Challenge,Fitness,Employee Engagement Drive,Attended,137,78.3,20,27.8,Wellness Kit
EVT00356,EMP212,Sales,04-02-2025,Step Challenge,Fitness,Wellness Month,Attended,137,78.3,20,27.8,Wellness Kit
EVT00357,EMP018,Tech,04-02-2025,Step Challenge,Fitness,Healthy Workforce Initiative,Attended,137,78.3,20,27.8,Wellness Kit
EVT00358,EMP194,Operations,04-02-2025,Step Challenge,Fitness,Wellness Month,Attended,137,78.3,20,27.8,Wellness Kit
EVT00359,EMP241,Sales,04-02-2025,Step Challenge,Fitness,Mental Health Awareness Campaign,Attended,137,78.3,20,27.8,Wellness Kit
EVT00360,EMP145,Finance,04-02-2025,Step Challenge,Fitness,Mental Health Awareness Campaign,Attended,137,78.3,20,27.8,Wellness Kit
EVT00361,EMP103,Marketing,04-02-2025,Step Challenge,Fitness,Employee Engagement Drive,Attended,137,78.3,20,27.8,Wellness Kit
EVT00362,EMP003,Tech,04-02-2025,Step Challenge,Fitness,Healthy Workforce Initiative,Skipped,137,78.3,0,7.8,Gift Voucher
EVT00363,EMP246,Sales,04-02-2025,Step Challenge,Fitness,Employee Engagement Drive,Attended,137,78.3,20,27.8,Wellness Kit
EVT00364,EMP213,Sales,04-02-2025,Step Challenge,Fitness,Employee Engagement Drive,Attended,137,78.3,20,27.8,Wellness Kit
EVT00365,EMP041,Tech,04-02-2025,Step Challenge,Fitness,Mental Health Awareness Campaign,Attended,137,78.3,20,27.8,Wellness Kit
EVT00366,EMP168,Operations,04-02-2025,Step Challenge,Fitness,Healthy Workforce Initiative,Attended,137,78.3,20,27.8,Wellness Kit
EVT00367,EMP021,Tech,04-02-2025,Step Challenge,Fitness,Mental Health Awareness Campaign,Attended,137,78.3,20,27.8,Wellness Kit
EVT00368,EMP155,Finance,04-02-2025,Step Challenge,Fitness,Employee Engagement Drive,Attended,137,78.3,20,27.8,Wellness Kit
EVT00369,EMP134,Marketing,04-02-2025,Step Challenge,Fitness,Healthy Workforce Initiative,Attended,137,78.3,20,27.8,Wellness Kit
EVT00370,EMP244,Sales,04-02-2025,Step Challenge,Fitness,Healthy Workforce Initiative,Skipped,137,78.3,0,7.8,Gift Voucher
EVT00371,EMP126,Marketing,04-02-2025,Step Challenge,Fitness,Mental Health Awareness Campaign,Attended,137,78.3,20,27.8,Wellness Kit
EVT00372,EMP203,Operations,04-02-2025,Step Challenge,Fitness,Healthy Workforce Initiative,Skipped,137,78.3,0,7.8,Gift Voucher
EVT00373,EMP138,Marketing,04-02-2025,Step Challenge,Fitness,Mental Health Awareness Campaign,Attended,137,78.3,20,27.8,Wellness Kit
EVT00374,EMP153,Finance,04-02-2025,Step Challenge,Fitness,Mental Health Awareness Campaign,Attended,137,78.3,20,27.8,Wellness Kit
EVT00375,EMP086,HR,04-02-2025,Step Challenge,Fitness,Wellness Month,Attended,137,78.3,20,27.8,Wellness Kit
EVT00376,EMP141,Finance,04-02-2025,Step Challenge,Fitness,Mental Health Awareness Campaign,Attended,137,78.3,20,27.8,Wellness Kit
EVT00377,EMP159,Finance,04-02-2025,Step Challenge,Fitness,Employee Engagement Drive,Attended,137,78.3,20,27.8,Wellness Kit
EVT00378,EMP100,HR,04-02-2025,Step Challenge,Fitness,Mental Health Awareness Campaign,Attended,137,78.3,20,27.8,Wellness Kit
EVT00379,EMP183,Operations,04-02-2025,Step Challenge,Fitness,Mental Health Awareness Campaign,Attended,137,78.3,20,27.8,Wellness Kit
EVT00380,EMP204,Operations,04-02-2025,Step Challenge,Fitness,Mental Health Awareness Campaign,Attended,137,78.3,20,27.8,Wellness Kit
EVT00381,EMP045,Tech,04-02-2025,Step Challenge,Fitness,Mental Health Awareness Campaign,Attended,137,78.3,20,27.8,Wellness Kit
EVT00382,EMP218,Sales,04-02-2025,Step Challenge,Fitness,Employee Engagement Drive,Skipped,137,78.3,0,7.8,Gift Voucher
EVT00383,EMP158,Finance,04-02-2025,Step Challenge,Fitness,Healthy Workforce Initiative,Attended,137,78.3,20,27.8,Wellness Kit
EVT00384,EMP214,Sales,04-02-2025,Step Challenge,Fitness,Wellness Month,Attended,137,78.3,20,27.8,Wellness Kit
EVT00385,EMP148,Finance,04-02-2025,Step Challenge,Fitness,Wellness Month,Skipped,137,78.3,0,7.8,Gift Voucher
EVT00386,EMP098,HR,04-02-2025,Step Challenge,Fitness,Employee Engagement Drive,Attended,137,78.3,20,27.8,Wellness Kit
EVT00387,EMP033,Tech,04-02-2025,Step Challenge,Fitness,Healthy Workforce Initiative,Attended,137,78.3,20,27.8,Wellness Kit
EVT00388,EMP082,HR,04-02-2025,Step Challenge,Fitness,Mental Health Awareness Campaign,Attended,137,78.3,20,27.8,Wellness Kit
EVT00389,EMP125,Marketing,04-02-2025,Step Challenge,Fitness,Employee Engagement Drive,Attended,137,78.3,20,27.8,Wellness Kit
EVT00390,EMP107,Marketing,04-02-2025,Step Challenge,Fitness,Healthy Workforce Initiative,Attended,137,78.3,20,27.8,Wellness Kit
EVT00391,EMP037,Tech,04-02-2025,Step Challenge,Fitness,Healthy Workforce Initiative,Attended,137,78.3,20,27.8,Wellness Kit
EVT00392,EMP249,Sales,04-02-2025,Step Challenge,Fitness,Employee Engagement Drive,Attended,137,78.3,20,27.8,Wellness Kit
EVT00393,EMP029,Tech,04-02-2025,Step Challenge,Fitness,Mental Health Awareness Campaign,Attended,137,78.3,20,27.8,Wellness Kit
EVT00394,EMP078,HR,04-02-2025,Step Challenge,Fitness,Healthy Workforce Initiative,Attended,137,78.3,20,27.8,Wellness Kit
EVT00395,EMP177,Operations,04-02-2025,Step Challenge,Fitness,Mental Health Awareness Campaign,Attended,137,78.3,20,27.8,Wellness Kit
EVT00396,EMP069,Tech,04-02-2025,Step Challenge,Fitness,Employee Engagement Drive,Attended,137,78.3,20,27.8,Wellness Kit
EVT00397,EMP227,Sales,04-02-2025,Step Challenge,Fitness,Mental Health Awareness Campaign,Attended,137,78.3,20,27.8,Wellness Kit
EVT00398,EMP132,Marketing,04-02-2025,Step Challenge,Fitness,Healthy Workforce Initiative,Attended,137,78.3,20,27.8,Wellness Kit
EVT00399,EMP190,Operations,09-02-2025,Mindfulness Month,Mental,Healthy Workforce Initiative,Attended,98,56,20,25.6,Wellness Kit
EVT00400,EMP209,Operations,09-02-2025,Mindfulness Month,Mental,Wellness Month,Skipped,98,56,0,5.6,Gift Voucher
EVT00401,EMP250,Sales,09-02-2025,Mindfulness Month,Mental,Employee Engagement Drive,Attended,98,56,20,25.6,Wellness Kit
EVT00402,EMP098,HR,09-02-2025,Mindfulness Month,Mental,Employee Engagement Drive,Attended,98,56,20,25.6,Wellness Kit
EVT00403,EMP240,Sales,09-02-2025,Mindfulness Month,Mental,Mental Health Awareness Campaign,Attended,98,56,20,25.6,Wellness Kit
EVT00404,EMP091,HR,09-02-2025,Mindfulness Month,Mental,Healthy Workforce Initiative,Skipped,98,56,0,5.6,Gift Voucher
EVT00405,EMP021,Tech,09-02-2025,Mindfulness Month,Mental,Mental Health Awareness Campaign,Attended,98,56,20,25.6,Wellness Kit
EVT00406,EMP244,Sales,09-02-2025,Mindfulness Month,Mental,Employee Engagement Drive,Attended,98,56,20,25.6,Wellness Kit
EVT00407,EMP155,Finance,09-02-2025,Mindfulness Month,Mental,Mental Health Awareness Campaign,Attended,98,56,20,25.6,Wellness Kit
EVT00408,EMP003,Tech,09-02-2025,Mindfulness Month,Mental,Mental Health Awareness Campaign,Attended,98,56,20,25.6,Wellness Kit
EVT00409,EMP162,Finance,09-02-2025,Mindfulness Month,Mental,Employee Engagement Drive,Attended,98,56,20,25.6,Wellness Kit
EVT00410,EMP248,Sales,09-02-2025,Mindfulness Month,Mental,Healthy Workforce Initiative,Attended,98,56,20,25.6,Wellness Kit
EVT00411,EMP011,Tech,09-02-2025,Mindfulness Month,Mental,Mental Health Awareness Campaign,Skipped,98,56,0,5.6,Gift Voucher
EVT00412,EMP197,Operations,09-02-2025,Mindfulness Month,Mental,Healthy Workforce Initiative,Attended,98,56,20,25.6,Wellness Kit
EVT00413,EMP113,Marketing,09-02-2025,Mindfulness Month,Mental,Mental Health Awareness Campaign,Skipped,98,56,0,5.6,Gift Voucher
EVT00414,EMP013,Tech,09-02-2025,Mindfulness Month,Mental,Healthy Workforce Initiative,Skipped,98,56,0,5.6,Gift Voucher
EVT00415,EMP015,Tech,09-02-2025,Mindfulness Month,Mental,Wellness Month,Attended,98,56,20,25.6,Wellness Kit
EVT00416,EMP081,HR,09-02-2025,Mindfulness Month,Mental,Healthy Workforce Initiative,Skipped,98,56,0,5.6,Gift Voucher
EVT00417,EMP170,Operations,09-02-2025,Mindfulness Month,Mental,Mental Health Awareness Campaign,Attended,98,56,20,25.6,Wellness Kit
EVT00418,EMP093,HR,09-02-2025,Mindfulness Month,Mental,Healthy Workforce Initiative,Attended,98,56,20,25.6,Wellness Kit
EVT00419,EMP065,Tech,09-02-2025,Mindfulness Month,Mental,Wellness Month,Skipped,98,56,0,5.6,Gift Voucher
EVT00420,EMP109,Marketing,09-02-2025,Mindfulness Month,Mental,Employee Engagement Drive,Attended,98,56,20,25.6,Wellness Kit
EVT00421,EMP104,Marketing,09-02-2025,Mindfulness Month,Mental,Healthy Workforce Initiative,Attended,98,56,20,25.6,Wellness Kit
EVT00422,EMP071,HR,09-02-2025,Mindfulness Month,Mental,Mental Health Awareness Campaign,Attended,98,56,20,25.6,Wellness Kit
EVT00423,EMP037,Tech,09-02-2025,Mindfulness Month,Mental,Mental Health Awareness Campaign,Attended,98,56,20,25.6,Wellness Kit
EVT00424,EMP136,Marketing,09-02-2025,Mindfulness Month,Mental,Healthy Workforce Initiative,Skipped,98,56,0,5.6,Gift Voucher
EVT00425,EMP185,Operations,09-02-2025,Mindfulness Month,Mental,Wellness Month,Skipped,98,56,0,5.6,Gift Voucher
EVT00426,EMP054,Tech,09-02-2025,Mindfulness Month,Mental,Healthy Workforce Initiative,Attended,98,56,20,25.6,Wellness Kit
EVT00427,EMP078,HR,09-02-2025,Mindfulness Month,Mental,Wellness Month,Attended,98,56,20,25.6,Wellness Kit
EVT00428,EMP018,Tech,09-02-2025,Mindfulness Month,Mental,Employee Engagement Drive,Attended,98,56,20,25.6,Wellness Kit
EVT00429,EMP010,Tech,09-02-2025,Mindfulness Month,Mental,Mental Health Awareness Campaign,Attended,98,56,20,25.6,Wellness Kit
EVT00430,EMP089,HR,09-02-2025,Mindfulness Month,Mental,Mental Health Awareness Campaign,Attended,98,56,20,25.6,Wellness Kit
EVT00431,EMP196,Operations,09-02-2025,Mindfulness Month,Mental,Healthy Workforce Initiative,Attended,98,56,20,25.6,Wellness Kit
EVT00432,EMP036,Tech,09-02-2025,Mindfulness Month,Mental,Mental Health Awareness Campaign,Attended,98,56,20,25.6,Wellness Kit
EVT00433,EMP051,Tech,09-02-2025,Mindfulness Month,Mental,Wellness Month,Attended,98,56,20,25.6,Wellness Kit
EVT00434,EMP090,HR,09-02-2025,Mindfulness Month,Mental,Wellness Month,Attended,98,56,20,25.6,Wellness Kit
EVT00435,EMP075,HR,09-02-2025,Mindfulness Month,Mental,Employee Engagement Drive,Attended,98,56,20,25.6,Wellness Kit
EVT00436,EMP134,Marketing,09-02-2025,Mindfulness Month,Mental,Healthy Workforce Initiative,Attended,98,56,20,25.6,Wellness Kit
EVT00437,EMP066,Tech,09-02-2025,Mindfulness Month,Mental,Healthy Workforce Initiative,Attended,98,56,20,25.6,Wellness Kit
EVT00438,EMP046,Tech,09-02-2025,Mindfulness Month,Mental,Healthy Workforce Initiative,Skipped,98,56,0,5.6,Gift Voucher
EVT00439,EMP115,Marketing,09-02-2025,Mindfulness Month,Mental,Employee Engagement Drive,Skipped,98,56,0,5.6,Gift Voucher
EVT00440,EMP032,Tech,09-02-2025,Mindfulness Month,Mental,Mental Health Awareness Campaign,Skipped,98,56,0,5.6,Gift Voucher
EVT00441,EMP020,Tech,09-02-2025,Mindfulness Month,Mental,Mental Health Awareness Campaign,Attended,98,56,20,25.6,Wellness Kit
EVT00442,EMP001,Tech,09-02-2025,Mindfulness Month,Mental,Employee Engagement Drive,Skipped,98,56,0,5.6,Gift Voucher
EVT00443,EMP092,HR,09-02-2025,Mindfulness Month,Mental,Wellness Month,Attended,98,56,20,25.6,Wellness Kit
EVT00444,EMP024,Tech,09-02-2025,Mindfulness Month,Mental,Wellness Month,Attended,98,56,20,25.6,Wellness Kit
EVT00445,EMP073,HR,09-02-2025,Mindfulness Month,Mental,Healthy Workforce Initiative,Attended,98,56,20,25.6,Wellness Kit
EVT00446,EMP140,Marketing,09-02-2025,Mindfulness Month,Mental,Healthy Workforce Initiative,Attended,98,56,20,25.6,Wellness Kit
EVT00447,EMP171,Operations,09-02-2025,Mindfulness Month,Mental,Wellness Month,Attended,98,56,20,25.6,Wellness Kit
EVT00448,EMP033,Tech,09-02-2025,Mindfulness Month,Mental,Mental Health Awareness Campaign,Attended,98,56,20,25.6,Wellness Kit
EVT00449,EMP045,Tech,09-02-2025,Mindfulness Month,Mental,Healthy Workforce Initiative,Attended,98,56,20,25.6,Wellness Kit
EVT00450,EMP183,Operations,09-02-2025,Mindfulness Month,Mental,Wellness Month,Attended,98,56,20,25.6,Wellness Kit
EVT00451,EMP138,Marketing,09-02-2025,Mindfulness Month,Mental,Healthy Workforce Initiative,Attended,98,56,20,25.6,Wellness Kit
EVT00452,EMP204,Operations,09-02-2025,Mindfulness Month,Mental,Healthy Workforce Initiative,Attended,98,56,20,25.6,Wellness Kit
EVT00453,EMP202,Operations,09-02-2025,Mindfulness Month,Mental,Wellness Month,Attended,98,56,20,25.6,Wellness Kit
EVT00454,EMP214,Sales,09-02-2025,Mindfulness Month,Mental,Mental Health Awareness Campaign,Attended,98,56,20,25.6,Wellness Kit
EVT00455,EMP064,Tech,09-02-2025,Mindfulness Month,Mental,Employee Engagement Drive,Attended,98,56,20,25.6,Wellness Kit
EVT00456,EMP172,Operations,09-02-2025,Mindfulness Month,Mental,Mental Health Awareness Campaign,Skipped,98,56,0,5.6,Gift Voucher
EVT00457,EMP195,Operations,09-02-2025,Mindfulness Month,Mental,Wellness Month,Skipped,98,56,0,5.6,Gift Voucher
EVT00458,EMP189,Operations,09-02-2025,Mindfulness Month,Mental,Employee Engagement Drive,Attended,98,56,20,25.6,Wellness Kit
EVT00459,EMP175,Operations,09-02-2025,Mindfulness Month,Mental,Wellness Month,Attended,98,56,20,25.6,Wellness Kit
EVT00460,EMP027,Tech,09-02-2025,Mindfulness Month,Mental,Healthy Workforce Initiative,Attended,98,56,20,25.6,Wellness Kit
EVT00461,EMP165,Finance,09-02-2025,Mindfulness Month,Mental,Wellness Month,Skipped,98,56,0,5.6,Gift Voucher
EVT00462,EMP122,Marketing,09-02-2025,Mindfulness Month,Mental,Employee Engagement Drive,Attended,98,56,20,25.6,Wellness Kit
EVT00463,EMP226,Sales,09-02-2025,Mindfulness Month,Mental,Healthy Workforce Initiative,Attended,98,56,20,25.6,Wellness Kit
EVT00464,EMP124,Marketing,09-02-2025,Mindfulness Month,Mental,Employee Engagement Drive,Attended,98,56,20,25.6,Wellness Kit
EVT00465,EMP144,Finance,09-02-2025,Mindfulness Month,Mental,Wellness Month,Attended,98,56,20,25.6,Wellness Kit
EVT00466,EMP069,Tech,09-02-2025,Mindfulness Month,Mental,Wellness Month,Attended,98,56,20,25.6,Wellness Kit
EVT00467,EMP249,Sales,09-02-2025,Mindfulness Month,Mental,Employee Engagement Drive,Attended,98,56,20,25.6,Wellness Kit
EVT00468,EMP241,Sales,09-02-2025,Mindfulness Month,Mental,Healthy Workforce Initiative,Attended,98,56,20,25.6,Wellness Kit
EVT00469,EMP017,Tech,09-02-2025,Mindfulness Month,Mental,Wellness Month,Attended,98,56,20,25.6,Wellness Kit
EVT00470,EMP107,Marketing,09-02-2025,Mindfulness Month,Mental,Wellness Month,Attended,98,56,20,25.6,Wellness Kit
EVT00471,EMP200,Operations,09-02-2025,Mindfulness Month,Mental,Employee Engagement Drive,Attended,98,56,20,25.6,Wellness Kit
EVT00472,EMP035,Tech,09-02-2025,Mindfulness Month,Mental,Healthy Workforce Initiative,Attended,98,56,20,25.6,Wellness Kit
EVT00473,EMP230,Sales,09-02-2025,Mindfulness Month,Mental,Wellness Month,Skipped,98,56,0,5.6,Gift Voucher
EVT00474,EMP166,Operations,09-02-2025,Mindfulness Month,Mental,Healthy Workforce Initiative,Attended,98,56,20,25.6,Wellness Kit
EVT00475,EMP146,Finance,09-02-2025,Mindfulness Month,Mental,Mental Health Awareness Campaign,Attended,98,56,20,25.6,Wellness Kit
EVT00476,EMP050,Tech,09-02-2025,Mindfulness Month,Mental,Healthy Workforce Initiative,Attended,98,56,20,25.6,Wellness Kit
EVT00477,EMP103,Marketing,09-02-2025,Mindfulness Month,Mental,Healthy Workforce Initiative,Attended,98,56,20,25.6,Wellness Kit
EVT00478,EMP143,Finance,09-02-2025,Mindfulness Month,Mental,Healthy Workforce Initiative,Attended,98,56,20,25.6,Wellness Kit
EVT00479,EMP041,Tech,09-02-2025,Mindfulness Month,Mental,Employee Engagement Drive,Attended,98,56,20,25.6,Wellness Kit
EVT00480,EMP120,Marketing,09-02-2025,Mindfulness Month,Mental,Healthy Workforce Initiative,Attended,98,56,20,25.6,Wellness Kit
EVT00481,EMP111,Marketing,09-02-2025,Mindfulness Month,Mental,Wellness Month,Attended,98,56,20,25.6,Wellness Kit
EVT00482,EMP239,Sales,09-02-2025,Mindfulness Month,Mental,Employee Engagement Drive,Attended,98,56,20,25.6,Wellness Kit
EVT00483,EMP077,HR,09-02-2025,Mindfulness Month,Mental,Mental Health Awareness Campaign,Attended,98,56,20,25.6,Wellness Kit
EVT00484,EMP062,Tech,09-02-2025,Mindfulness Month,Mental,Healthy Workforce Initiative,Skipped,98,56,0,5.6,Gift Voucher
EVT00485,EMP042,Tech,09-02-2025,Mindfulness Month,Mental,Mental Health Awareness Campaign,Skipped,98,56,0,5.6,Gift Voucher
EVT00486,EMP238,Sales,09-02-2025,Mindfulness Month,Mental,Healthy Workforce Initiative,Attended,98,56,20,25.6,Wellness Kit
EVT00487,EMP225,Sales,09-02-2025,Mindfulness Month,Mental,Mental Health Awareness Campaign,Attended,98,56,20,25.6,Wellness Kit
EVT00488,EMP080,HR,09-02-2025,Mindfulness Month,Mental,Healthy Workforce Initiative,Attended,98,56,20,25.6,Wellness Kit
EVT00489,EMP236,Sales,09-02-2025,Mindfulness Month,Mental,Wellness Month,Attended,98,56,20,25.6,Wellness Kit
EVT00490,EMP130,Marketing,09-02-2025,Mindfulness Month,Mental,Mental Health Awareness Campaign,Skipped,98,56,0,5.6,Gift Voucher
EVT00491,EMP060,Tech,09-02-2025,Mindfulness Month,Mental,Wellness Month,Skipped,98,56,0,5.6,Gift Voucher
EVT00492,EMP118,Marketing,09-02-2025,Mindfulness Month,Mental,Healthy Workforce Initiative,Skipped,98,56,0,5.6,Gift Voucher
EVT00493,EMP016,Tech,09-02-2025,Mindfulness Month,Mental,Healthy Workforce Initiative,Skipped,98,56,0,5.6,Gift Voucher
EVT00494,EMP158,Finance,09-02-2025,Mindfulness Month,Mental,Healthy Workforce Initiative,Attended,98,56,20,25.6,Wellness Kit
EVT00495,EMP110,Marketing,09-02-2025,Mindfulness Month,Mental,Wellness Month,Skipped,98,56,0,5.6,Gift Voucher
EVT00496,EMP151,Finance,09-02-2025,Mindfulness Month,Mental,Healthy Workforce Initiative,Skipped,98,56,0,5.6,Gift Voucher
EVT00497,EMP034,Tech,18-02-2025,Creative Workshop,Creative,Wellness Month,Attended,100,57.1,10,15.7,Gift Voucher
EVT00498,EMP203,Operations,18-02-2025,Creative Workshop,Creative,Wellness Month,Attended,100,57.1,10,15.7,Gift Voucher
EVT00499,EMP227,Sales,18-02-2025,Creative Workshop,Creative,Wellness Month,Attended,100,57.1,10,15.7,Gift Voucher
EVT00500,EMP232,Sales,18-02-2025,Creative Workshop,Creative,Employee Engagement Drive,Skipped,100,57.1,0,5.7,Gift Voucher
EVT00501,EMP050,Tech,18-02-2025,Creative Workshop,Creative,Healthy Workforce Initiative,Attended,100,57.1,10,15.7,Gift Voucher
EVT00502,EMP168,Operations,18-02-2025,Creative Workshop,Creative,Employee Engagement Drive,Attended,100,57.1,10,15.7,Gift Voucher
EVT00503,EMP014,Tech,18-02-2025,Creative Workshop,Creative,Healthy Workforce Initiative,Attended,100,57.1,10,15.7,Gift Voucher
EVT00504,EMP026,Tech,18-02-2025,Creative Workshop,Creative,Healthy Workforce Initiative,Attended,100,57.1,10,15.7,Gift Voucher
EVT00505,EMP205,Operations,18-02-2025,Creative Workshop,Creative,Employee Engagement Drive,Attended,100,57.1,10,15.7,Gift Voucher
EVT00506,EMP103,Marketing,18-02-2025,Creative Workshop,Creative,Wellness Month,Attended,100,57.1,10,15.7,Gift Voucher
EVT00507,EMP115,Marketing,18-02-2025,Creative Workshop,Creative,Healthy Workforce Initiative,Attended,100,57.1,10,15.7,Gift Voucher
EVT00508,EMP076,HR,18-02-2025,Creative Workshop,Creative,Employee Engagement Drive,Skipped,100,57.1,0,5.7,Gift Voucher
EVT00509,EMP001,Tech,18-02-2025,Creative Workshop,Creative,Mental Health Awareness Campaign,Attended,100,57.1,10,15.7,Gift Voucher
EVT00510,EMP060,Tech,18-02-2025,Creative Workshop,Creative,Wellness Month,Skipped,100,57.1,0,5.7,Gift Voucher
EVT00511,EMP151,Finance,18-02-2025,Creative Workshop,Creative,Healthy Workforce Initiative,Attended,100,57.1,10,15.7,Gift Voucher
EVT00512,EMP024,Tech,18-02-2025,Creative Workshop,Creative,Healthy Workforce Initiative,Attended,100,57.1,10,15.7,Gift Voucher
EVT00513,EMP033,Tech,18-02-2025,Creative Workshop,Creative,Wellness Month,Attended,100,57.1,10,15.7,Gift Voucher
EVT00514,EMP039,Tech,18-02-2025,Creative Workshop,Creative,Mental Health Awareness Campaign,Skipped,100,57.1,0,5.7,Gift Voucher
EVT00515,EMP175,Operations,18-02-2025,Creative Workshop,Creative,Employee Engagement Drive,Attended,100,57.1,10,15.7,Gift Voucher
EVT00516,EMP147,Finance,18-02-2025,Creative Workshop,Creative,Healthy Workforce Initiative,Attended,100,57.1,10,15.7,Gift Voucher
EVT00517,EMP008,Tech,18-02-2025,Creative Workshop,Creative,Mental Health Awareness Campaign,Skipped,100,57.1,0,5.7,Gift Voucher
EVT00518,EMP217,Sales,18-02-2025,Creative Workshop,Creative,Mental Health Awareness Campaign,Attended,100,57.1,10,15.7,Gift Voucher
EVT00519,EMP091,HR,18-02-2025,Creative Workshop,Creative,Mental Health Awareness Campaign,Skipped,100,57.1,0,5.7,Gift Voucher
EVT00520,EMP233,Sales,18-02-2025,Creative Workshop,Creative,Healthy Workforce Initiative,Attended,100,57.1,10,15.7,Gift Voucher
EVT00521,EMP214,Sales,18-02-2025,Creative Workshop,Creative,Mental Health Awareness Campaign,Attended,100,57.1,10,15.7,Gift Voucher
EVT00522,EMP153,Finance,18-02-2025,Creative Workshop,Creative,Healthy Workforce Initiative,Attended,100,57.1,10,15.7,Gift Voucher
EVT00523,EMP133,Marketing,18-02-2025,Creative Workshop,Creative,Healthy Workforce Initiative,Attended,100,57.1,10,15.7,Gift Voucher
EVT00524,EMP179,Operations,18-02-2025,Creative Workshop,Creative,Mental Health Awareness Campaign,Attended,100,57.1,10,15.7,Gift Voucher
EVT00525,EMP193,Operations,18-02-2025,Creative Workshop,Creative,Wellness Month,Attended,100,57.1,10,15.7,Gift Voucher
EVT00526,EMP199,Operations,18-02-2025,Creative Workshop,Creative,Mental Health Awareness Campaign,Attended,100,57.1,10,15.7,Gift Voucher
EVT00527,EMP058,Tech,18-02-2025,Creative Workshop,Creative,Employee Engagement Drive,Attended,100,57.1,10,15.7,Gift Voucher
EVT00528,EMP200,Operations,18-02-2025,Creative Workshop,Creative,Mental Health Awareness Campaign,Attended,100,57.1,10,15.7,Gift Voucher
EVT00529,EMP010,Tech,18-02-2025,Creative Workshop,Creative,Wellness Month,Attended,100,57.1,10,15.7,Gift Voucher
EVT00530,EMP162,Finance,18-02-2025,Creative Workshop,Creative,Healthy Workforce Initiative,Attended,100,57.1,10,15.7,Gift Voucher
EVT00531,EMP097,HR,18-02-2025,Creative Workshop,Creative,Employee Engagement Drive,Skipped,100,57.1,0,5.7,Gift Voucher
EVT00532,EMP046,Tech,18-02-2025,Creative Workshop,Creative,Mental Health Awareness Campaign,Skipped,100,57.1,0,5.7,Gift Voucher
EVT00533,EMP128,Marketing,18-02-2025,Creative Workshop,Creative,Employee Engagement Drive,Attended,100,57.1,10,15.7,Gift Voucher
EVT00534,EMP119,Marketing,18-02-2025,Creative Workshop,Creative,Wellness Month,Attended,100,57.1,10,15.7,Gift Voucher
EVT00535,EMP139,Marketing,18-02-2025,Creative Workshop,Creative,Employee Engagement Drive,Attended,100,57.1,10,15.7,Gift Voucher
EVT00536,EMP096,HR,18-02-2025,Creative Workshop,Creative,Wellness Month,Attended,100,57.1,10,15.7,Gift Voucher
EVT00537,EMP066,Tech,18-02-2025,Creative Workshop,Creative,Wellness Month,Attended,100,57.1,10,15.7,Gift Voucher
EVT00538,EMP152,Finance,18-02-2025,Creative Workshop,Creative,Healthy Workforce Initiative,Attended,100,57.1,10,15.7,Gift Voucher
EVT00539,EMP077,HR,18-02-2025,Creative Workshop,Creative,Mental Health Awareness Campaign,Attended,100,57.1,10,15.7,Gift Voucher
EVT00540,EMP210,Operations,18-02-2025,Creative Workshop,Creative,Wellness Month,Attended,100,57.1,10,15.7,Gift Voucher
EVT00541,EMP121,Marketing,18-02-2025,Creative Workshop,Creative,Mental Health Awareness Campaign,Attended,100,57.1,10,15.7,Gift Voucher
EVT00542,EMP080,HR,18-02-2025,Creative Workshop,Creative,Wellness Month,Skipped,100,57.1,0,5.7,Gift Voucher
EVT00543,EMP164,Finance,18-02-2025,Creative Workshop,Creative,Mental Health Awareness Campaign,Attended,100,57.1,10,15.7,Gift Voucher
EVT00544,EMP102,Marketing,18-02-2025,Creative Workshop,Creative,Mental Health Awareness Campaign,Skipped,100,57.1,0,5.7,Gift Voucher
EVT00545,EMP167,Operations,18-02-2025,Creative Workshop,Creative,Mental Health Awareness Campaign,Attended,100,57.1,10,15.7,Gift Voucher
EVT00546,EMP225,Sales,18-02-2025,Creative Workshop,Creative,Healthy Workforce Initiative,Attended,100,57.1,10,15.7,Gift Voucher
EVT00547,EMP092,HR,18-02-2025,Creative Workshop,Creative,Wellness Month,Attended,100,57.1,10,15.7,Gift Voucher
EVT00548,EMP237,Sales,18-02-2025,Creative Workshop,Creative,Employee Engagement Drive,Skipped,100,57.1,0,5.7,Gift Voucher
EVT00549,EMP136,Marketing,18-02-2025,Creative Workshop,Creative,Healthy Workforce Initiative,Attended,100,57.1,10,15.7,Gift Voucher
EVT00550,EMP064,Tech,18-02-2025,Creative Workshop,Creative,Wellness Month,Attended,100,57.1,10,15.7,Gift Voucher
EVT00551,EMP169,Operations,18-02-2025,Creative Workshop,Creative,Employee Engagement Drive,Attended,100,57.1,10,15.7,Gift Voucher
EVT00552,EMP085,HR,18-02-2025,Creative Workshop,Creative,Mental Health Awareness Campaign,Skipped,100,57.1,0,5.7,Gift Voucher
EVT00553,EMP027,Tech,18-02-2025,Creative Workshop,Creative,Wellness Month,Skipped,100,57.1,0,5.7,Gift Voucher
EVT00554,EMP190,Operations,18-02-2025,Creative Workshop,Creative,Mental Health Awareness Campaign,Attended,100,57.1,10,15.7,Gift Voucher
EVT00555,EMP062,Tech,18-02-2025,Creative Workshop,Creative,Healthy Workforce Initiative,Attended,100,57.1,10,15.7,Gift Voucher
EVT00556,EMP247,Sales,18-02-2025,Creative Workshop,Creative,Employee Engagement Drive,Skipped,100,57.1,0,5.7,Gift Voucher
EVT00557,EMP170,Operations,18-02-2025,Creative Workshop,Creative,Wellness Month,Attended,100,57.1,10,15.7,Gift Voucher
EVT00558,EMP173,Operations,18-02-2025,Creative Workshop,Creative,Mental Health Awareness Campaign,Attended,100,57.1,10,15.7,Gift Voucher
EVT00559,EMP124,Marketing,18-02-2025,Creative Workshop,Creative,Mental Health Awareness Campaign,Attended,100,57.1,10,15.7,Gift Voucher
EVT00560,EMP240,Sales,18-02-2025,Creative Workshop,Creative,Healthy Workforce Initiative,Attended,100,57.1,10,15.7,Gift Voucher
EVT00561,EMP117,Marketing,18-02-2025,Creative Workshop,Creative,Employee Engagement Drive,Attended,100,57.1,10,15.7,Gift Voucher
EVT00562,EMP248,Sales,18-02-2025,Creative Workshop,Creative,Healthy Workforce Initiative,Attended,100,57.1,10,15.7,Gift Voucher
EVT00563,EMP093,HR,18-02-2025,Creative Workshop,Creative,Healthy Workforce Initiative,Attended,100,57.1,10,15.7,Gift Voucher
EVT00564,EMP194,Operations,18-02-2025,Creative Workshop,Creative,Mental Health Awareness Campaign,Skipped,100,57.1,0,5.7,Gift Voucher
EVT00565,EMP216,Sales,18-02-2025,Creative Workshop,Creative,Mental Health Awareness Campaign,Attended,100,57.1,10,15.7,Gift Voucher
EVT00566,EMP071,HR,18-02-2025,Creative Workshop,Creative,Wellness Month,Attended,100,57.1,10,15.7,Gift Voucher
EVT00567,EMP036,Tech,18-02-2025,Creative Workshop,Creative,Wellness Month,Attended,100,57.1,10,15.7,Gift Voucher
EVT00568,EMP018,Tech,18-02-2025,Creative Workshop,Creative,Employee Engagement Drive,Attended,100,57.1,10,15.7,Gift Voucher
EVT00569,EMP245,Sales,18-02-2025,Creative Workshop,Creative,Wellness Month,Attended,100,57.1,10,15.7,Gift Voucher
EVT00570,EMP185,Operations,18-02-2025,Creative Workshop,Creative,Mental Health Awareness Campaign,Attended,100,57.1,10,15.7,Gift Voucher
EVT00571,EMP044,Tech,18-02-2025,Creative Workshop,Creative,Employee Engagement Drive,Skipped,100,57.1,0,5.7,Gift Voucher
EVT00572,EMP031,Tech,18-02-2025,Creative Workshop,Creative,Mental Health Awareness Campaign,Attended,100,57.1,10,15.7,Gift Voucher
EVT00573,EMP059,Tech,18-02-2025,Creative Workshop,Creative,Healthy Workforce Initiative,Attended,100,57.1,10,15.7,Gift Voucher
EVT00574,EMP099,HR,18-02-2025,Creative Workshop,Creative,Wellness Month,Attended,100,57.1,10,15.7,Gift Voucher
EVT00575,EMP183,Operations,18-02-2025,Creative Workshop,Creative,Employee Engagement Drive,Attended,100,57.1,10,15.7,Gift Voucher
EVT00576,EMP028,Tech,18-02-2025,Creative Workshop,Creative,Employee Engagement Drive,Skipped,100,57.1,0,5.7,Gift Voucher
EVT00577,EMP137,Marketing,18-02-2025,Creative Workshop,Creative,Mental Health Awareness Campaign,Skipped,100,57.1,0,5.7,Gift Voucher
EVT00578,EMP023,Tech,18-02-2025,Creative Workshop,Creative,Healthy Workforce Initiative,Attended,100,57.1,10,15.7,Gift Voucher
EVT00579,EMP089,HR,18-02-2025,Creative Workshop,Creative,Wellness Month,Attended,100,57.1,10,15.7,Gift Voucher
EVT00580,EMP236,Sales,18-02-2025,Creative Workshop,Creative,Wellness Month,Skipped,100,57.1,0,5.7,Gift Voucher
EVT00581,EMP009,Tech,18-02-2025,Creative Workshop,Creative,Mental Health Awareness Campaign,Attended,100,57.1,10,15.7,Gift Voucher
EVT00582,EMP243,Sales,18-02-2025,Creative Workshop,Creative,Wellness Month,Skipped,100,57.1,0,5.7,Gift Voucher
EVT00583,EMP171,Operations,18-02-2025,Creative Workshop,Creative,Mental Health Awareness Campaign,Attended,100,57.1,10,15.7,Gift Voucher
EVT00584,EMP116,Marketing,18-02-2025,Creative Workshop,Creative,Mental Health Awareness Campaign,Skipped,100,57.1,0,5.7,Gift Voucher
EVT00585,EMP157,Finance,18-02-2025,Creative Workshop,Creative,Mental Health Awareness Campaign,Attended,100,57.1,10,15.7,Gift Voucher
EVT00586,EMP155,Finance,18-02-2025,Creative Workshop,Creative,Employee Engagement Drive,Attended,100,57.1,10,15.7,Gift Voucher
EVT00587,EMP095,HR,18-02-2025,Creative Workshop,Creative,Mental Health Awareness Campaign,Skipped,100,57.1,0,5.7,Gift Voucher
EVT00588,EMP207,Operations,18-02-2025,Creative Workshop,Creative,Mental Health Awareness Campaign,Attended,100,57.1,10,15.7,Gift Voucher
EVT00589,EMP182,Operations,18-02-2025,Creative Workshop,Creative,Wellness Month,Skipped,100,57.1,0,5.7,Gift Voucher
EVT00590,EMP197,Operations,18-02-2025,Creative Workshop,Creative,Mental Health Awareness Campaign,Attended,100,57.1,10,15.7,Gift Voucher
EVT00591,EMP048,Tech,18-02-2025,Creative Workshop,Creative,Wellness Month,Attended,100,57.1,10,15.7,Gift Voucher
EVT00592,EMP230,Sales,18-02-2025,Creative Workshop,Creative,Mental Health Awareness Campaign,Attended,100,57.1,10,15.7,Gift Voucher
EVT00593,EMP101,Marketing,18-02-2025,Creative Workshop,Creative,Healthy Workforce Initiative,Attended,100,57.1,10,15.7,Gift Voucher
EVT00594,EMP160,Finance,18-02-2025,Creative Workshop,Creative,Wellness Month,Attended,100,57.1,10,15.7,Gift Voucher
EVT00595,EMP158,Finance,18-02-2025,Creative Workshop,Creative,Wellness Month,Skipped,100,57.1,0,5.7,Gift Voucher
EVT00596,EMP015,Tech,18-02-2025,Creative Workshop,Creative,Mental Health Awareness Campaign,Attended,100,57.1,10,15.7,Gift Voucher
EVT00597,EMP180,Operations,08-03-2025,Mindfulness Month,Mental,Employee Engagement Drive,Attended,162,92.6,20,29.3,Wellness Kit
EVT00598,EMP048,Tech,08-03-2025,Mindfulness Month,Mental,Mental Health Awareness Campaign,Attended,162,92.6,20,29.3,Wellness Kit
EVT00599,EMP065,Tech,08-03-2025,Mindfulness Month,Mental,Healthy Workforce Initiative,Attended,162,92.6,20,29.3,Wellness Kit
EVT00600,EMP062,Tech,08-03-2025,Mindfulness Month,Mental,Healthy Workforce Initiative,Skipped,162,92.6,0,9.3,Gift Voucher
EVT00601,EMP044,Tech,08-03-2025,Mindfulness Month,Mental,Wellness Month,Attended,162,92.6,20,29.3,Wellness Kit
EVT00602,EMP131,Marketing,08-03-2025,Mindfulness Month,Mental,Employee Engagement Drive,Attended,162,92.6,20,29.3,Wellness Kit
EVT00603,EMP031,Tech,08-03-2025,Mindfulness Month,Mental,Mental Health Awareness Campaign,Attended,162,92.6,20,29.3,Wellness Kit
EVT00604,EMP055,Tech,08-03-2025,Mindfulness Month,Mental,Healthy Workforce Initiative,Skipped,162,92.6,0,9.3,Gift Voucher
EVT00605,EMP137,Marketing,08-03-2025,Mindfulness Month,Mental,Employee Engagement Drive,Attended,162,92.6,20,29.3,Wellness Kit
EVT00606,EMP028,Tech,08-03-2025,Mindfulness Month,Mental,Healthy Workforce Initiative,Attended,162,92.6,20,29.3,Wellness Kit
EVT00607,EMP029,Tech,08-03-2025,Mindfulness Month,Mental,Healthy Workforce Initiative,Attended,162,92.6,20,29.3,Wellness Kit
EVT00608,EMP043,Tech,08-03-2025,Mindfulness Month,Mental,Wellness Month,Skipped,162,92.6,0,9.3,Gift Voucher
EVT00609,EMP187,Operations,08-03-2025,Mindfulness Month,Mental,Employee Engagement Drive,Attended,162,92.6,20,29.3,Wellness Kit
EVT00610,EMP085,HR,08-03-2025,Mindfulness Month,Mental,Healthy Workforce Initiative,Attended,162,92.6,20,29.3,Wellness Kit
EVT00611,EMP183,Operations,08-03-2025,Mindfulness Month,Mental,Wellness Month,Attended,162,92.6,20,29.3,Wellness Kit
EVT00612,EMP095,HR,08-03-2025,Mindfulness Month,Mental,Mental Health Awareness Campaign,Attended,162,92.6,20,29.3,Wellness Kit
EVT00613,EMP077,HR,08-03-2025,Mindfulness Month,Mental,Wellness Month,Attended,162,92.6,20,29.3,Wellness Kit
EVT00614,EMP189,Operations,08-03-2025,Mindfulness Month,Mental,Healthy Workforce Initiative,Attended,162,92.6,20,29.3,Wellness Kit
EVT00615,EMP179,Operations,08-03-2025,Mindfulness Month,Mental,Wellness Month,Attended,162,92.6,20,29.3,Wellness Kit
EVT00616,EMP220,Sales,08-03-2025,Mindfulness Month,Mental,Healthy Workforce Initiative,Skipped,162,92.6,0,9.3,Gift Voucher
EVT00617,EMP192,Operations,08-03-2025,Mindfulness Month,Mental,Mental Health Awareness Campaign,Attended,162,92.6,20,29.3,Wellness Kit
EVT00618,EMP045,Tech,08-03-2025,Mindfulness Month,Mental,Mental Health Awareness Campaign,Attended,162,92.6,20,29.3,Wellness Kit
EVT00619,EMP198,Operations,08-03-2025,Mindfulness Month,Mental,Healthy Workforce Initiative,Attended,162,92.6,20,29.3,Wellness Kit
EVT00620,EMP004,Tech,08-03-2025,Mindfulness Month,Mental,Employee Engagement Drive,Skipped,162,92.6,0,9.3,Gift Voucher
EVT00621,EMP234,Sales,08-03-2025,Mindfulness Month,Mental,Healthy Workforce Initiative,Attended,162,92.6,20,29.3,Wellness Kit
EVT00622,EMP170,Operations,08-03-2025,Mindfulness Month,Mental,Healthy Workforce Initiative,Attended,162,92.6,20,29.3,Wellness Kit
EVT00623,EMP230,Sales,08-03-2025,Mindfulness Month,Mental,Healthy Workforce Initiative,Attended,162,92.6,20,29.3,Wellness Kit
EVT00624,EMP075,HR,08-03-2025,Mindfulness Month,Mental,Employee Engagement Drive,Attended,162,92.6,20,29.3,Wellness Kit
EVT00625,EMP088,HR,08-03-2025,Mindfulness Month,Mental,Mental Health Awareness Campaign,Attended,162,92.6,20,29.3,Wellness Kit
EVT00626,EMP017,Tech,08-03-2025,Mindfulness Month,Mental,Employee Engagement Drive,Attended,162,92.6,20,29.3,Wellness Kit
EVT00627,EMP194,Operations,08-03-2025,Mindfulness Month,Mental,Wellness Month,Attended,162,92.6,20,29.3,Wellness Kit
EVT00628,EMP173,Operations,08-03-2025,Mindfulness Month,Mental,Mental Health Awareness Campaign,Attended,162,92.6,20,29.3,Wellness Kit
EVT00629,EMP238,Sales,08-03-2025,Mindfulness Month,Mental,Healthy Workforce Initiative,Attended,162,92.6,20,29.3,Wellness Kit
EVT00630,EMP221,Sales,08-03-2025,Mindfulness Month,Mental,Mental Health Awareness Campaign,Attended,162,92.6,20,29.3,Wellness Kit
EVT00631,EMP086,HR,08-03-2025,Mindfulness Month,Mental,Mental Health Awareness Campaign,Attended,162,92.6,20,29.3,Wellness Kit
EVT00632,EMP122,Marketing,08-03-2025,Mindfulness Month,Mental,Employee Engagement Drive,Skipped,162,92.6,0,9.3,Gift Voucher
EVT00633,EMP012,Tech,08-03-2025,Mindfulness Month,Mental,Wellness Month,Attended,162,92.6,20,29.3,Wellness Kit
EVT00634,EMP093,HR,08-03-2025,Mindfulness Month,Mental,Healthy Workforce Initiative,Attended,162,92.6,20,29.3,Wellness Kit
EVT00635,EMP110,Marketing,08-03-2025,Mindfulness Month,Mental,Healthy Workforce Initiative,Skipped,162,92.6,0,9.3,Gift Voucher
EVT00636,EMP042,Tech,08-03-2025,Mindfulness Month,Mental,Employee Engagement Drive,Skipped,162,92.6,0,9.3,Gift Voucher
EVT00637,EMP227,Sales,08-03-2025,Mindfulness Month,Mental,Mental Health Awareness Campaign,Attended,162,92.6,20,29.3,Wellness Kit
EVT00638,EMP239,Sales,08-03-2025,Mindfulness Month,Mental,Mental Health Awareness Campaign,Attended,162,92.6,20,29.3,Wellness Kit
EVT00639,EMP047,Tech,08-03-2025,Mindfulness Month,Mental,Mental Health Awareness Campaign,Skipped,162,92.6,0,9.3,Gift Voucher
EVT00640,EMP237,Sales,08-03-2025,Mindfulness Month,Mental,Healthy Workforce Initiative,Attended,162,92.6,20,29.3,Wellness Kit
EVT00641,EMP082,HR,08-03-2025,Mindfulness Month,Mental,Healthy Workforce Initiative,Attended,162,92.6,20,29.3,Wellness Kit
EVT00642,EMP102,Marketing,08-03-2025,Mindfulness Month,Mental,Wellness Month,Attended,162,92.6,20,29.3,Wellness Kit
EVT00643,EMP217,Sales,08-03-2025,Mindfulness Month,Mental,Wellness Month,Attended,162,92.6,20,29.3,Wellness Kit
EVT00644,EMP146,Finance,08-03-2025,Mindfulness Month,Mental,Wellness Month,Attended,162,92.6,20,29.3,Wellness Kit
EVT00645,EMP061,Tech,08-03-2025,Mindfulness Month,Mental,Healthy Workforce Initiative,Skipped,162,92.6,0,9.3,Gift Voucher
EVT00646,EMP052,Tech,08-03-2025,Mindfulness Month,Mental,Wellness Month,Attended,162,92.6,20,29.3,Wellness Kit
EVT00647,EMP228,Sales,08-03-2025,Mindfulness Month,Mental,Mental Health Awareness Campaign,Attended,162,92.6,20,29.3,Wellness Kit
EVT00648,EMP101,Marketing,08-03-2025,Mindfulness Month,Mental,Healthy Workforce Initiative,Attended,162,92.6,20,29.3,Wellness Kit
EVT00649,EMP115,Marketing,08-03-2025,Mindfulness Month,Mental,Wellness Month,Attended,162,92.6,20,29.3,Wellness Kit
EVT00650,EMP168,Operations,08-03-2025,Mindfulness Month,Mental,Healthy Workforce Initiative,Skipped,162,92.6,0,9.3,Gift Voucher
EVT00651,EMP244,Sales,08-03-2025,Mindfulness Month,Mental,Mental Health Awareness Campaign,Attended,162,92.6,20,29.3,Wellness Kit
EVT00652,EMP096,HR,08-03-2025,Mindfulness Month,Mental,Healthy Workforce Initiative,Attended,162,92.6,20,29.3,Wellness Kit
EVT00653,EMP116,Marketing,08-03-2025,Mindfulness Month,Mental,Healthy Workforce Initiative,Attended,162,92.6,20,29.3,Wellness Kit
EVT00654,EMP049,Tech,08-03-2025,Mindfulness Month,Mental,Wellness Month,Attended,162,92.6,20,29.3,Wellness Kit
EVT00655,EMP111,Marketing,08-03-2025,Mindfulness Month,Mental,Healthy Workforce Initiative,Attended,162,92.6,20,29.3,Wellness Kit
EVT00656,EMP041,Tech,08-03-2025,Mindfulness Month,Mental,Mental Health Awareness Campaign,Skipped,162,92.6,0,9.3,Gift Voucher
EVT00657,EMP206,Operations,08-03-2025,Mindfulness Month,Mental,Healthy Workforce Initiative,Attended,162,92.6,20,29.3,Wellness Kit
EVT00658,EMP185,Operations,08-03-2025,Mindfulness Month,Mental,Mental Health Awareness Campaign,Attended,162,92.6,20,29.3,Wellness Kit
EVT00659,EMP007,Tech,08-03-2025,Mindfulness Month,Mental,Healthy Workforce Initiative,Skipped,162,92.6,0,9.3,Gift Voucher
EVT00660,EMP159,Finance,08-03-2025,Mindfulness Month,Mental,Employee Engagement Drive,Attended,162,92.6,20,29.3,Wellness Kit
EVT00661,EMP242,Sales,08-03-2025,Mindfulness Month,Mental,Healthy Workforce Initiative,Skipped,162,92.6,0,9.3,Gift Voucher
EVT00662,EMP081,HR,08-03-2025,Mindfulness Month,Mental,Wellness Month,Skipped,162,92.6,0,9.3,Gift Voucher
EVT00663,EMP233,Sales,08-03-2025,Mindfulness Month,Mental,Employee Engagement Drive,Attended,162,92.6,20,29.3,Wellness Kit
EVT00664,EMP066,Tech,08-03-2025,Mindfulness Month,Mental,Employee Engagement Drive,Attended,162,92.6,20,29.3,Wellness Kit
EVT00665,EMP032,Tech,08-03-2025,Mindfulness Month,Mental,Employee Engagement Drive,Skipped,162,92.6,0,9.3,Gift Voucher
EVT00666,EMP056,Tech,08-03-2025,Mindfulness Month,Mental,Healthy Workforce Initiative,Attended,162,92.6,20,29.3,Wellness Kit
EVT00667,EMP126,Marketing,08-03-2025,Mindfulness Month,Mental,Mental Health Awareness Campaign,Attended,162,92.6,20,29.3,Wellness Kit
EVT00668,EMP139,Marketing,08-03-2025,Mindfulness Month,Mental,Mental Health Awareness Campaign,Attended,162,92.6,20,29.3,Wellness Kit
EVT00669,EMP018,Tech,08-03-2025,Mindfulness Month,Mental,Mental Health Awareness Campaign,Attended,162,92.6,20,29.3,Wellness Kit
EVT00670,EMP011,Tech,08-03-2025,Mindfulness Month,Mental,Mental Health Awareness Campaign,Attended,162,92.6,20,29.3,Wellness Kit
EVT00671,EMP169,Operations,08-03-2025,Mindfulness Month,Mental,Healthy Workforce Initiative,Attended,162,92.6,20,29.3,Wellness Kit
EVT00672,EMP060,Tech,08-03-2025,Mindfulness Month,Mental,Mental Health Awareness Campaign,Attended,162,92.6,20,29.3,Wellness Kit
EVT00673,EMP035,Tech,08-03-2025,Mindfulness Month,Mental,Wellness Month,Skipped,162,92.6,0,9.3,Gift Voucher
EVT00674,EMP037,Tech,08-03-2025,Mindfulness Month,Mental,Mental Health Awareness Campaign,Skipped,162,92.6,0,9.3,Gift Voucher
EVT00675,EMP204,Operations,08-03-2025,Mindfulness Month,Mental,Healthy Workforce Initiative,Attended,162,92.6,20,29.3,Wellness Kit
EVT00676,EMP151,Finance,08-03-2025,Mindfulness Month,Mental,Employee Engagement Drive,Attended,162,92.6,20,29.3,Wellness Kit
EVT00677,EMP150,Finance,08-03-2025,Mindfulness Month,Mental,Healthy Workforce Initiative,Attended,162,92.6,20,29.3,Wellness Kit
EVT00678,EMP072,HR,08-03-2025,Mindfulness Month,Mental,Wellness Month,Attended,162,92.6,20,29.3,Wellness Kit
EVT00679,EMP181,Operations,08-03-2025,Mindfulness Month,Mental,Wellness Month,Attended,162,92.6,20,29.3,Wellness Kit
EVT00680,EMP218,Sales,08-03-2025,Mindfulness Month,Mental,Wellness Month,Skipped,162,92.6,0,9.3,Gift Voucher
EVT00681,EMP226,Sales,08-03-2025,Mindfulness Month,Mental,Mental Health Awareness Campaign,Skipped,162,92.6,0,9.3,Gift Voucher
EVT00682,EMP142,Finance,08-03-2025,Mindfulness Month,Mental,Healthy Workforce Initiative,Skipped,162,92.6,0,9.3,Gift Voucher
EVT00683,EMP119,Marketing,08-03-2025,Mindfulness Month,Mental,Wellness Month,Skipped,162,92.6,0,9.3,Gift Voucher
EVT00684,EMP103,Marketing,08-03-2025,Mindfulness Month,Mental,Employee Engagement Drive,Attended,162,92.6,20,29.3,Wellness Kit
EVT00685,EMP006,Tech,08-03-2025,Mindfulness Month,Mental,Mental Health Awareness Campaign,Attended,162,92.6,20,29.3,Wellness Kit
EVT00686,EMP074,HR,08-03-2025,Mindfulness Month,Mental,Healthy Workforce Initiative,Attended,162,92.6,20,29.3,Wellness Kit
EVT00687,EMP195,Operations,08-03-2025,Mindfulness Month,Mental,Employee Engagement Drive,Attended,162,92.6,20,29.3,Wellness Kit
EVT00688,EMP003,Tech,08-03-2025,Mindfulness Month,Mental,Employee Engagement Drive,Attended,162,92.6,20,29.3,Wellness Kit
EVT00689,EMP112,Marketing,08-03-2025,Mindfulness Month,Mental,Employee Engagement Drive,Skipped,162,92.6,0,9.3,Gift Voucher
EVT00690,EMP200,Operations,08-03-2025,Mindfulness Month,Mental,Employee Engagement Drive,Attended,162,92.6,20,29.3,Wellness Kit
EVT00691,EMP199,Operations,08-03-2025,Mindfulness Month,Mental,Mental Health Awareness Campaign,Attended,162,92.6,20,29.3,Wellness Kit
EVT00692,EMP140,Marketing,08-03-2025,Mindfulness Month,Mental,Wellness Month,Attended,162,92.6,20,29.3,Wellness Kit
EVT00693,EMP211,Sales,08-03-2025,Mindfulness Month,Mental,Healthy Workforce Initiative,Attended,162,92.6,20,29.3,Wellness Kit
EVT00694,EMP138,Marketing,08-03-2025,Mindfulness Month,Mental,Healthy Workforce Initiative,Skipped,162,92.6,0,9.3,Gift Voucher
EVT00695,EMP097,HR,08-03-2025,Mindfulness Month,Mental,Employee Engagement Drive,Attended,162,92.6,20,29.3,Wellness Kit
EVT00696,EMP021,Tech,08-03-2025,Mindfulness Month,Mental,Employee Engagement Drive,Attended,162,92.6,20,29.3,Wellness Kit
EVT00697,EMP176,Operations,08-03-2025,Mindfulness Month,Mental,Wellness Month,Attended,162,92.6,20,29.3,Wellness Kit
EVT00698,EMP109,Marketing,08-03-2025,Mindfulness Month,Mental,Healthy Workforce Initiative,Skipped,162,92.6,0,9.3,Gift Voucher
EVT00699,EMP092,HR,08-03-2025,Mindfulness Month,Mental,Employee Engagement Drive,Attended,162,92.6,20,29.3,Wellness Kit
EVT00700,EMP076,HR,08-03-2025,Mindfulness Month,Mental,Mental Health Awareness Campaign,Skipped,162,92.6,0,9.3,Gift Voucher
EVT00701,EMP008,Tech,08-03-2025,Mindfulness Month,Mental,Wellness Month,Attended,162,92.6,20,29.3,Wellness Kit
EVT00702,EMP167,Operations,08-03-2025,Mindfulness Month,Mental,Healthy Workforce Initiative,Skipped,162,92.6,0,9.3,Gift Voucher
EVT00703,EMP073,HR,08-03-2025,Mindfulness Month,Mental,Employee Engagement Drive,Attended,162,92.6,20,29.3,Wellness Kit
EVT00704,EMP069,Tech,08-03-2025,Mindfulness Month,Mental,Employee Engagement Drive,Attended,162,92.6,20,29.3,Wellness Kit
EVT00705,EMP117,Marketing,08-03-2025,Mindfulness Month,Mental,Healthy Workforce Initiative,Attended,162,92.6,20,29.3,Wellness Kit
EVT00706,EMP186,Operations,08-03-2025,Mindfulness Month,Mental,Wellness Month,Attended,162,92.6,20,29.3,Wellness Kit
EVT00707,EMP210,Operations,08-03-2025,Mindfulness Month,Mental,Mental Health Awareness Campaign,Skipped,162,92.6,0,9.3,Gift Voucher
EVT00708,EMP089,HR,08-03-2025,Mindfulness Month,Mental,Wellness Month,Attended,162,92.6,20,29.3,Wellness Kit
EVT00709,EMP149,Finance,08-03-2025,Mindfulness Month,Mental,Wellness Month,Skipped,162,92.6,0,9.3,Gift Voucher
EVT00710,EMP100,HR,08-03-2025,Mindfulness Month,Mental,Mental Health Awareness Campaign,Attended,162,92.6,20,29.3,Wellness Kit
EVT00711,EMP182,Operations,08-03-2025,Mindfulness Month,Mental,Wellness Month,Skipped,162,92.6,0,9.3,Gift Voucher
EVT00712,EMP050,Tech,08-03-2025,Mindfulness Month,Mental,Healthy Workforce Initiative,Attended,162,92.6,20,29.3,Wellness Kit
EVT00713,EMP250,Sales,08-03-2025,Mindfulness Month,Mental,Wellness Month,Skipped,162,92.6,0,9.3,Gift Voucher
EVT00714,EMP249,Sales,08-03-2025,Mindfulness Month,Mental,Wellness Month,Attended,162,92.6,20,29.3,Wellness Kit
EVT00715,EMP124,Marketing,08-03-2025,Mindfulness Month,Mental,Wellness Month,Attended,162,92.6,20,29.3,Wellness Kit
EVT00716,EMP040,Tech,08-03-2025,Mindfulness Month,Mental,Wellness Month,Attended,162,92.6,20,29.3,Wellness Kit
EVT00717,EMP002,Tech,08-03-2025,Mindfulness Month,Mental,Healthy Workforce Initiative,Attended,162,92.6,20,29.3,Wellness Kit
EVT00718,EMP104,Marketing,08-03-2025,Mindfulness Month,Mental,Mental Health Awareness Campaign,Attended,162,92.6,20,29.3,Wellness Kit
EVT00719,EMP229,Sales,08-03-2025,Mindfulness Month,Mental,Mental Health Awareness Campaign,Attended,162,92.6,20,29.3,Wellness Kit
EVT00720,EMP015,Tech,08-03-2025,Mindfulness Month,Mental,Mental Health Awareness Campaign,Attended,162,92.6,20,29.3,Wellness Kit
EVT00721,EMP132,Marketing,08-03-2025,Mindfulness Month,Mental,Healthy Workforce Initiative,Attended,162,92.6,20,29.3,Wellness Kit
EVT00722,EMP225,Sales,08-03-2025,Mindfulness Month,Mental,Employee Engagement Drive,Attended,162,92.6,20,29.3,Wellness Kit
EVT00723,EMP106,Marketing,08-03-2025,Mindfulness Month,Mental,Healthy Workforce Initiative,Attended,162,92.6,20,29.3,Wellness Kit
EVT00724,EMP136,Marketing,08-03-2025,Mindfulness Month,Mental,Employee Engagement Drive,Attended,162,92.6,20,29.3,Wellness Kit
EVT00725,EMP113,Marketing,08-03-2025,Mindfulness Month,Mental,Wellness Month,Skipped,162,92.6,0,9.3,Gift Voucher
EVT00726,EMP030,Tech,08-03-2025,Mindfulness Month,Mental,Healthy Workforce Initiative,Attended,162,92.6,20,29.3,Wellness Kit
EVT00727,EMP105,Marketing,08-03-2025,Mindfulness Month,Mental,Healthy Workforce Initiative,Skipped,162,92.6,0,9.3,Gift Voucher
EVT00728,EMP070,Tech,08-03-2025,Mindfulness Month,Mental,Wellness Month,Attended,162,92.6,20,29.3,Wellness Kit
EVT00729,EMP034,Tech,08-03-2025,Mindfulness Month,Mental,Mental Health Awareness Campaign,Attended,162,92.6,20,29.3,Wellness Kit
EVT00730,EMP010,Tech,08-03-2025,Mindfulness Month,Mental,Employee Engagement Drive,Skipped,162,92.6,0,9.3,Gift Voucher
EVT00731,EMP057,Tech,08-03-2025,Mindfulness Month,Mental,Wellness Month,Skipped,162,92.6,0,9.3,Gift Voucher
EVT00732,EMP190,Operations,08-03-2025,Mindfulness Month,Mental,Mental Health Awareness Campaign,Attended,162,92.6,20,29.3,Wellness Kit
EVT00733,EMP209,Operations,08-03-2025,Mindfulness Month,Mental,Mental Health Awareness Campaign,Skipped,162,92.6,0,9.3,Gift Voucher
EVT00734,EMP202,Operations,08-03-2025,Mindfulness Month,Mental,Wellness Month,Attended,162,92.6,20,29.3,Wellness Kit
EVT00735,EMP156,Finance,08-03-2025,Mindfulness Month,Mental,Employee Engagement Drive,Attended,162,92.6,20,29.3,Wellness Kit
EVT00736,EMP246,Sales,08-03-2025,Mindfulness Month,Mental,Mental Health Awareness Campaign,Attended,162,92.6,20,29.3,Wellness Kit
EVT00737,EMP064,Tech,08-03-2025,Mindfulness Month,Mental,Wellness Month,Attended,162,92.6,20,29.3,Wellness Kit
EVT00738,EMP201,Operations,08-03-2025,Mindfulness Month,Mental,Wellness Month,Attended,162,92.6,20,29.3,Wellness Kit
EVT00739,EMP177,Operations,08-03-2025,Mindfulness Month,Mental,Employee Engagement Drive,Skipped,162,92.6,0,9.3,Gift Voucher
EVT00740,EMP080,HR,08-03-2025,Mindfulness Month,Mental,Mental Health Awareness Campaign,Attended,162,92.6,20,29.3,Wellness Kit
EVT00741,EMP068,Tech,08-03-2025,Mindfulness Month,Mental,Mental Health Awareness Campaign,Attended,162,92.6,20,29.3,Wellness Kit
EVT00742,EMP107,Marketing,08-03-2025,Mindfulness Month,Mental,Employee Engagement Drive,Attended,162,92.6,20,29.3,Wellness Kit
EVT00743,EMP245,Sales,08-03-2025,Mindfulness Month,Mental,Wellness Month,Attended,162,92.6,20,29.3,Wellness Kit
EVT00744,EMP161,Finance,08-03-2025,Mindfulness Month,Mental,Wellness Month,Attended,162,92.6,20,29.3,Wellness Kit
EVT00745,EMP188,Operations,08-03-2025,Mindfulness Month,Mental,Employee Engagement Drive,Attended,162,92.6,20,29.3,Wellness Kit
EVT00746,EMP248,Sales,08-03-2025,Mindfulness Month,Mental,Mental Health Awareness Campaign,Attended,162,92.6,20,29.3,Wellness Kit
EVT00747,EMP005,Tech,08-03-2025,Mindfulness Month,Mental,Wellness Month,Attended,162,92.6,20,29.3,Wellness Kit
EVT00748,EMP236,Sales,08-03-2025,Mindfulness Month,Mental,Wellness Month,Attended,162,92.6,20,29.3,Wellness Kit
EVT00749,EMP219,Sales,08-03-2025,Mindfulness Month,Mental,Mental Health Awareness Campaign,Attended,162,92.6,20,29.3,Wellness Kit
EVT00750,EMP014,Tech,08-03-2025,Mindfulness Month,Mental,Wellness Month,Attended,162,92.6,20,29.3,Wellness Kit
EVT00751,EMP108,Marketing,08-03-2025,Mindfulness Month,Mental,Employee Engagement Drive,Attended,162,92.6,20,29.3,Wellness Kit
EVT00752,EMP059,Tech,08-03-2025,Mindfulness Month,Mental,Healthy Workforce Initiative,Attended,162,92.6,20,29.3,Wellness Kit
EVT00753,EMP191,Operations,08-03-2025,Mindfulness Month,Mental,Employee Engagement Drive,Skipped,162,92.6,0,9.3,Gift Voucher
EVT00754,EMP013,Tech,08-03-2025,Mindfulness Month,Mental,Healthy Workforce Initiative,Attended,162,92.6,20,29.3,Wellness Kit
EVT00755,EMP130,Marketing,08-03-2025,Mindfulness Month,Mental,Wellness Month,Skipped,162,92.6,0,9.3,Gift Voucher
EVT00756,EMP152,Finance,08-03-2025,Mindfulness Month,Mental,Healthy Workforce Initiative,Attended,162,92.6,20,29.3,Wellness Kit
EVT00757,EMP016,Tech,08-03-2025,Mindfulness Month,Mental,Mental Health Awareness Campaign,Attended,162,92.6,20,29.3,Wellness Kit
EVT00758,EMP135,Marketing,08-03-2025,Mindfulness Month,Mental,Employee Engagement Drive,Skipped,162,92.6,0,9.3,Gift Voucher
EVT00759,EMP033,Tech,21-03-2025,Wellness Retreat,Social,Employee Engagement Drive,Skipped,141,80.6,0,8.1,Gift Voucher
EVT00760,EMP015,Tech,21-03-2025,Wellness Retreat,Social,Wellness Month,Skipped,141,80.6,0,8.1,Gift Voucher
EVT00761,EMP091,HR,21-03-2025,Wellness Retreat,Social,Wellness Month,Attended,141,80.6,15,23.1,Wellness Kit
EVT00762,EMP078,HR,21-03-2025,Wellness Retreat,Social,Healthy Workforce Initiative,Skipped,141,80.6,0,8.1,Gift Voucher
EVT00763,EMP246,Sales,21-03-2025,Wellness Retreat,Social,Mental Health Awareness Campaign,Attended,141,80.6,15,23.1,Wellness Kit
EVT00764,EMP022,Tech,21-03-2025,Wellness Retreat,Social,Wellness Month,Attended,141,80.6,15,23.1,Wellness Kit
EVT00765,EMP147,Finance,21-03-2025,Wellness Retreat,Social,Mental Health Awareness Campaign,Skipped,141,80.6,0,8.1,Gift Voucher
EVT00766,EMP196,Operations,21-03-2025,Wellness Retreat,Social,Healthy Workforce Initiative,Attended,141,80.6,15,23.1,Wellness Kit
EVT00767,EMP232,Sales,21-03-2025,Wellness Retreat,Social,Wellness Month,Attended,141,80.6,15,23.1,Wellness Kit
EVT00768,EMP111,Marketing,21-03-2025,Wellness Retreat,Social,Wellness Month,Skipped,141,80.6,0,8.1,Gift Voucher
EVT00769,EMP031,Tech,21-03-2025,Wellness Retreat,Social,Employee Engagement Drive,Skipped,141,80.6,0,8.1,Gift Voucher
EVT00770,EMP054,Tech,21-03-2025,Wellness Retreat,Social,Wellness Month,Attended,141,80.6,15,23.1,Wellness Kit
EVT00771,EMP148,Finance,21-03-2025,Wellness Retreat,Social,Mental Health Awareness Campaign,Attended,141,80.6,15,23.1,Wellness Kit
EVT00772,EMP079,HR,21-03-2025,Wellness Retreat,Social,Healthy Workforce Initiative,Attended,141,80.6,15,23.1,Wellness Kit
EVT00773,EMP093,HR,21-03-2025,Wellness Retreat,Social,Employee Engagement Drive,Attended,141,80.6,15,23.1,Wellness Kit
EVT00774,EMP210,Operations,21-03-2025,Wellness Retreat,Social,Employee Engagement Drive,Skipped,141,80.6,0,8.1,Gift Voucher
EVT00775,EMP139,Marketing,21-03-2025,Wellness Retreat,Social,Mental Health Awareness Campaign,Attended,141,80.6,15,23.1,Wellness Kit
EVT00776,EMP229,Sales,21-03-2025,Wellness Retreat,Social,Healthy Workforce Initiative,Attended,141,80.6,15,23.1,Wellness Kit
EVT00777,EMP167,Operations,21-03-2025,Wellness Retreat,Social,Healthy Workforce Initiative,Skipped,141,80.6,0,8.1,Gift Voucher
EVT00778,EMP155,Finance,21-03-2025,Wellness Retreat,Social,Healthy Workforce Initiative,Attended,141,80.6,15,23.1,Wellness Kit
EVT00779,EMP217,Sales,21-03-2025,Wellness Retreat,Social,Employee Engagement Drive,Attended,141,80.6,15,23.1,Wellness Kit
EVT00780,EMP119,Marketing,21-03-2025,Wellness Retreat,Social,Mental Health Awareness Campaign,Attended,141,80.6,15,23.1,Wellness Kit
EVT00781,EMP110,Marketing,21-03-2025,Wellness Retreat,Social,Healthy Workforce Initiative,Attended,141,80.6,15,23.1,Wellness Kit
EVT00782,EMP170,Operations,21-03-2025,Wellness Retreat,Social,Employee Engagement Drive,Attended,141,80.6,15,23.1,Wellness Kit
EVT00783,EMP114,Marketing,21-03-2025,Wellness Retreat,Social,Wellness Month,Attended,141,80.6,15,23.1,Wellness Kit
EVT00784,EMP135,Marketing,21-03-2025,Wellness Retreat,Social,Employee Engagement Drive,Attended,141,80.6,15,23.1,Wellness Kit
EVT00785,EMP018,Tech,21-03-2025,Wellness Retreat,Social,Mental Health Awareness Campaign,Attended,141,80.6,15,23.1,Wellness Kit
EVT00786,EMP152,Finance,21-03-2025,Wellness Retreat,Social,Employee Engagement Drive,Skipped,141,80.6,0,8.1,Gift Voucher
EVT00787,EMP042,Tech,21-03-2025,Wellness Retreat,Social,Wellness Month,Attended,141,80.6,15,23.1,Wellness Kit
EVT00788,EMP059,Tech,21-03-2025,Wellness Retreat,Social,Employee Engagement Drive,Skipped,141,80.6,0,8.1,Gift Voucher
EVT00789,EMP221,Sales,21-03-2025,Wellness Retreat,Social,Mental Health Awareness Campaign,Skipped,141,80.6,0,8.1,Gift Voucher
EVT00790,EMP159,Finance,21-03-2025,Wellness Retreat,Social,Wellness Month,Attended,141,80.6,15,23.1,Wellness Kit
EVT00791,EMP202,Operations,21-03-2025,Wellness Retreat,Social,Wellness Month,Attended,141,80.6,15,23.1,Wellness Kit
EVT00792,EMP064,Tech,21-03-2025,Wellness Retreat,Social,Wellness Month,Attended,141,80.6,15,23.1,Wellness Kit
EVT00793,EMP003,Tech,21-03-2025,Wellness Retreat,Social,Mental Health Awareness Campaign,Attended,141,80.6,15,23.1,Wellness Kit
EVT00794,EMP128,Marketing,21-03-2025,Wellness Retreat,Social,Employee Engagement Drive,Skipped,141,80.6,0,8.1,Gift Voucher
EVT00795,EMP150,Finance,21-03-2025,Wellness Retreat,Social,Wellness Month,Skipped,141,80.6,0,8.1,Gift Voucher
EVT00796,EMP158,Finance,21-03-2025,Wellness Retreat,Social,Healthy Workforce Initiative,Attended,141,80.6,15,23.1,Wellness Kit
EVT00797,EMP149,Finance,21-03-2025,Wellness Retreat,Social,Employee Engagement Drive,Attended,141,80.6,15,23.1,Wellness Kit
EVT00798,EMP016,Tech,21-03-2025,Wellness Retreat,Social,Wellness Month,Skipped,141,80.6,0,8.1,Gift Voucher
EVT00799,EMP193,Operations,21-03-2025,Wellness Retreat,Social,Mental Health Awareness Campaign,Attended,141,80.6,15,23.1,Wellness Kit
EVT00800,EMP066,Tech,21-03-2025,Wellness Retreat,Social,Mental Health Awareness Campaign,Attended,141,80.6,15,23.1,Wellness Kit
EVT00801,EMP153,Finance,21-03-2025,Wellness Retreat,Social,Mental Health Awareness Campaign,Attended,141,80.6,15,23.1,Wellness Kit
EVT00802,EMP077,HR,21-03-2025,Wellness Retreat,Social,Healthy Workforce Initiative,Attended,141,80.6,15,23.1,Wellness Kit
EVT00803,EMP198,Operations,21-03-2025,Wellness Retreat,Social,Wellness Month,Attended,141,80.6,15,23.1,Wellness Kit
EVT00804,EMP060,Tech,21-03-2025,Wellness Retreat,Social,Employee Engagement Drive,Attended,141,80.6,15,23.1,Wellness Kit
EVT00805,EMP026,Tech,21-03-2025,Wellness Retreat,Social,Wellness Month,Attended,141,80.6,15,23.1,Wellness Kit
EVT00806,EMP072,HR,21-03-2025,Wellness Retreat,Social,Mental Health Awareness Campaign,Attended,141,80.6,15,23.1,Wellness Kit
EVT00807,EMP249,Sales,21-03-2025,Wellness Retreat,Social,Wellness Month,Attended,141,80.6,15,23.1,Wellness Kit
EVT00808,EMP005,Tech,21-03-2025,Wellness Retreat,Social,Healthy Workforce Initiative,Skipped,141,80.6,0,8.1,Gift Voucher
EVT00809,EMP032,Tech,21-03-2025,Wellness Retreat,Social,Wellness Month,Attended,141,80.6,15,23.1,Wellness Kit
EVT00810,EMP188,Operations,21-03-2025,Wellness Retreat,Social,Employee Engagement Drive,Skipped,141,80.6,0,8.1,Gift Voucher
EVT00811,EMP030,Tech,21-03-2025,Wellness Retreat,Social,Wellness Month,Attended,141,80.6,15,23.1,Wellness Kit
EVT00812,EMP136,Marketing,21-03-2025,Wellness Retreat,Social,Mental Health Awareness Campaign,Attended,141,80.6,15,23.1,Wellness Kit
EVT00813,EMP161,Finance,21-03-2025,Wellness Retreat,Social,Employee Engagement Drive,Attended,141,80.6,15,23.1,Wellness Kit
EVT00814,EMP094,HR,21-03-2025,Wellness Retreat,Social,Mental Health Awareness Campaign,Attended,141,80.6,15,23.1,Wellness Kit
EVT00815,EMP131,Marketing,21-03-2025,Wellness Retreat,Social,Mental Health Awareness Campaign,Skipped,141,80.6,0,8.1,Gift Voucher
EVT00816,EMP019,Tech,21-03-2025,Wellness Retreat,Social,Healthy Workforce Initiative,Attended,141,80.6,15,23.1,Wellness Kit
EVT00817,EMP132,Marketing,21-03-2025,Wellness Retreat,Social,Healthy Workforce Initiative,Attended,141,80.6,15,23.1,Wellness Kit
EVT00818,EMP142,Finance,21-03-2025,Wellness Retreat,Social,Mental Health Awareness Campaign,Skipped,141,80.6,0,8.1,Gift Voucher
EVT00819,EMP011,Tech,21-03-2025,Wellness Retreat,Social,Wellness Month,Attended,141,80.6,15,23.1,Wellness Kit
EVT00820,EMP089,HR,21-03-2025,Wellness Retreat,Social,Healthy Workforce Initiative,Attended,141,80.6,15,23.1,Wellness Kit
EVT00821,EMP118,Marketing,21-03-2025,Wellness Retreat,Social,Healthy Workforce Initiative,Skipped,141,80.6,0,8.1,Gift Voucher
EVT00822,EMP174,Operations,21-03-2025,Wellness Retreat,Social,Healthy Workforce Initiative,Skipped,141,80.6,0,8.1,Gift Voucher
EVT00823,EMP092,HR,21-03-2025,Wellness Retreat,Social,Mental Health Awareness Campaign,Attended,141,80.6,15,23.1,Wellness Kit
EVT00824,EMP068,Tech,21-03-2025,Wellness Retreat,Social,Healthy Workforce Initiative,Attended,141,80.6,15,23.1,Wellness Kit
EVT00825,EMP044,Tech,21-03-2025,Wellness Retreat,Social,Employee Engagement Drive,Skipped,141,80.6,0,8.1,Gift Voucher
EVT00826,EMP117,Marketing,21-03-2025,Wellness Retreat,Social,Wellness Month,Attended,141,80.6,15,23.1,Wellness Kit
EVT00827,EMP006,Tech,21-03-2025,Wellness Retreat,Social,Employee Engagement Drive,Attended,141,80.6,15,23.1,Wellness Kit
EVT00828,EMP209,Operations,21-03-2025,Wellness Retreat,Social,Healthy Workforce Initiative,Skipped,141,80.6,0,8.1,Gift Voucher
EVT00829,EMP039,Tech,21-03-2025,Wellness Retreat,Social,Mental Health Awareness Campaign,Attended,141,80.6,15,23.1,Wellness Kit
EVT00830,EMP166,Operations,21-03-2025,Wellness Retreat,Social,Mental Health Awareness Campaign,Skipped,141,80.6,0,8.1,Gift Voucher
EVT00831,EMP075,HR,21-03-2025,Wellness Retreat,Social,Wellness Month,Attended,141,80.6,15,23.1,Wellness Kit
EVT00832,EMP144,Finance,21-03-2025,Wellness Retreat,Social,Mental Health Awareness Campaign,Attended,141,80.6,15,23.1,Wellness Kit
EVT00833,EMP100,HR,21-03-2025,Wellness Retreat,Social,Healthy Workforce Initiative,Attended,141,80.6,15,23.1,Wellness Kit
EVT00834,EMP087,HR,21-03-2025,Wellness Retreat,Social,Healthy Workforce Initiative,Attended,141,80.6,15,23.1,Wellness Kit
EVT00835,EMP200,Operations,21-03-2025,Wellness Retreat,Social,Wellness Month,Attended,141,80.6,15,23.1,Wellness Kit
EVT00836,EMP017,Tech,21-03-2025,Wellness Retreat,Social,Employee Engagement Drive,Attended,141,80.6,15,23.1,Wellness Kit
EVT00837,EMP014,Tech,21-03-2025,Wellness Retreat,Social,Employee Engagement Drive,Skipped,141,80.6,0,8.1,Gift Voucher
EVT00838,EMP120,Marketing,21-03-2025,Wellness Retreat,Social,Wellness Month,Attended,141,80.6,15,23.1,Wellness Kit
EVT00839,EMP053,Tech,21-03-2025,Wellness Retreat,Social,Healthy Workforce Initiative,Skipped,141,80.6,0,8.1,Gift Voucher
EVT00840,EMP103,Marketing,21-03-2025,Wellness Retreat,Social,Healthy Workforce Initiative,Attended,141,80.6,15,23.1,Wellness Kit
EVT00841,EMP125,Marketing,21-03-2025,Wellness Retreat,Social,Healthy Workforce Initiative,Attended,141,80.6,15,23.1,Wellness Kit
EVT00842,EMP245,Sales,21-03-2025,Wellness Retreat,Social,Employee Engagement Drive,Attended,141,80.6,15,23.1,Wellness Kit
EVT00843,EMP199,Operations,21-03-2025,Wellness Retreat,Social,Mental Health Awareness Campaign,Attended,141,80.6,15,23.1,Wellness Kit
EVT00844,EMP107,Marketing,21-03-2025,Wellness Retreat,Social,Employee Engagement Drive,Attended,141,80.6,15,23.1,Wellness Kit
EVT00845,EMP240,Sales,21-03-2025,Wellness Retreat,Social,Wellness Month,Skipped,141,80.6,0,8.1,Gift Voucher
EVT00846,EMP175,Operations,21-03-2025,Wellness Retreat,Social,Wellness Month,Attended,141,80.6,15,23.1,Wellness Kit
EVT00847,EMP226,Sales,21-03-2025,Wellness Retreat,Social,Healthy Workforce Initiative,Attended,141,80.6,15,23.1,Wellness Kit
EVT00848,EMP137,Marketing,21-03-2025,Wellness Retreat,Social,Wellness Month,Attended,141,80.6,15,23.1,Wellness Kit
EVT00849,EMP185,Operations,21-03-2025,Wellness Retreat,Social,Employee Engagement Drive,Attended,141,80.6,15,23.1,Wellness Kit
EVT00850,EMP247,Sales,21-03-2025,Wellness Retreat,Social,Mental Health Awareness Campaign,Attended,141,80.6,15,23.1,Wellness Kit
EVT00851,EMP204,Operations,21-03-2025,Wellness Retreat,Social,Wellness Month,Attended,141,80.6,15,23.1,Wellness Kit
EVT00852,EMP156,Finance,21-03-2025,Wellness Retreat,Social,Wellness Month,Skipped,141,80.6,0,8.1,Gift Voucher
EVT00853,EMP194,Operations,21-03-2025,Wellness Retreat,Social,Healthy Workforce Initiative,Skipped,141,80.6,0,8.1,Gift Voucher
EVT00854,EMP178,Operations,21-03-2025,Wellness Retreat,Social,Employee Engagement Drive,Attended,141,80.6,15,23.1,Wellness Kit
EVT00855,EMP021,Tech,21-03-2025,Wellness Retreat,Social,Mental Health Awareness Campaign,Attended,141,80.6,15,23.1,Wellness Kit
EVT00856,EMP182,Operations,21-03-2025,Wellness Retreat,Social,Mental Health Awareness Campaign,Attended,141,80.6,15,23.1,Wellness Kit
EVT00857,EMP215,Sales,21-03-2025,Wellness Retreat,Social,Mental Health Awareness Campaign,Skipped,141,80.6,0,8.1,Gift Voucher
EVT00858,EMP130,Marketing,21-03-2025,Wellness Retreat,Social,Healthy Workforce Initiative,Attended,141,80.6,15,23.1,Wellness Kit
EVT00859,EMP168,Operations,21-03-2025,Wellness Retreat,Social,Wellness Month,Attended,141,80.6,15,23.1,Wellness Kit
EVT00860,EMP070,Tech,21-03-2025,Wellness Retreat,Social,Employee Engagement Drive,Attended,141,80.6,15,23.1,Wellness Kit
EVT00861,EMP007,Tech,21-03-2025,Wellness Retreat,Social,Healthy Workforce Initiative,Attended,141,80.6,15,23.1,Wellness Kit
EVT00862,EMP244,Sales,21-03-2025,Wellness Retreat,Social,Mental Health Awareness Campaign,Attended,141,80.6,15,23.1,Wellness Kit
EVT00863,EMP145,Finance,21-03-2025,Wellness Retreat,Social,Healthy Workforce Initiative,Attended,141,80.6,15,23.1,Wellness Kit
EVT00864,EMP058,Tech,21-03-2025,Wellness Retreat,Social,Mental Health Awareness Campaign,Attended,141,80.6,15,23.1,Wellness Kit
EVT00865,EMP160,Finance,21-03-2025,Wellness Retreat,Social,Mental Health Awareness Campaign,Attended,141,80.6,15,23.1,Wellness Kit
EVT00866,EMP012,Tech,21-03-2025,Wellness Retreat,Social,Healthy Workforce Initiative,Attended,141,80.6,15,23.1,Wellness Kit
EVT00867,EMP036,Tech,21-03-2025,Wellness Retreat,Social,Wellness Month,Attended,141,80.6,15,23.1,Wellness Kit
EVT00868,EMP163,Finance,21-03-2025,Wellness Retreat,Social,Wellness Month,Attended,141,80.6,15,23.1,Wellness Kit
EVT00869,EMP071,HR,21-03-2025,Wellness Retreat,Social,Wellness Month,Attended,141,80.6,15,23.1,Wellness Kit
EVT00870,EMP090,HR,21-03-2025,Wellness Retreat,Social,Wellness Month,Attended,141,80.6,15,23.1,Wellness Kit
EVT00871,EMP169,Operations,21-03-2025,Wellness Retreat,Social,Employee Engagement Drive,Attended,141,80.6,15,23.1,Wellness Kit
EVT00872,EMP213,Sales,21-03-2025,Wellness Retreat,Social,Employee Engagement Drive,Skipped,141,80.6,0,8.1,Gift Voucher
EVT00873,EMP176,Operations,21-03-2025,Wellness Retreat,Social,Employee Engagement Drive,Attended,141,80.6,15,23.1,Wellness Kit
EVT00874,EMP134,Marketing,21-03-2025,Wellness Retreat,Social,Wellness Month,Attended,141,80.6,15,23.1,Wellness Kit
EVT00875,EMP037,Tech,21-03-2025,Wellness Retreat,Social,Employee Engagement Drive,Skipped,141,80.6,0,8.1,Gift Voucher
EVT00876,EMP143,Finance,21-03-2025,Wellness Retreat,Social,Wellness Month,Skipped,141,80.6,0,8.1,Gift Voucher
EVT00877,EMP073,HR,21-03-2025,Wellness Retreat,Social,Healthy Workforce Initiative,Attended,141,80.6,15,23.1,Wellness Kit
EVT00878,EMP212,Sales,21-03-2025,Wellness Retreat,Social,Employee Engagement Drive,Attended,141,80.6,15,23.1,Wellness Kit
EVT00879,EMP013,Tech,21-03-2025,Wellness Retreat,Social,Wellness Month,Attended,141,80.6,15,23.1,Wellness Kit
EVT00880,EMP056,Tech,21-03-2025,Wellness Retreat,Social,Employee Engagement Drive,Attended,141,80.6,15,23.1,Wellness Kit
EVT00881,EMP129,Marketing,21-03-2025,Wellness Retreat,Social,Employee Engagement Drive,Attended,141,80.6,15,23.1,Wellness Kit
EVT00882,EMP108,Marketing,21-03-2025,Wellness Retreat,Social,Healthy Workforce Initiative,Skipped,141,80.6,0,8.1,Gift Voucher
EVT00883,EMP085,HR,21-03-2025,Wellness Retreat,Social,Healthy Workforce Initiative,Attended,141,80.6,15,23.1,Wellness Kit
EVT00884,EMP063,Tech,21-03-2025,Wellness Retreat,Social,Mental Health Awareness Campaign,Attended,141,80.6,15,23.1,Wellness Kit
EVT00885,EMP084,HR,21-03-2025,Wellness Retreat,Social,Healthy Workforce Initiative,Attended,141,80.6,15,23.1,Wellness Kit
EVT00886,EMP051,Tech,21-03-2025,Wellness Retreat,Social,Mental Health Awareness Campaign,Attended,141,80.6,15,23.1,Wellness Kit
EVT00887,EMP146,Finance,21-03-2025,Wellness Retreat,Social,Wellness Month,Attended,141,80.6,15,23.1,Wellness Kit
EVT00888,EMP098,HR,21-03-2025,Wellness Retreat,Social,Healthy Workforce Initiative,Attended,141,80.6,15,23.1,Wellness Kit
EVT00889,EMP028,Tech,21-03-2025,Wellness Retreat,Social,Employee Engagement Drive,Attended,141,80.6,15,23.1,Wellness Kit
EVT00890,EMP197,Operations,21-03-2025,Wellness Retreat,Social,Healthy Workforce Initiative,Attended,141,80.6,15,23.1,Wellness Kit
EVT00891,EMP189,Operations,21-03-2025,Wellness Retreat,Social,Employee Engagement Drive,Skipped,141,80.6,0,8.1,Gift Voucher
EVT00892,EMP049,Tech,21-03-2025,Wellness Retreat,Social,Wellness Month,Attended,141,80.6,15,23.1,Wellness Kit
EVT00893,EMP052,Tech,21-03-2025,Wellness Retreat,Social,Healthy Workforce Initiative,Skipped,141,80.6,0,8.1,Gift Voucher
EVT00894,EMP191,Operations,21-03-2025,Wellness Retreat,Social,Healthy Workforce Initiative,Attended,141,80.6,15,23.1,Wellness Kit
EVT00895,EMP216,Sales,21-03-2025,Wellness Retreat,Social,Employee Engagement Drive,Attended,141,80.6,15,23.1,Wellness Kit
EVT00896,EMP184,Operations,21-03-2025,Wellness Retreat,Social,Healthy Workforce Initiative,Skipped,141,80.6,0,8.1,Gift Voucher
EVT00897,EMP243,Sales,21-03-2025,Wellness Retreat,Social,Healthy Workforce Initiative,Attended,141,80.6,15,23.1,Wellness Kit
EVT00898,EMP214,Sales,21-03-2025,Wellness Retreat,Social,Wellness Month,Skipped,141,80.6,0,8.1,Gift Voucher
EVT00899,EMP055,Tech,21-03-2025,Wellness Retreat,Social,Mental Health Awareness Campaign,Attended,141,80.6,15,23.1,Wellness Kit
EVT00900,EMP056,Tech,16-03-2025,Creative Workshop,Creative,Employee Engagement Drive,Attended,126,72,10,17.2,Gift Voucher
EVT00901,EMP136,Marketing,16-03-2025,Creative Workshop,Creative,Healthy Workforce Initiative,Skipped,126,72,0,7.2,Gift Voucher
EVT00902,EMP112,Marketing,16-03-2025,Creative Workshop,Creative,Employee Engagement Drive,Skipped,126,72,0,7.2,Gift Voucher
EVT00903,EMP124,Marketing,16-03-2025,Creative Workshop,Creative,Healthy Workforce Initiative,Skipped,126,72,0,7.2,Gift Voucher
EVT00904,EMP127,Marketing,16-03-2025,Creative Workshop,Creative,Wellness Month,Attended,126,72,10,17.2,Gift Voucher
EVT00905,EMP048,Tech,16-03-2025,Creative Workshop,Creative,Employee Engagement Drive,Attended,126,72,10,17.2,Gift Voucher
EVT00906,EMP214,Sales,16-03-2025,Creative Workshop,Creative,Mental Health Awareness Campaign,Attended,126,72,10,17.2,Gift Voucher
EVT00907,EMP162,Finance,16-03-2025,Creative Workshop,Creative,Wellness Month,Skipped,126,72,0,7.2,Gift Voucher
EVT00908,EMP108,Marketing,16-03-2025,Creative Workshop,Creative,Healthy Workforce Initiative,Attended,126,72,10,17.2,Gift Voucher
EVT00909,EMP071,HR,16-03-2025,Creative Workshop,Creative,Wellness Month,Attended,126,72,10,17.2,Gift Voucher
EVT00910,EMP069,Tech,16-03-2025,Creative Workshop,Creative,Wellness Month,Attended,126,72,10,17.2,Gift Voucher
EVT00911,EMP037,Tech,16-03-2025,Creative Workshop,Creative,Mental Health Awareness Campaign,Skipped,126,72,0,7.2,Gift Voucher
EVT00912,EMP063,Tech,16-03-2025,Creative Workshop,Creative,Wellness Month,Attended,126,72,10,17.2,Gift Voucher
EVT00913,EMP093,HR,16-03-2025,Creative Workshop,Creative,Mental Health Awareness Campaign,Skipped,126,72,0,7.2,Gift Voucher
EVT00914,EMP174,Operations,16-03-2025,Creative Workshop,Creative,Employee Engagement Drive,Attended,126,72,10,17.2,Gift Voucher
EVT00915,EMP004,Tech,16-03-2025,Creative Workshop,Creative,Mental Health Awareness Campaign,Attended,126,72,10,17.2,Gift Voucher
EVT00916,EMP062,Tech,16-03-2025,Creative Workshop,Creative,Wellness Month,Attended,126,72,10,17.2,Gift Voucher
EVT00917,EMP012,Tech,16-03-2025,Creative Workshop,Creative,Wellness Month,Attended,126,72,10,17.2,Gift Voucher
EVT00918,EMP070,Tech,16-03-2025,Creative Workshop,Creative,Employee Engagement Drive,Skipped,126,72,0,7.2,Gift Voucher
EVT00919,EMP019,Tech,16-03-2025,Creative Workshop,Creative,Healthy Workforce Initiative,Attended,126,72,10,17.2,Gift Voucher
EVT00920,EMP187,Operations,16-03-2025,Creative Workshop,Creative,Mental Health Awareness Campaign,Attended,126,72,10,17.2,Gift Voucher
EVT00921,EMP199,Operations,16-03-2025,Creative Workshop,Creative,Healthy Workforce Initiative,Attended,126,72,10,17.2,Gift Voucher
EVT00922,EMP052,Tech,16-03-2025,Creative Workshop,Creative,Healthy Workforce Initiative,Attended,126,72,10,17.2,Gift Voucher
EVT00923,EMP194,Operations,16-03-2025,Creative Workshop,Creative,Wellness Month,Attended,126,72,10,17.2,Gift Voucher
EVT00924,EMP229,Sales,16-03-2025,Creative Workshop,Creative,Healthy Workforce Initiative,Attended,126,72,10,17.2,Gift Voucher
EVT00925,EMP138,Marketing,16-03-2025,Creative Workshop,Creative,Healthy Workforce Initiative,Attended,126,72,10,17.2,Gift Voucher
EVT00926,EMP094,HR,16-03-2025,Creative Workshop,Creative,Wellness Month,Skipped,126,72,0,7.2,Gift Voucher
EVT00927,EMP228,Sales,16-03-2025,Creative Workshop,Creative,Wellness Month,Attended,126,72,10,17.2,Gift Voucher
EVT00928,EMP212,Sales,16-03-2025,Creative Workshop,Creative,Healthy Workforce Initiative,Skipped,126,72,0,7.2,Gift Voucher
EVT00929,EMP027,Tech,16-03-2025,Creative Workshop,Creative,Wellness Month,Attended,126,72,10,17.2,Gift Voucher
EVT00930,EMP224,Sales,16-03-2025,Creative Workshop,Creative,Wellness Month,Attended,126,72,10,17.2,Gift Voucher
EVT00931,EMP025,Tech,16-03-2025,Creative Workshop,Creative,Mental Health Awareness Campaign,Attended,126,72,10,17.2,Gift Voucher
EVT00932,EMP153,Finance,16-03-2025,Creative Workshop,Creative,Employee Engagement Drive,Attended,126,72,10,17.2,Gift Voucher
EVT00933,EMP130,Marketing,16-03-2025,Creative Workshop,Creative,Employee Engagement Drive,Attended,126,72,10,17.2,Gift Voucher
EVT00934,EMP226,Sales,16-03-2025,Creative Workshop,Creative,Healthy Workforce Initiative,Attended,126,72,10,17.2,Gift Voucher
EVT00935,EMP079,HR,16-03-2025,Creative Workshop,Creative,Wellness Month,Attended,126,72,10,17.2,Gift Voucher
EVT00936,EMP179,Operations,16-03-2025,Creative Workshop,Creative,Healthy Workforce Initiative,Attended,126,72,10,17.2,Gift Voucher
EVT00937,EMP132,Marketing,16-03-2025,Creative Workshop,Creative,Mental Health Awareness Campaign,Attended,126,72,10,17.2,Gift Voucher
EVT00938,EMP191,Operations,16-03-2025,Creative Workshop,Creative,Wellness Month,Attended,126,72,10,17.2,Gift Voucher
EVT00939,EMP163,Finance,16-03-2025,Creative Workshop,Creative,Healthy Workforce Initiative,Attended,126,72,10,17.2,Gift Voucher
EVT00940,EMP088,HR,16-03-2025,Creative Workshop,Creative,Employee Engagement Drive,Attended,126,72,10,17.2,Gift Voucher
EVT00941,EMP161,Finance,16-03-2025,Creative Workshop,Creative,Mental Health Awareness Campaign,Attended,126,72,10,17.2,Gift Voucher
EVT00942,EMP181,Operations,16-03-2025,Creative Workshop,Creative,Mental Health Awareness Campaign,Attended,126,72,10,17.2,Gift Voucher
EVT00943,EMP118,Marketing,16-03-2025,Creative Workshop,Creative,Mental Health Awareness Campaign,Attended,126,72,10,17.2,Gift Voucher
EVT00944,EMP240,Sales,16-03-2025,Creative Workshop,Creative,Employee Engagement Drive,Attended,126,72,10,17.2,Gift Voucher
EVT00945,EMP116,Marketing,16-03-2025,Creative Workshop,Creative,Wellness Month,Attended,126,72,10,17.2,Gift Voucher
EVT00946,EMP137,Marketing,16-03-2025,Creative Workshop,Creative,Wellness Month,Attended,126,72,10,17.2,Gift Voucher
EVT00947,EMP150,Finance,16-03-2025,Creative Workshop,Creative,Employee Engagement Drive,Attended,126,72,10,17.2,Gift Voucher
EVT00948,EMP080,HR,16-03-2025,Creative Workshop,Creative,Employee Engagement Drive,Skipped,126,72,0,7.2,Gift Voucher
EVT00949,EMP102,Marketing,16-03-2025,Creative Workshop,Creative,Wellness Month,Skipped,126,72,0,7.2,Gift Voucher
EVT00950,EMP148,Finance,16-03-2025,Creative Workshop,Creative,Mental Health Awareness Campaign,Attended,126,72,10,17.2,Gift Voucher
EVT00951,EMP198,Operations,16-03-2025,Creative Workshop,Creative,Wellness Month,Attended,126,72,10,17.2,Gift Voucher
EVT00952,EMP086,HR,16-03-2025,Creative Workshop,Creative,Wellness Month,Attended,126,72,10,17.2,Gift Voucher
EVT00953,EMP096,HR,16-03-2025,Creative Workshop,Creative,Wellness Month,Skipped,126,72,0,7.2,Gift Voucher
EVT00954,EMP066,Tech,16-03-2025,Creative Workshop,Creative,Employee Engagement Drive,Skipped,126,72,0,7.2,Gift Voucher
EVT00955,EMP089,HR,16-03-2025,Creative Workshop,Creative,Employee Engagement Drive,Attended,126,72,10,17.2,Gift Voucher
EVT00956,EMP068,Tech,16-03-2025,Creative Workshop,Creative,Healthy Workforce Initiative,Attended,126,72,10,17.2,Gift Voucher
EVT00957,EMP209,Operations,16-03-2025,Creative Workshop,Creative,Wellness Month,Attended,126,72,10,17.2,Gift Voucher
EVT00958,EMP113,Marketing,16-03-2025,Creative Workshop,Creative,Mental Health Awareness Campaign,Skipped,126,72,0,7.2,Gift Voucher
EVT00959,EMP204,Operations,16-03-2025,Creative Workshop,Creative,Healthy Workforce Initiative,Attended,126,72,10,17.2,Gift Voucher
EVT00960,EMP129,Marketing,16-03-2025,Creative Workshop,Creative,Wellness Month,Skipped,126,72,0,7.2,Gift Voucher
EVT00961,EMP244,Sales,16-03-2025,Creative Workshop,Creative,Employee Engagement Drive,Attended,126,72,10,17.2,Gift Voucher
EVT00962,EMP222,Sales,16-03-2025,Creative Workshop,Creative,Employee Engagement Drive,Attended,126,72,10,17.2,Gift Voucher
EVT00963,EMP237,Sales,16-03-2025,Creative Workshop,Creative,Healthy Workforce Initiative,Attended,126,72,10,17.2,Gift Voucher
EVT00964,EMP002,Tech,16-03-2025,Creative Workshop,Creative,Mental Health Awareness Campaign,Attended,126,72,10,17.2,Gift Voucher
EVT00965,EMP221,Sales,16-03-2025,Creative Workshop,Creative,Wellness Month,Attended,126,72,10,17.2,Gift Voucher
EVT00966,EMP031,Tech,16-03-2025,Creative Workshop,Creative,Employee Engagement Drive,Attended,126,72,10,17.2,Gift Voucher
EVT00967,EMP099,HR,16-03-2025,Creative Workshop,Creative,Healthy Workforce Initiative,Attended,126,72,10,17.2,Gift Voucher
EVT00968,EMP018,Tech,16-03-2025,Creative Workshop,Creative,Employee Engagement Drive,Attended,126,72,10,17.2,Gift Voucher
EVT00969,EMP020,Tech,16-03-2025,Creative Workshop,Creative,Employee Engagement Drive,Skipped,126,72,0,7.2,Gift Voucher
EVT00970,EMP245,Sales,16-03-2025,Creative Workshop,Creative,Mental Health Awareness Campaign,Attended,126,72,10,17.2,Gift Voucher
EVT00971,EMP190,Operations,16-03-2025,Creative Workshop,Creative,Employee Engagement Drive,Attended,126,72,10,17.2,Gift Voucher
EVT00972,EMP105,Marketing,16-03-2025,Creative Workshop,Creative,Healthy Workforce Initiative,Attended,126,72,10,17.2,Gift Voucher
EVT00973,EMP077,HR,16-03-2025,Creative Workshop,Creative,Mental Health Awareness Campaign,Attended,126,72,10,17.2,Gift Voucher
EVT00974,EMP101,Marketing,16-03-2025,Creative Workshop,Creative,Mental Health Awareness Campaign,Attended,126,72,10,17.2,Gift Voucher
EVT00975,EMP236,Sales,16-03-2025,Creative Workshop,Creative,Wellness Month,Attended,126,72,10,17.2,Gift Voucher
EVT00976,EMP131,Marketing,16-03-2025,Creative Workshop,Creative,Employee Engagement Drive,Attended,126,72,10,17.2,Gift Voucher
EVT00977,EMP125,Marketing,16-03-2025,Creative Workshop,Creative,Mental Health Awareness Campaign,Attended,126,72,10,17.2,Gift Voucher
EVT00978,EMP085,HR,16-03-2025,Creative Workshop,Creative,Employee Engagement Drive,Attended,126,72,10,17.2,Gift Voucher
EVT00979,EMP045,Tech,16-03-2025,Creative Workshop,Creative,Wellness Month,Attended,126,72,10,17.2,Gift Voucher
EVT00980,EMP078,HR,16-03-2025,Creative Workshop,Creative,Mental Health Awareness Campaign,Attended,126,72,10,17.2,Gift Voucher
EVT00981,EMP047,Tech,16-03-2025,Creative Workshop,Creative,Employee Engagement Drive,Attended,126,72,10,17.2,Gift Voucher
EVT00982,EMP036,Tech,16-03-2025,Creative Workshop,Creative,Wellness Month,Skipped,126,72,0,7.2,Gift Voucher
EVT00983,EMP152,Finance,16-03-2025,Creative Workshop,Creative,Wellness Month,Attended,126,72,10,17.2,Gift Voucher
EVT00984,EMP211,Sales,16-03-2025,Creative Workshop,Creative,Mental Health Awareness Campaign,Skipped,126,72,0,7.2,Gift Voucher
EVT00985,EMP115,Marketing,16-03-2025,Creative Workshop,Creative,Employee Engagement Drive,Skipped,126,72,0,7.2,Gift Voucher
EVT00986,EMP248,Sales,16-03-2025,Creative Workshop,Creative,Healthy Workforce Initiative,Skipped,126,72,0,7.2,Gift Voucher
EVT00987,EMP117,Marketing,16-03-2025,Creative Workshop,Creative,Wellness Month,Skipped,126,72,0,7.2,Gift Voucher
EVT00988,EMP001,Tech,16-03-2025,Creative Workshop,Creative,Healthy Workforce Initiative,Attended,126,72,10,17.2,Gift Voucher
EVT00989,EMP168,Operations,16-03-2025,Creative Workshop,Creative,Mental Health Awareness Campaign,Attended,126,72,10,17.2,Gift Voucher
EVT00990,EMP110,Marketing,16-03-2025,Creative Workshop,Creative,Employee Engagement Drive,Attended,126,72,10,17.2,Gift Voucher
EVT00991,EMP151,Finance,16-03-2025,Creative Workshop,Creative,Healthy Workforce Initiative,Attended,126,72,10,17.2,Gift Voucher
EVT00992,EMP014,Tech,16-03-2025,Creative Workshop,Creative,Mental Health Awareness Campaign,Attended,126,72,10,17.2,Gift Voucher
EVT00993,EMP098,HR,16-03-2025,Creative Workshop,Creative,Mental Health Awareness Campaign,Skipped,126,72,0,7.2,Gift Voucher
EVT00994,EMP082,HR,16-03-2025,Creative Workshop,Creative,Healthy Workforce Initiative,Skipped,126,72,0,7.2,Gift Voucher
EVT00995,EMP166,Operations,16-03-2025,Creative Workshop,Creative,Mental Health Awareness Campaign,Skipped,126,72,0,7.2,Gift Voucher
EVT00996,EMP011,Tech,16-03-2025,Creative Workshop,Creative,Mental Health Awareness Campaign,Attended,126,72,10,17.2,Gift Voucher
EVT00997,EMP195,Operations,16-03-2025,Creative Workshop,Creative,Healthy Workforce Initiative,Skipped,126,72,0,7.2,Gift Voucher
EVT00998,EMP033,Tech,16-03-2025,Creative Workshop,Creative,Healthy Workforce Initiative,Attended,126,72,10,17.2,Gift Voucher
EVT00999,EMP171,Operations,16-03-2025,Creative Workshop,Creative,Healthy Workforce Initiative,Skipped,126,72,0,7.2,Gift Voucher
EVT01000,EMP032,Tech,16-03-2025,Creative Workshop,Creative,Healthy Workforce Initiative,Skipped,126,72,0,7.2,Gift Voucher
EVT01001,EMP120,Marketing,16-03-2025,Creative Workshop,Creative,Wellness Month,Attended,126,72,10,17.2,Gift Voucher
EVT01002,EMP104,Marketing,16-03-2025,Creative Workshop,Creative,Mental Health Awareness Campaign,Skipped,126,72,0,7.2,Gift Voucher
EVT01003,EMP065,Tech,16-03-2025,Creative Workshop,Creative,Healthy Workforce Initiative,Attended,126,72,10,17.2,Gift Voucher
EVT01004,EMP022,Tech,16-03-2025,Creative Workshop,Creative,Employee Engagement Drive,Attended,126,72,10,17.2,Gift Voucher
EVT01005,EMP177,Operations,16-03-2025,Creative Workshop,Creative,Healthy Workforce Initiative,Skipped,126,72,0,7.2,Gift Voucher
EVT01006,EMP053,Tech,16-03-2025,Creative Workshop,Creative,Wellness Month,Attended,126,72,10,17.2,Gift Voucher
EVT01007,EMP227,Sales,16-03-2025,Creative Workshop,Creative,Mental Health Awareness Campaign,Attended,126,72,10,17.2,Gift Voucher
EVT01008,EMP170,Operations,16-03-2025,Creative Workshop,Creative,Mental Health Awareness Campaign,Attended,126,72,10,17.2,Gift Voucher
EVT01009,EMP180,Operations,16-03-2025,Creative Workshop,Creative,Healthy Workforce Initiative,Attended,126,72,10,17.2,Gift Voucher
EVT01010,EMP200,Operations,16-03-2025,Creative Workshop,Creative,Employee Engagement Drive,Attended,126,72,10,17.2,Gift Voucher
EVT01011,EMP246,Sales,16-03-2025,Creative Workshop,Creative,Healthy Workforce Initiative,Attended,126,72,10,17.2,Gift Voucher
EVT01012,EMP141,Finance,16-03-2025,Creative Workshop,Creative,Mental Health Awareness Campaign,Attended,126,72,10,17.2,Gift Voucher
EVT01013,EMP058,Tech,16-03-2025,Creative Workshop,Creative,Healthy Workforce Initiative,Attended,126,72,10,17.2,Gift Voucher
EVT01014,EMP100,HR,16-03-2025,Creative Workshop,Creative,Healthy Workforce Initiative,Attended,126,72,10,17.2,Gift Voucher
EVT01015,EMP043,Tech,16-03-2025,Creative Workshop,Creative,Mental Health Awareness Campaign,Attended,126,72,10,17.2,Gift Voucher
EVT01016,EMP175,Operations,16-03-2025,Creative Workshop,Creative,Mental Health Awareness Campaign,Skipped,126,72,0,7.2,Gift Voucher
EVT01017,EMP238,Sales,16-03-2025,Creative Workshop,Creative,Healthy Workforce Initiative,Attended,126,72,10,17.2,Gift Voucher
EVT01018,EMP119,Marketing,16-03-2025,Creative Workshop,Creative,Employee Engagement Drive,Attended,126,72,10,17.2,Gift Voucher
EVT01019,EMP061,Tech,16-03-2025,Creative Workshop,Creative,Wellness Month,Skipped,126,72,0,7.2,Gift Voucher
EVT01020,EMP111,Marketing,16-03-2025,Creative Workshop,Creative,Wellness Month,Attended,126,72,10,17.2,Gift Voucher
EVT01021,EMP243,Sales,16-03-2025,Creative Workshop,Creative,Wellness Month,Attended,126,72,10,17.2,Gift Voucher
EVT01022,EMP213,Sales,16-03-2025,Creative Workshop,Creative,Employee Engagement Drive,Skipped,126,72,0,7.2,Gift Voucher
EVT01023,EMP172,Operations,16-03-2025,Creative Workshop,Creative,Healthy Workforce Initiative,Attended,126,72,10,17.2,Gift Voucher
EVT01024,EMP143,Finance,16-03-2025,Creative Workshop,Creative,Employee Engagement Drive,Attended,126,72,10,17.2,Gift Voucher
EVT01025,EMP044,Tech,16-03-2025,Creative Workshop,Creative,Healthy Workforce Initiative,Attended,126,72,10,17.2,Gift Voucher
EVT01026,EMP191,Operations,14-04-2025,Yoga Week,Mental,Wellness Month,Attended,88,50.3,20,25,Wellness Kit
EVT01027,EMP235,Sales,14-04-2025,Yoga Week,Mental,Employee Engagement Drive,Skipped,88,50.3,0,5,Gift Voucher
EVT01028,EMP219,Sales,14-04-2025,Yoga Week,Mental,Mental Health Awareness Campaign,Skipped,88,50.3,0,5,Gift Voucher
EVT01029,EMP183,Operations,14-04-2025,Yoga Week,Mental,Mental Health Awareness Campaign,Skipped,88,50.3,0,5,Gift Voucher
EVT01030,EMP096,HR,14-04-2025,Yoga Week,Mental,Healthy Workforce Initiative,Attended,88,50.3,20,25,Wellness Kit
EVT01031,EMP084,HR,14-04-2025,Yoga Week,Mental,Mental Health Awareness Campaign,Skipped,88,50.3,0,5,Gift Voucher
EVT01032,EMP213,Sales,14-04-2025,Yoga Week,Mental,Wellness Month,Skipped,88,50.3,0,5,Gift Voucher
EVT01033,EMP245,Sales,14-04-2025,Yoga Week,Mental,Employee Engagement Drive,Attended,88,50.3,20,25,Wellness Kit
EVT01034,EMP088,HR,14-04-2025,Yoga Week,Mental,Wellness Month,Attended,88,50.3,20,25,Wellness Kit
EVT01035,EMP014,Tech,14-04-2025,Yoga Week,Mental,Mental Health Awareness Campaign,Skipped,88,50.3,0,5,Gift Voucher
EVT01036,EMP050,Tech,14-04-2025,Yoga Week,Mental,Wellness Month,Attended,88,50.3,20,25,Wellness Kit
EVT01037,EMP083,HR,14-04-2025,Yoga Week,Mental,Healthy Workforce Initiative,Skipped,88,50.3,0,5,Gift Voucher
EVT01038,EMP179,Operations,14-04-2025,Yoga Week,Mental,Mental Health Awareness Campaign,Attended,88,50.3,20,25,Wellness Kit
EVT01039,EMP232,Sales,14-04-2025,Yoga Week,Mental,Employee Engagement Drive,Attended,88,50.3,20,25,Wellness Kit
EVT01040,EMP203,Operations,14-04-2025,Yoga Week,Mental,Employee Engagement Drive,Attended,88,50.3,20,25,Wellness Kit
EVT01041,EMP118,Marketing,14-04-2025,Yoga Week,Mental,Healthy Workforce Initiative,Attended,88,50.3,20,25,Wellness Kit
EVT01042,EMP139,Marketing,14-04-2025,Yoga Week,Mental,Mental Health Awareness Campaign,Skipped,88,50.3,0,5,Gift Voucher
EVT01043,EMP228,Sales,14-04-2025,Yoga Week,Mental,Healthy Workforce Initiative,Attended,88,50.3,20,25,Wellness Kit
EVT01044,EMP071,HR,14-04-2025,Yoga Week,Mental,Employee Engagement Drive,Attended,88,50.3,20,25,Wellness Kit
EVT01045,EMP082,HR,14-04-2025,Yoga Week,Mental,Employee Engagement Drive,Attended,88,50.3,20,25,Wellness Kit
EVT01046,EMP015,Tech,14-04-2025,Yoga Week,Mental,Wellness Month,Attended,88,50.3,20,25,Wellness Kit
EVT01047,EMP095,HR,14-04-2025,Yoga Week,Mental,Healthy Workforce Initiative,Attended,88,50.3,20,25,Wellness Kit
EVT01048,EMP011,Tech,14-04-2025,Yoga Week,Mental,Wellness Month,Attended,88,50.3,20,25,Wellness Kit
EVT01049,EMP250,Sales,14-04-2025,Yoga Week,Mental,Employee Engagement Drive,Attended,88,50.3,20,25,Wellness Kit
EVT01050,EMP133,Marketing,14-04-2025,Yoga Week,Mental,Healthy Workforce Initiative,Attended,88,50.3,20,25,Wellness Kit
EVT01051,EMP168,Operations,14-04-2025,Yoga Week,Mental,Healthy Workforce Initiative,Skipped,88,50.3,0,5,Gift Voucher
EVT01052,EMP154,Finance,14-04-2025,Yoga Week,Mental,Mental Health Awareness Campaign,Attended,88,50.3,20,25,Wellness Kit
EVT01053,EMP025,Tech,14-04-2025,Yoga Week,Mental,Mental Health Awareness Campaign,Attended,88,50.3,20,25,Wellness Kit
EVT01054,EMP189,Operations,14-04-2025,Yoga Week,Mental,Healthy Workforce Initiative,Attended,88,50.3,20,25,Wellness Kit
EVT01055,EMP187,Operations,14-04-2025,Yoga Week,Mental,Employee Engagement Drive,Skipped,88,50.3,0,5,Gift Voucher
EVT01056,EMP205,Operations,14-04-2025,Yoga Week,Mental,Healthy Workforce Initiative,Skipped,88,50.3,0,5,Gift Voucher
EVT01057,EMP242,Sales,14-04-2025,Yoga Week,Mental,Wellness Month,Attended,88,50.3,20,25,Wellness Kit
EVT01058,EMP128,Marketing,14-04-2025,Yoga Week,Mental,Healthy Workforce Initiative,Attended,88,50.3,20,25,Wellness Kit
EVT01059,EMP094,HR,14-04-2025,Yoga Week,Mental,Healthy Workforce Initiative,Attended,88,50.3,20,25,Wellness Kit
EVT01060,EMP178,Operations,14-04-2025,Yoga Week,Mental,Wellness Month,Skipped,88,50.3,0,5,Gift Voucher
EVT01061,EMP042,Tech,14-04-2025,Yoga Week,Mental,Mental Health Awareness Campaign,Attended,88,50.3,20,25,Wellness Kit
EVT01062,EMP085,HR,14-04-2025,Yoga Week,Mental,Wellness Month,Skipped,88,50.3,0,5,Gift Voucher
EVT01063,EMP197,Operations,14-04-2025,Yoga Week,Mental,Employee Engagement Drive,Attended,88,50.3,20,25,Wellness Kit
EVT01064,EMP012,Tech,14-04-2025,Yoga Week,Mental,Healthy Workforce Initiative,Attended,88,50.3,20,25,Wellness Kit
EVT01065,EMP229,Sales,14-04-2025,Yoga Week,Mental,Mental Health Awareness Campaign,Attended,88,50.3,20,25,Wellness Kit
EVT01066,EMP020,Tech,14-04-2025,Yoga Week,Mental,Wellness Month,Attended,88,50.3,20,25,Wellness Kit
EVT01067,EMP044,Tech,14-04-2025,Yoga Week,Mental,Mental Health Awareness Campaign,Attended,88,50.3,20,25,Wellness Kit
EVT01068,EMP182,Operations,14-04-2025,Yoga Week,Mental,Wellness Month,Attended,88,50.3,20,25,Wellness Kit
EVT01069,EMP210,Operations,14-04-2025,Yoga Week,Mental,Wellness Month,Attended,88,50.3,20,25,Wellness Kit
EVT01070,EMP024,Tech,14-04-2025,Yoga Week,Mental,Wellness Month,Attended,88,50.3,20,25,Wellness Kit
EVT01071,EMP087,HR,14-04-2025,Yoga Week,Mental,Wellness Month,Skipped,88,50.3,0,5,Gift Voucher
EVT01072,EMP069,Tech,14-04-2025,Yoga Week,Mental,Employee Engagement Drive,Attended,88,50.3,20,25,Wellness Kit
EVT01073,EMP172,Operations,14-04-2025,Yoga Week,Mental,Employee Engagement Drive,Skipped,88,50.3,0,5,Gift Voucher
EVT01074,EMP008,Tech,14-04-2025,Yoga Week,Mental,Healthy Workforce Initiative,Skipped,88,50.3,0,5,Gift Voucher
EVT01075,EMP167,Operations,14-04-2025,Yoga Week,Mental,Employee Engagement Drive,Attended,88,50.3,20,25,Wellness Kit
EVT01076,EMP005,Tech,14-04-2025,Yoga Week,Mental,Healthy Workforce Initiative,Attended,88,50.3,20,25,Wellness Kit
EVT01077,EMP164,Finance,14-04-2025,Yoga Week,Mental,Wellness Month,Attended,88,50.3,20,25,Wellness Kit
EVT01078,EMP070,Tech,14-04-2025,Yoga Week,Mental,Employee Engagement Drive,Skipped,88,50.3,0,5,Gift Voucher
EVT01079,EMP221,Sales,14-04-2025,Yoga Week,Mental,Employee Engagement Drive,Attended,88,50.3,20,25,Wellness Kit
EVT01080,EMP173,Operations,14-04-2025,Yoga Week,Mental,Healthy Workforce Initiative,Attended,88,50.3,20,25,Wellness Kit
EVT01081,EMP244,Sales,14-04-2025,Yoga Week,Mental,Wellness Month,Attended,88,50.3,20,25,Wellness Kit
EVT01082,EMP077,HR,14-04-2025,Yoga Week,Mental,Healthy Workforce Initiative,Attended,88,50.3,20,25,Wellness Kit
EVT01083,EMP092,HR,14-04-2025,Yoga Week,Mental,Healthy Workforce Initiative,Attended,88,50.3,20,25,Wellness Kit
EVT01084,EMP116,Marketing,14-04-2025,Yoga Week,Mental,Employee Engagement Drive,Attended,88,50.3,20,25,Wellness Kit
EVT01085,EMP218,Sales,14-04-2025,Yoga Week,Mental,Employee Engagement Drive,Attended,88,50.3,20,25,Wellness Kit
EVT01086,EMP222,Sales,14-04-2025,Yoga Week,Mental,Mental Health Awareness Campaign,Attended,88,50.3,20,25,Wellness Kit
EVT01087,EMP091,HR,14-04-2025,Yoga Week,Mental,Employee Engagement Drive,Skipped,88,50.3,0,5,Gift Voucher
EVT01088,EMP163,Finance,14-04-2025,Yoga Week,Mental,Employee Engagement Drive,Attended,88,50.3,20,25,Wellness Kit
EVT01089,EMP125,Marketing,14-04-2025,Yoga Week,Mental,Wellness Month,Attended,88,50.3,20,25,Wellness Kit
EVT01090,EMP155,Finance,14-04-2025,Yoga Week,Mental,Wellness Month,Skipped,88,50.3,0,5,Gift Voucher
EVT01091,EMP214,Sales,14-04-2025,Yoga Week,Mental,Mental Health Awareness Campaign,Skipped,88,50.3,0,5,Gift Voucher
EVT01092,EMP147,Finance,14-04-2025,Yoga Week,Mental,Mental Health Awareness Campaign,Attended,88,50.3,20,25,Wellness Kit
EVT01093,EMP002,Tech,14-04-2025,Yoga Week,Mental,Employee Engagement Drive,Attended,88,50.3,20,25,Wellness Kit
EVT01094,EMP086,HR,14-04-2025,Yoga Week,Mental,Healthy Workforce Initiative,Attended,88,50.3,20,25,Wellness Kit
EVT01095,EMP117,Marketing,14-04-2025,Yoga Week,Mental,Mental Health Awareness Campaign,Attended,88,50.3,20,25,Wellness Kit
EVT01096,EMP180,Operations,14-04-2025,Yoga Week,Mental,Healthy Workforce Initiative,Skipped,88,50.3,0,5,Gift Voucher
EVT01097,EMP036,Tech,14-04-2025,Yoga Week,Mental,Employee Engagement Drive,Attended,88,50.3,20,25,Wellness Kit
EVT01098,EMP027,Tech,14-04-2025,Yoga Week,Mental,Healthy Workforce Initiative,Attended,88,50.3,20,25,Wellness Kit
EVT01099,EMP038,Tech,14-04-2025,Yoga Week,Mental,Employee Engagement Drive,Attended,88,50.3,20,25,Wellness Kit
EVT01100,EMP248,Sales,14-04-2025,Yoga Week,Mental,Employee Engagement Drive,Attended,88,50.3,20,25,Wellness Kit
EVT01101,EMP031,Tech,14-04-2025,Yoga Week,Mental,Mental Health Awareness Campaign,Attended,88,50.3,20,25,Wellness Kit
EVT01102,EMP200,Operations,14-04-2025,Yoga Week,Mental,Healthy Workforce Initiative,Skipped,88,50.3,0,5,Gift Voucher
EVT01103,EMP045,Tech,14-04-2025,Yoga Week,Mental,Mental Health Awareness Campaign,Skipped,88,50.3,0,5,Gift Voucher
EVT01104,EMP039,Tech,14-04-2025,Yoga Week,Mental,Wellness Month,Attended,88,50.3,20,25,Wellness Kit
EVT01105,EMP079,HR,14-04-2025,Yoga Week,Mental,Healthy Workforce Initiative,Skipped,88,50.3,0,5,Gift Voucher
EVT01106,EMP249,Sales,14-04-2025,Yoga Week,Mental,Employee Engagement Drive,Attended,88,50.3,20,25,Wellness Kit
EVT01107,EMP059,Tech,14-04-2025,Yoga Week,Mental,Employee Engagement Drive,Skipped,88,50.3,0,5,Gift Voucher
EVT01108,EMP231,Sales,14-04-2025,Yoga Week,Mental,Mental Health Awareness Campaign,Attended,88,50.3,20,25,Wellness Kit
EVT01109,EMP243,Sales,14-04-2025,Yoga Week,Mental,Mental Health Awareness Campaign,Skipped,88,50.3,0,5,Gift Voucher
EVT01110,EMP224,Sales,14-04-2025,Yoga Week,Mental,Mental Health Awareness Campaign,Attended,88,50.3,20,25,Wellness Kit
EVT01111,EMP029,Tech,14-04-2025,Yoga Week,Mental,Wellness Month,Attended,88,50.3,20,25,Wellness Kit
EVT01112,EMP127,Marketing,14-04-2025,Yoga Week,Mental,Employee Engagement Drive,Attended,88,50.3,20,25,Wellness Kit
EVT01113,EMP181,Operations,14-04-2025,Yoga Week,Mental,Healthy Workforce Initiative,Attended,88,50.3,20,25,Wellness Kit
EVT01114,EMP010,Tech,01-04-2025,Mindfulness Month,Mental,Wellness Month,Attended,69,39.4,20,23.9,Wellness Kit
EVT01115,EMP013,Tech,01-04-2025,Mindfulness Month,Mental,Mental Health Awareness Campaign,Attended,69,39.4,20,23.9,Wellness Kit
EVT01116,EMP217,Sales,01-04-2025,Mindfulness Month,Mental,Employee Engagement Drive,Attended,69,39.4,20,23.9,Wellness Kit
EVT01117,EMP140,Marketing,01-04-2025,Mindfulness Month,Mental,Healthy Workforce Initiative,Attended,69,39.4,20,23.9,Wellness Kit
EVT01118,EMP159,Finance,01-04-2025,Mindfulness Month,Mental,Wellness Month,Attended,69,39.4,20,23.9,Wellness Kit
EVT01119,EMP125,Marketing,01-04-2025,Mindfulness Month,Mental,Employee Engagement Drive,Skipped,69,39.4,0,3.9,Gift Voucher
EVT01120,EMP180,Operations,01-04-2025,Mindfulness Month,Mental,Mental Health Awareness Campaign,Attended,69,39.4,20,23.9,Wellness Kit
EVT01121,EMP195,Operations,01-04-2025,Mindfulness Month,Mental,Wellness Month,Attended,69,39.4,20,23.9,Wellness Kit
EVT01122,EMP233,Sales,01-04-2025,Mindfulness Month,Mental,Healthy Workforce Initiative,Skipped,69,39.4,0,3.9,Gift Voucher
EVT01123,EMP025,Tech,01-04-2025,Mindfulness Month,Mental,Wellness Month,Attended,69,39.4,20,23.9,Wellness Kit
EVT01124,EMP017,Tech,01-04-2025,Mindfulness Month,Mental,Wellness Month,Attended,69,39.4,20,23.9,Wellness Kit
EVT01125,EMP228,Sales,01-04-2025,Mindfulness Month,Mental,Employee Engagement Drive,Skipped,69,39.4,0,3.9,Gift Voucher
EVT01126,EMP121,Marketing,01-04-2025,Mindfulness Month,Mental,Employee Engagement Drive,Attended,69,39.4,20,23.9,Wellness Kit
EVT01127,EMP169,Operations,01-04-2025,Mindfulness Month,Mental,Mental Health Awareness Campaign,Attended,69,39.4,20,23.9,Wellness Kit
EVT01128,EMP079,HR,01-04-2025,Mindfulness Month,Mental,Employee Engagement Drive,Skipped,69,39.4,0,3.9,Gift Voucher
EVT01129,EMP156,Finance,01-04-2025,Mindfulness Month,Mental,Wellness Month,Attended,69,39.4,20,23.9,Wellness Kit
EVT01130,EMP250,Sales,01-04-2025,Mindfulness Month,Mental,Employee Engagement Drive,Attended,69,39.4,20,23.9,Wellness Kit
EVT01131,EMP150,Finance,01-04-2025,Mindfulness Month,Mental,Mental Health Awareness Campaign,Attended,69,39.4,20,23.9,Wellness Kit
EVT01132,EMP153,Finance,01-04-2025,Mindfulness Month,Mental,Mental Health Awareness Campaign,Attended,69,39.4,20,23.9,Wellness Kit
EVT01133,EMP024,Tech,01-04-2025,Mindfulness Month,Mental,Mental Health Awareness Campaign,Attended,69,39.4,20,23.9,Wellness Kit
EVT01134,EMP247,Sales,01-04-2025,Mindfulness Month,Mental,Mental Health Awareness Campaign,Skipped,69,39.4,0,3.9,Gift Voucher
EVT01135,EMP030,Tech,01-04-2025,Mindfulness Month,Mental,Employee Engagement Drive,Skipped,69,39.4,0,3.9,Gift Voucher
EVT01136,EMP219,Sales,01-04-2025,Mindfulness Month,Mental,Healthy Workforce Initiative,Attended,69,39.4,20,23.9,Wellness Kit
EVT01137,EMP005,Tech,01-04-2025,Mindfulness Month,Mental,Healthy Workforce Initiative,Attended,69,39.4,20,23.9,Wellness Kit
EVT01138,EMP178,Operations,01-04-2025,Mindfulness Month,Mental,Healthy Workforce Initiative,Attended,69,39.4,20,23.9,Wellness Kit
EVT01139,EMP035,Tech,01-04-2025,Mindfulness Month,Mental,Healthy Workforce Initiative,Attended,69,39.4,20,23.9,Wellness Kit
EVT01140,EMP077,HR,01-04-2025,Mindfulness Month,Mental,Healthy Workforce Initiative,Skipped,69,39.4,0,3.9,Gift Voucher
EVT01141,EMP193,Operations,01-04-2025,Mindfulness Month,Mental,Healthy Workforce Initiative,Attended,69,39.4,20,23.9,Wellness Kit
EVT01142,EMP016,Tech,01-04-2025,Mindfulness Month,Mental,Healthy Workforce Initiative,Attended,69,39.4,20,23.9,Wellness Kit
EVT01143,EMP098,HR,01-04-2025,Mindfulness Month,Mental,Mental Health Awareness Campaign,Skipped,69,39.4,0,3.9,Gift Voucher
EVT01144,EMP023,Tech,01-04-2025,Mindfulness Month,Mental,Healthy Workforce Initiative,Skipped,69,39.4,0,3.9,Gift Voucher
EVT01145,EMP012,Tech,01-04-2025,Mindfulness Month,Mental,Mental Health Awareness Campaign,Attended,69,39.4,20,23.9,Wellness Kit
EVT01146,EMP166,Operations,01-04-2025,Mindfulness Month,Mental,Healthy Workforce Initiative,Attended,69,39.4,20,23.9,Wellness Kit
EVT01147,EMP176,Operations,01-04-2025,Mindfulness Month,Mental,Mental Health Awareness Campaign,Attended,69,39.4,20,23.9,Wellness Kit
EVT01148,EMP036,Tech,01-04-2025,Mindfulness Month,Mental,Healthy Workforce Initiative,Attended,69,39.4,20,23.9,Wellness Kit
EVT01149,EMP104,Marketing,01-04-2025,Mindfulness Month,Mental,Employee Engagement Drive,Skipped,69,39.4,0,3.9,Gift Voucher
EVT01150,EMP149,Finance,01-04-2025,Mindfulness Month,Mental,Wellness Month,Attended,69,39.4,20,23.9,Wellness Kit
EVT01151,EMP174,Operations,01-04-2025,Mindfulness Month,Mental,Wellness Month,Attended,69,39.4,20,23.9,Wellness Kit
EVT01152,EMP182,Operations,01-04-2025,Mindfulness Month,Mental,Wellness Month,Attended,69,39.4,20,23.9,Wellness Kit
EVT01153,EMP075,HR,01-04-2025,Mindfulness Month,Mental,Wellness Month,Skipped,69,39.4,0,3.9,Gift Voucher
EVT01154,EMP021,Tech,01-04-2025,Mindfulness Month,Mental,Employee Engagement Drive,Attended,69,39.4,20,23.9,Wellness Kit
EVT01155,EMP084,HR,01-04-2025,Mindfulness Month,Mental,Healthy Workforce Initiative,Skipped,69,39.4,0,3.9,Gift Voucher
EVT01156,EMP243,Sales,01-04-2025,Mindfulness Month,Mental,Wellness Month,Attended,69,39.4,20,23.9,Wellness Kit
EVT01157,EMP114,Marketing,01-04-2025,Mindfulness Month,Mental,Mental Health Awareness Campaign,Attended,69,39.4,20,23.9,Wellness Kit
EVT01158,EMP078,HR,01-04-2025,Mindfulness Month,Mental,Employee Engagement Drive,Attended,69,39.4,20,23.9,Wellness Kit
EVT01159,EMP161,Finance,01-04-2025,Mindfulness Month,Mental,Healthy Workforce Initiative,Attended,69,39.4,20,23.9,Wellness Kit
EVT01160,EMP100,HR,01-04-2025,Mindfulness Month,Mental,Wellness Month,Attended,69,39.4,20,23.9,Wellness Kit
EVT01161,EMP229,Sales,01-04-2025,Mindfulness Month,Mental,Wellness Month,Skipped,69,39.4,0,3.9,Gift Voucher
EVT01162,EMP171,Operations,01-04-2025,Mindfulness Month,Mental,Healthy Workforce Initiative,Skipped,69,39.4,0,3.9,Gift Voucher
EVT01163,EMP226,Sales,01-04-2025,Mindfulness Month,Mental,Employee Engagement Drive,Attended,69,39.4,20,23.9,Wellness Kit
EVT01164,EMP127,Marketing,01-04-2025,Mindfulness Month,Mental,Wellness Month,Attended,69,39.4,20,23.9,Wellness Kit
EVT01165,EMP235,Sales,01-04-2025,Mindfulness Month,Mental,Healthy Workforce Initiative,Attended,69,39.4,20,23.9,Wellness Kit
EVT01166,EMP068,Tech,01-04-2025,Mindfulness Month,Mental,Mental Health Awareness Campaign,Skipped,69,39.4,0,3.9,Gift Voucher
EVT01167,EMP004,Tech,01-04-2025,Mindfulness Month,Mental,Wellness Month,Skipped,69,39.4,0,3.9,Gift Voucher
EVT01168,EMP237,Sales,01-04-2025,Mindfulness Month,Mental,Mental Health Awareness Campaign,Skipped,69,39.4,0,3.9,Gift Voucher
EVT01169,EMP175,Operations,01-04-2025,Mindfulness Month,Mental,Mental Health Awareness Campaign,Attended,69,39.4,20,23.9,Wellness Kit
EVT01170,EMP170,Operations,01-04-2025,Mindfulness Month,Mental,Wellness Month,Skipped,69,39.4,0,3.9,Gift Voucher
EVT01171,EMP241,Sales,01-04-2025,Mindfulness Month,Mental,Mental Health Awareness Campaign,Attended,69,39.4,20,23.9,Wellness Kit
EVT01172,EMP132,Marketing,01-04-2025,Mindfulness Month,Mental,Wellness Month,Attended,69,39.4,20,23.9,Wellness Kit
EVT01173,EMP126,Marketing,01-04-2025,Mindfulness Month,Mental,Healthy Workforce Initiative,Attended,69,39.4,20,23.9,Wellness Kit
EVT01174,EMP006,Tech,01-04-2025,Mindfulness Month,Mental,Healthy Workforce Initiative,Skipped,69,39.4,0,3.9,Gift Voucher
EVT01175,EMP093,HR,01-04-2025,Mindfulness Month,Mental,Healthy Workforce Initiative,Attended,69,39.4,20,23.9,Wellness Kit
EVT01176,EMP107,Marketing,01-04-2025,Mindfulness Month,Mental,Wellness Month,Attended,69,39.4,20,23.9,Wellness Kit
EVT01177,EMP128,Marketing,01-04-2025,Mindfulness Month,Mental,Healthy Workforce Initiative,Skipped,69,39.4,0,3.9,Gift Voucher
EVT01178,EMP111,Marketing,01-04-2025,Mindfulness Month,Mental,Healthy Workforce Initiative,Attended,69,39.4,20,23.9,Wellness Kit
EVT01179,EMP223,Sales,01-04-2025,Mindfulness Month,Mental,Wellness Month,Attended,69,39.4,20,23.9,Wellness Kit
EVT01180,EMP139,Marketing,01-04-2025,Mindfulness Month,Mental,Employee Engagement Drive,Attended,69,39.4,20,23.9,Wellness Kit
EVT01181,EMP209,Operations,01-04-2025,Mindfulness Month,Mental,Healthy Workforce Initiative,Attended,69,39.4,20,23.9,Wellness Kit
EVT01182,EMP158,Finance,01-04-2025,Mindfulness Month,Mental,Employee Engagement Drive,Attended,69,39.4,20,23.9,Wellness Kit
EVT01183,EMP195,Operations,15-04-2025,Creative Workshop,Creative,Wellness Month,Attended,76,43.4,10,14.3,Gift Voucher
EVT01184,EMP043,Tech,15-04-2025,Creative Workshop,Creative,Wellness Month,Attended,76,43.4,10,14.3,Gift Voucher
EVT01185,EMP221,Sales,15-04-2025,Creative Workshop,Creative,Healthy Workforce Initiative,Attended,76,43.4,10,14.3,Gift Voucher
EVT01186,EMP183,Operations,15-04-2025,Creative Workshop,Creative,Employee Engagement Drive,Attended,76,43.4,10,14.3,Gift Voucher
EVT01187,EMP166,Operations,15-04-2025,Creative Workshop,Creative,Healthy Workforce Initiative,Attended,76,43.4,10,14.3,Gift Voucher
EVT01188,EMP011,Tech,15-04-2025,Creative Workshop,Creative,Employee Engagement Drive,Attended,76,43.4,10,14.3,Gift Voucher
EVT01189,EMP076,HR,15-04-2025,Creative Workshop,Creative,Mental Health Awareness Campaign,Skipped,76,43.4,0,4.3,Gift Voucher
EVT01190,EMP003,Tech,15-04-2025,Creative Workshop,Creative,Wellness Month,Attended,76,43.4,10,14.3,Gift Voucher
EVT01191,EMP193,Operations,15-04-2025,Creative Workshop,Creative,Healthy Workforce Initiative,Attended,76,43.4,10,14.3,Gift Voucher
EVT01192,EMP181,Operations,15-04-2025,Creative Workshop,Creative,Healthy Workforce Initiative,Attended,76,43.4,10,14.3,Gift Voucher
EVT01193,EMP162,Finance,15-04-2025,Creative Workshop,Creative,Wellness Month,Attended,76,43.4,10,14.3,Gift Voucher
EVT01194,EMP095,HR,15-04-2025,Creative Workshop,Creative,Healthy Workforce Initiative,Skipped,76,43.4,0,4.3,Gift Voucher
EVT01195,EMP119,Marketing,15-04-2025,Creative Workshop,Creative,Employee Engagement Drive,Attended,76,43.4,10,14.3,Gift Voucher
EVT01196,EMP077,HR,15-04-2025,Creative Workshop,Creative,Mental Health Awareness Campaign,Skipped,76,43.4,0,4.3,Gift Voucher
EVT01197,EMP212,Sales,15-04-2025,Creative Workshop,Creative,Healthy Workforce Initiative,Attended,76,43.4,10,14.3,Gift Voucher
EVT01198,EMP242,Sales,15-04-2025,Creative Workshop,Creative,Wellness Month,Attended,76,43.4,10,14.3,Gift Voucher
EVT01199,EMP074,HR,15-04-2025,Creative Workshop,Creative,Mental Health Awareness Campaign,Attended,76,43.4,10,14.3,Gift Voucher
EVT01200,EMP115,Marketing,15-04-2025,Creative Workshop,Creative,Employee Engagement Drive,Skipped,76,43.4,0,4.3,Gift Voucher
EVT01201,EMP231,Sales,15-04-2025,Creative Workshop,Creative,Wellness Month,Skipped,76,43.4,0,4.3,Gift Voucher
EVT01202,EMP010,Tech,15-04-2025,Creative Workshop,Creative,Mental Health Awareness Campaign,Attended,76,43.4,10,14.3,Gift Voucher
EVT01203,EMP113,Marketing,15-04-2025,Creative Workshop,Creative,Wellness Month,Attended,76,43.4,10,14.3,Gift Voucher
EVT01204,EMP125,Marketing,15-04-2025,Creative Workshop,Creative,Wellness Month,Attended,76,43.4,10,14.3,Gift Voucher
EVT01205,EMP059,Tech,15-04-2025,Creative Workshop,Creative,Employee Engagement Drive,Attended,76,43.4,10,14.3,Gift Voucher
EVT01206,EMP184,Operations,15-04-2025,Creative Workshop,Creative,Wellness Month,Attended,76,43.4,10,14.3,Gift Voucher
EVT01207,EMP064,Tech,15-04-2025,Creative Workshop,Creative,Mental Health Awareness Campaign,Attended,76,43.4,10,14.3,Gift Voucher
EVT01208,EMP035,Tech,15-04-2025,Creative Workshop,Creative,Employee Engagement Drive,Attended,76,43.4,10,14.3,Gift Voucher
EVT01209,EMP209,Operations,15-04-2025,Creative Workshop,Creative,Wellness Month,Attended,76,43.4,10,14.3,Gift Voucher
EVT01210,EMP009,Tech,15-04-2025,Creative Workshop,Creative,Employee Engagement Drive,Attended,76,43.4,10,14.3,Gift Voucher
EVT01211,EMP046,Tech,15-04-2025,Creative Workshop,Creative,Wellness Month,Skipped,76,43.4,0,4.3,Gift Voucher
EVT01212,EMP146,Finance,15-04-2025,Creative Workshop,Creative,Employee Engagement Drive,Attended,76,43.4,10,14.3,Gift Voucher
EVT01213,EMP126,Marketing,15-04-2025,Creative Workshop,Creative,Wellness Month,Skipped,76,43.4,0,4.3,Gift Voucher
EVT01214,EMP129,Marketing,15-04-2025,Creative Workshop,Creative,Mental Health Awareness Campaign,Attended,76,43.4,10,14.3,Gift Voucher
EVT01215,EMP116,Marketing,15-04-2025,Creative Workshop,Creative,Employee Engagement Drive,Attended,76,43.4,10,14.3,Gift Voucher
EVT01216,EMP027,Tech,15-04-2025,Creative Workshop,Creative,Mental Health Awareness Campaign,Skipped,76,43.4,0,4.3,Gift Voucher
EVT01217,EMP201,Operations,15-04-2025,Creative Workshop,Creative,Healthy Workforce Initiative,Attended,76,43.4,10,14.3,Gift Voucher
EVT01218,EMP038,Tech,15-04-2025,Creative Workshop,Creative,Employee Engagement Drive,Skipped,76,43.4,0,4.3,Gift Voucher
EVT01219,EMP239,Sales,15-04-2025,Creative Workshop,Creative,Mental Health Awareness Campaign,Attended,76,43.4,10,14.3,Gift Voucher
EVT01220,EMP072,HR,15-04-2025,Creative Workshop,Creative,Healthy Workforce Initiative,Attended,76,43.4,10,14.3,Gift Voucher
EVT01221,EMP088,HR,15-04-2025,Creative Workshop,Creative,Employee Engagement Drive,Attended,76,43.4,10,14.3,Gift Voucher
EVT01222,EMP234,Sales,15-04-2025,Creative Workshop,Creative,Wellness Month,Skipped,76,43.4,0,4.3,Gift Voucher
EVT01223,EMP108,Marketing,15-04-2025,Creative Workshop,Creative,Wellness Month,Attended,76,43.4,10,14.3,Gift Voucher
EVT01224,EMP121,Marketing,15-04-2025,Creative Workshop,Creative,Healthy Workforce Initiative,Skipped,76,43.4,0,4.3,Gift Voucher
EVT01225,EMP160,Finance,15-04-2025,Creative Workshop,Creative,Healthy Workforce Initiative,Attended,76,43.4,10,14.3,Gift Voucher
EVT01226,EMP249,Sales,15-04-2025,Creative Workshop,Creative,Mental Health Awareness Campaign,Attended,76,43.4,10,14.3,Gift Voucher
EVT01227,EMP050,Tech,15-04-2025,Creative Workshop,Creative,Employee Engagement Drive,Attended,76,43.4,10,14.3,Gift Voucher
EVT01228,EMP001,Tech,15-04-2025,Creative Workshop,Creative,Wellness Month,Skipped,76,43.4,0,4.3,Gift Voucher
EVT01229,EMP167,Operations,15-04-2025,Creative Workshop,Creative,Employee Engagement Drive,Attended,76,43.4,10,14.3,Gift Voucher
EVT01230,EMP142,Finance,15-04-2025,Creative Workshop,Creative,Wellness Month,Skipped,76,43.4,0,4.3,Gift Voucher
EVT01231,EMP044,Tech,15-04-2025,Creative Workshop,Creative,Healthy Workforce Initiative,Attended,76,43.4,10,14.3,Gift Voucher
EVT01232,EMP222,Sales,15-04-2025,Creative Workshop,Creative,Employee Engagement Drive,Skipped,76,43.4,0,4.3,Gift Voucher
EVT01233,EMP236,Sales,15-04-2025,Creative Workshop,Creative,Healthy Workforce Initiative,Attended,76,43.4,10,14.3,Gift Voucher
EVT01234,EMP185,Operations,15-04-2025,Creative Workshop,Creative,Healthy Workforce Initiative,Attended,76,43.4,10,14.3,Gift Voucher
EVT01235,EMP216,Sales,15-04-2025,Creative Workshop,Creative,Mental Health Awareness Campaign,Skipped,76,43.4,0,4.3,Gift Voucher
EVT01236,EMP051,Tech,15-04-2025,Creative Workshop,Creative,Employee Engagement Drive,Attended,76,43.4,10,14.3,Gift Voucher
EVT01237,EMP163,Finance,15-04-2025,Creative Workshop,Creative,Employee Engagement Drive,Skipped,76,43.4,0,4.3,Gift Voucher
EVT01238,EMP087,HR,15-04-2025,Creative Workshop,Creative,Employee Engagement Drive,Attended,76,43.4,10,14.3,Gift Voucher
EVT01239,EMP082,HR,15-04-2025,Creative Workshop,Creative,Mental Health Awareness Campaign,Attended,76,43.4,10,14.3,Gift Voucher
EVT01240,EMP182,Operations,15-04-2025,Creative Workshop,Creative,Healthy Workforce Initiative,Attended,76,43.4,10,14.3,Gift Voucher
EVT01241,EMP141,Finance,15-04-2025,Creative Workshop,Creative,Wellness Month,Attended,76,43.4,10,14.3,Gift Voucher
EVT01242,EMP099,HR,15-04-2025,Creative Workshop,Creative,Employee Engagement Drive,Attended,76,43.4,10,14.3,Gift Voucher
EVT01243,EMP065,Tech,15-04-2025,Creative Workshop,Creative,Employee Engagement Drive,Attended,76,43.4,10,14.3,Gift Voucher
EVT01244,EMP178,Operations,15-04-2025,Creative Workshop,Creative,Healthy Workforce Initiative,Skipped,76,43.4,0,4.3,Gift Voucher
EVT01245,EMP048,Tech,15-04-2025,Creative Workshop,Creative,Employee Engagement Drive,Attended,76,43.4,10,14.3,Gift Voucher
EVT01246,EMP214,Sales,15-04-2025,Creative Workshop,Creative,Wellness Month,Attended,76,43.4,10,14.3,Gift Voucher
EVT01247,EMP032,Tech,15-04-2025,Creative Workshop,Creative,Mental Health Awareness Campaign,Skipped,76,43.4,0,4.3,Gift Voucher
EVT01248,EMP138,Marketing,15-04-2025,Creative Workshop,Creative,Wellness Month,Attended,76,43.4,10,14.3,Gift Voucher
EVT01249,EMP093,HR,15-04-2025,Creative Workshop,Creative,Employee Engagement Drive,Attended,76,43.4,10,14.3,Gift Voucher
EVT01250,EMP096,HR,15-04-2025,Creative Workshop,Creative,Healthy Workforce Initiative,Skipped,76,43.4,0,4.3,Gift Voucher
EVT01251,EMP225,Sales,15-04-2025,Creative Workshop,Creative,Wellness Month,Skipped,76,43.4,0,4.3,Gift Voucher
EVT01252,EMP033,Tech,15-04-2025,Creative Workshop,Creative,Mental Health Awareness Campaign,Attended,76,43.4,10,14.3,Gift Voucher
EVT01253,EMP107,Marketing,15-04-2025,Creative Workshop,Creative,Mental Health Awareness Campaign,Attended,76,43.4,10,14.3,Gift Voucher
EVT01254,EMP244,Sales,15-04-2025,Creative Workshop,Creative,Wellness Month,Skipped,76,43.4,0,4.3,Gift Voucher
EVT01255,EMP168,Operations,15-04-2025,Creative Workshop,Creative,Healthy Workforce Initiative,Attended,76,43.4,10,14.3,Gift Voucher
EVT01256,EMP241,Sales,15-04-2025,Creative Workshop,Creative,Wellness Month,Attended,76,43.4,10,14.3,Gift Voucher
EVT01257,EMP247,Sales,15-04-2025,Creative Workshop,Creative,Mental Health Awareness Campaign,Attended,76,43.4,10,14.3,Gift Voucher
EVT01258,EMP078,HR,15-04-2025,Creative Workshop,Creative,Healthy Workforce Initiative,Attended,76,43.4,10,14.3,Gift Voucher
EVT01259,EMP063,Tech,19-05-2025,Creative Workshop,Creative,Healthy Workforce Initiative,Attended,175,100,10,20,Gift Voucher
EVT01260,EMP226,Sales,19-05-2025,Creative Workshop,Creative,Healthy Workforce Initiative,Attended,175,100,10,20,Gift Voucher
EVT01261,EMP053,Tech,19-05-2025,Creative Workshop,Creative,Employee Engagement Drive,Attended,175,100,10,20,Gift Voucher
EVT01262,EMP167,Operations,19-05-2025,Creative Workshop,Creative,Healthy Workforce Initiative,Attended,175,100,10,20,Gift Voucher
EVT01263,EMP237,Sales,19-05-2025,Creative Workshop,Creative,Wellness Month,Skipped,175,100,0,10,Gift Voucher
EVT01264,EMP177,Operations,19-05-2025,Creative Workshop,Creative,Mental Health Awareness Campaign,Skipped,175,100,0,10,Gift Voucher
EVT01265,EMP011,Tech,19-05-2025,Creative Workshop,Creative,Mental Health Awareness Campaign,Attended,175,100,10,20,Gift Voucher
EVT01266,EMP100,HR,19-05-2025,Creative Workshop,Creative,Wellness Month,Attended,175,100,10,20,Gift Voucher
EVT01267,EMP094,HR,19-05-2025,Creative Workshop,Creative,Healthy Workforce Initiative,Attended,175,100,10,20,Gift Voucher
EVT01268,EMP095,HR,19-05-2025,Creative Workshop,Creative,Healthy Workforce Initiative,Attended,175,100,10,20,Gift Voucher
EVT01269,EMP038,Tech,19-05-2025,Creative Workshop,Creative,Healthy Workforce Initiative,Attended,175,100,10,20,Gift Voucher
EVT01270,EMP248,Sales,19-05-2025,Creative Workshop,Creative,Wellness Month,Attended,175,100,10,20,Gift Voucher
EVT01271,EMP185,Operations,19-05-2025,Creative Workshop,Creative,Wellness Month,Attended,175,100,10,20,Gift Voucher
EVT01272,EMP238,Sales,19-05-2025,Creative Workshop,Creative,Healthy Workforce Initiative,Attended,175,100,10,20,Gift Voucher
EVT01273,EMP099,HR,19-05-2025,Creative Workshop,Creative,Wellness Month,Attended,175,100,10,20,Gift Voucher
EVT01274,EMP039,Tech,19-05-2025,Creative Workshop,Creative,Employee Engagement Drive,Skipped,175,100,0,10,Gift Voucher
EVT01275,EMP106,Marketing,19-05-2025,Creative Workshop,Creative,Healthy Workforce Initiative,Attended,175,100,10,20,Gift Voucher
EVT01276,EMP006,Tech,19-05-2025,Creative Workshop,Creative,Mental Health Awareness Campaign,Attended,175,100,10,20,Gift Voucher
EVT01277,EMP155,Finance,19-05-2025,Creative Workshop,Creative,Mental Health Awareness Campaign,Attended,175,100,10,20,Gift Voucher
EVT01278,EMP044,Tech,19-05-2025,Creative Workshop,Creative,Wellness Month,Attended,175,100,10,20,Gift Voucher
EVT01279,EMP223,Sales,19-05-2025,Creative Workshop,Creative,Employee Engagement Drive,Attended,175,100,10,20,Gift Voucher
EVT01280,EMP165,Finance,19-05-2025,Creative Workshop,Creative,Mental Health Awareness Campaign,Skipped,175,100,0,10,Gift Voucher
EVT01281,EMP081,HR,19-05-2025,Creative Workshop,Creative,Healthy Workforce Initiative,Attended,175,100,10,20,Gift Voucher
EVT01282,EMP234,Sales,19-05-2025,Creative Workshop,Creative,Employee Engagement Drive,Attended,175,100,10,20,Gift Voucher
EVT01283,EMP131,Marketing,19-05-2025,Creative Workshop,Creative,Healthy Workforce Initiative,Attended,175,100,10,20,Gift Voucher
EVT01284,EMP105,Marketing,19-05-2025,Creative Workshop,Creative,Employee Engagement Drive,Attended,175,100,10,20,Gift Voucher
EVT01285,EMP169,Operations,19-05-2025,Creative Workshop,Creative,Wellness Month,Attended,175,100,10,20,Gift Voucher
EVT01286,EMP229,Sales,19-05-2025,Creative Workshop,Creative,Employee Engagement Drive,Attended,175,100,10,20,Gift Voucher
EVT01287,EMP142,Finance,19-05-2025,Creative Workshop,Creative,Employee Engagement Drive,Attended,175,100,10,20,Gift Voucher
EVT01288,EMP138,Marketing,19-05-2025,Creative Workshop,Creative,Wellness Month,Attended,175,100,10,20,Gift Voucher
EVT01289,EMP230,Sales,19-05-2025,Creative Workshop,Creative,Mental Health Awareness Campaign,Skipped,175,100,0,10,Gift Voucher
EVT01290,EMP219,Sales,19-05-2025,Creative Workshop,Creative,Employee Engagement Drive,Attended,175,100,10,20,Gift Voucher
EVT01291,EMP079,HR,19-05-2025,Creative Workshop,Creative,Mental Health Awareness Campaign,Attended,175,100,10,20,Gift Voucher
EVT01292,EMP091,HR,19-05-2025,Creative Workshop,Creative,Healthy Workforce Initiative,Skipped,175,100,0,10,Gift Voucher
EVT01293,EMP178,Operations,19-05-2025,Creative Workshop,Creative,Wellness Month,Attended,175,100,10,20,Gift Voucher
EVT01294,EMP160,Finance,19-05-2025,Creative Workshop,Creative,Wellness Month,Skipped,175,100,0,10,Gift Voucher
EVT01295,EMP217,Sales,19-05-2025,Creative Workshop,Creative,Healthy Workforce Initiative,Skipped,175,100,0,10,Gift Voucher
EVT01296,EMP024,Tech,19-05-2025,Creative Workshop,Creative,Healthy Workforce Initiative,Attended,175,100,10,20,Gift Voucher
EVT01297,EMP101,Marketing,19-05-2025,Creative Workshop,Creative,Employee Engagement Drive,Attended,175,100,10,20,Gift Voucher
EVT01298,EMP173,Operations,19-05-2025,Creative Workshop,Creative,Mental Health Awareness Campaign,Attended,175,100,10,20,Gift Voucher
EVT01299,EMP115,Marketing,19-05-2025,Creative Workshop,Creative,Employee Engagement Drive,Attended,175,100,10,20,Gift Voucher
EVT01300,EMP001,Tech,19-05-2025,Creative Workshop,Creative,Wellness Month,Attended,175,100,10,20,Gift Voucher
EVT01301,EMP148,Finance,19-05-2025,Creative Workshop,Creative,Wellness Month,Attended,175,100,10,20,Gift Voucher
EVT01302,EMP207,Operations,19-05-2025,Creative Workshop,Creative,Mental Health Awareness Campaign,Skipped,175,100,0,10,Gift Voucher
EVT01303,EMP206,Operations,19-05-2025,Creative Workshop,Creative,Wellness Month,Skipped,175,100,0,10,Gift Voucher
EVT01304,EMP037,Tech,19-05-2025,Creative Workshop,Creative,Wellness Month,Attended,175,100,10,20,Gift Voucher
EVT01305,EMP194,Operations,19-05-2025,Creative Workshop,Creative,Employee Engagement Drive,Attended,175,100,10,20,Gift Voucher
EVT01306,EMP250,Sales,19-05-2025,Creative Workshop,Creative,Employee Engagement Drive,Attended,175,100,10,20,Gift Voucher
EVT01307,EMP221,Sales,19-05-2025,Creative Workshop,Creative,Mental Health Awareness Campaign,Attended,175,100,10,20,Gift Voucher
EVT01308,EMP235,Sales,19-05-2025,Creative Workshop,Creative,Wellness Month,Attended,175,100,10,20,Gift Voucher
EVT01309,EMP086,HR,19-05-2025,Creative Workshop,Creative,Wellness Month,Attended,175,100,10,20,Gift Voucher
EVT01310,EMP071,HR,19-05-2025,Creative Workshop,Creative,Wellness Month,Attended,175,100,10,20,Gift Voucher
EVT01311,EMP110,Marketing,19-05-2025,Creative Workshop,Creative,Mental Health Awareness Campaign,Attended,175,100,10,20,Gift Voucher
EVT01312,EMP205,Operations,19-05-2025,Creative Workshop,Creative,Healthy Workforce Initiative,Attended,175,100,10,20,Gift Voucher
EVT01313,EMP002,Tech,19-05-2025,Creative Workshop,Creative,Healthy Workforce Initiative,Attended,175,100,10,20,Gift Voucher
EVT01314,EMP035,Tech,19-05-2025,Creative Workshop,Creative,Employee Engagement Drive,Attended,175,100,10,20,Gift Voucher
EVT01315,EMP061,Tech,19-05-2025,Creative Workshop,Creative,Mental Health Awareness Campaign,Skipped,175,100,0,10,Gift Voucher
EVT01316,EMP036,Tech,19-05-2025,Creative Workshop,Creative,Employee Engagement Drive,Attended,175,100,10,20,Gift Voucher
EVT01317,EMP030,Tech,19-05-2025,Creative Workshop,Creative,Wellness Month,Attended,175,100,10,20,Gift Voucher
EVT01318,EMP122,Marketing,19-05-2025,Creative Workshop,Creative,Wellness Month,Skipped,175,100,0,10,Gift Voucher
EVT01319,EMP180,Operations,19-05-2025,Creative Workshop,Creative,Mental Health Awareness Campaign,Attended,175,100,10,20,Gift Voucher
EVT01320,EMP208,Operations,19-05-2025,Creative Workshop,Creative,Healthy Workforce Initiative,Attended,175,100,10,20,Gift Voucher
EVT01321,EMP027,Tech,19-05-2025,Creative Workshop,Creative,Wellness Month,Attended,175,100,10,20,Gift Voucher
EVT01322,EMP214,Sales,19-05-2025,Creative Workshop,Creative,Healthy Workforce Initiative,Attended,175,100,10,20,Gift Voucher
EVT01323,EMP059,Tech,19-05-2025,Creative Workshop,Creative,Employee Engagement Drive,Skipped,175,100,0,10,Gift Voucher
EVT01324,EMP195,Operations,19-05-2025,Creative Workshop,Creative,Wellness Month,Attended,175,100,10,20,Gift Voucher
EVT01325,EMP168,Operations,19-05-2025,Creative Workshop,Creative,Wellness Month,Attended,175,100,10,20,Gift Voucher
EVT01326,EMP159,Finance,19-05-2025,Creative Workshop,Creative,Mental Health Awareness Campaign,Attended,175,100,10,20,Gift Voucher
EVT01327,EMP228,Sales,19-05-2025,Creative Workshop,Creative,Employee Engagement Drive,Attended,175,100,10,20,Gift Voucher
EVT01328,EMP072,HR,19-05-2025,Creative Workshop,Creative,Wellness Month,Attended,175,100,10,20,Gift Voucher
EVT01329,EMP174,Operations,19-05-2025,Creative Workshop,Creative,Mental Health Awareness Campaign,Skipped,175,100,0,10,Gift Voucher
EVT01330,EMP209,Operations,19-05-2025,Creative Workshop,Creative,Mental Health Awareness Campaign,Attended,175,100,10,20,Gift Voucher
EVT01331,EMP008,Tech,19-05-2025,Creative Workshop,Creative,Healthy Workforce Initiative,Attended,175,100,10,20,Gift Voucher
EVT01332,EMP188,Operations,19-05-2025,Creative Workshop,Creative,Mental Health Awareness Campaign,Attended,175,100,10,20,Gift Voucher
EVT01333,EMP018,Tech,19-05-2025,Creative Workshop,Creative,Mental Health Awareness Campaign,Attended,175,100,10,20,Gift Voucher
EVT01334,EMP029,Tech,19-05-2025,Creative Workshop,Creative,Employee Engagement Drive,Attended,175,100,10,20,Gift Voucher
EVT01335,EMP062,Tech,19-05-2025,Creative Workshop,Creative,Wellness Month,Attended,175,100,10,20,Gift Voucher
EVT01336,EMP033,Tech,19-05-2025,Creative Workshop,Creative,Wellness Month,Skipped,175,100,0,10,Gift Voucher
EVT01337,EMP212,Sales,19-05-2025,Creative Workshop,Creative,Employee Engagement Drive,Attended,175,100,10,20,Gift Voucher
EVT01338,EMP175,Operations,19-05-2025,Creative Workshop,Creative,Healthy Workforce Initiative,Attended,175,100,10,20,Gift Voucher
EVT01339,EMP057,Tech,19-05-2025,Creative Workshop,Creative,Healthy Workforce Initiative,Attended,175,100,10,20,Gift Voucher
EVT01340,EMP040,Tech,19-05-2025,Creative Workshop,Creative,Employee Engagement Drive,Attended,175,100,10,20,Gift Voucher
EVT01341,EMP196,Operations,19-05-2025,Creative Workshop,Creative,Mental Health Awareness Campaign,Skipped,175,100,0,10,Gift Voucher
EVT01342,EMP019,Tech,19-05-2025,Creative Workshop,Creative,Mental Health Awareness Campaign,Attended,175,100,10,20,Gift Voucher
EVT01343,EMP098,HR,19-05-2025,Creative Workshop,Creative,Mental Health Awareness Campaign,Attended,175,100,10,20,Gift Voucher
EVT01344,EMP069,Tech,19-05-2025,Creative Workshop,Creative,Wellness Month,Attended,175,100,10,20,Gift Voucher
EVT01345,EMP080,HR,19-05-2025,Creative Workshop,Creative,Mental Health Awareness Campaign,Attended,175,100,10,20,Gift Voucher
EVT01346,EMP133,Marketing,19-05-2025,Creative Workshop,Creative,Healthy Workforce Initiative,Attended,175,100,10,20,Gift Voucher
EVT01347,EMP140,Marketing,19-05-2025,Creative Workshop,Creative,Healthy Workforce Initiative,Attended,175,100,10,20,Gift Voucher
EVT01348,EMP139,Marketing,19-05-2025,Creative Workshop,Creative,Healthy Workforce Initiative,Attended,175,100,10,20,Gift Voucher
EVT01349,EMP197,Operations,19-05-2025,Creative Workshop,Creative,Wellness Month,Attended,175,100,10,20,Gift Voucher
EVT01350,EMP181,Operations,19-05-2025,Creative Workshop,Creative,Healthy Workforce Initiative,Skipped,175,100,0,10,Gift Voucher
EVT01351,EMP247,Sales,19-05-2025,Creative Workshop,Creative,Healthy Workforce Initiative,Skipped,175,100,0,10,Gift Voucher
EVT01352,EMP215,Sales,19-05-2025,Creative Workshop,Creative,Healthy Workforce Initiative,Skipped,175,100,0,10,Gift Voucher
EVT01353,EMP200,Operations,19-05-2025,Creative Workshop,Creative,Employee Engagement Drive,Attended,175,100,10,20,Gift Voucher
EVT01354,EMP022,Tech,19-05-2025,Creative Workshop,Creative,Healthy Workforce Initiative,Attended,175,100,10,20,Gift Voucher
EVT01355,EMP125,Marketing,19-05-2025,Creative Workshop,Creative,Wellness Month,Attended,175,100,10,20,Gift Voucher
EVT01356,EMP227,Sales,19-05-2025,Creative Workshop,Creative,Employee Engagement Drive,Skipped,175,100,0,10,Gift Voucher
EVT01357,EMP135,Marketing,19-05-2025,Creative Workshop,Creative,Wellness Month,Attended,175,100,10,20,Gift Voucher
EVT01358,EMP216,Sales,19-05-2025,Creative Workshop,Creative,Employee Engagement Drive,Attended,175,100,10,20,Gift Voucher
EVT01359,EMP089,HR,19-05-2025,Creative Workshop,Creative,Employee Engagement Drive,Attended,175,100,10,20,Gift Voucher
EVT01360,EMP186,Operations,19-05-2025,Creative Workshop,Creative,Healthy Workforce Initiative,Attended,175,100,10,20,Gift Voucher
EVT01361,EMP076,HR,19-05-2025,Creative Workshop,Creative,Mental Health Awareness Campaign,Attended,175,100,10,20,Gift Voucher
EVT01362,EMP187,Operations,19-05-2025,Creative Workshop,Creative,Healthy Workforce Initiative,Attended,175,100,10,20,Gift Voucher
EVT01363,EMP119,Marketing,19-05-2025,Creative Workshop,Creative,Mental Health Awareness Campaign,Attended,175,100,10,20,Gift Voucher
EVT01364,EMP240,Sales,19-05-2025,Creative Workshop,Creative,Wellness Month,Skipped,175,100,0,10,Gift Voucher
EVT01365,EMP005,Tech,19-05-2025,Creative Workshop,Creative,Mental Health Awareness Campaign,Skipped,175,100,0,10,Gift Voucher
EVT01366,EMP129,Marketing,19-05-2025,Creative Workshop,Creative,Wellness Month,Attended,175,100,10,20,Gift Voucher
EVT01367,EMP132,Marketing,19-05-2025,Creative Workshop,Creative,Healthy Workforce Initiative,Attended,175,100,10,20,Gift Voucher
EVT01368,EMP023,Tech,19-05-2025,Creative Workshop,Creative,Wellness Month,Attended,175,100,10,20,Gift Voucher
EVT01369,EMP070,Tech,19-05-2025,Creative Workshop,Creative,Employee Engagement Drive,Skipped,175,100,0,10,Gift Voucher
EVT01370,EMP026,Tech,19-05-2025,Creative Workshop,Creative,Healthy Workforce Initiative,Attended,175,100,10,20,Gift Voucher
EVT01371,EMP010,Tech,19-05-2025,Creative Workshop,Creative,Wellness Month,Attended,175,100,10,20,Gift Voucher
EVT01372,EMP143,Finance,19-05-2025,Creative Workshop,Creative,Wellness Month,Skipped,175,100,0,10,Gift Voucher
EVT01373,EMP078,HR,19-05-2025,Creative Workshop,Creative,Healthy Workforce Initiative,Skipped,175,100,0,10,Gift Voucher
EVT01374,EMP087,HR,19-05-2025,Creative Workshop,Creative,Employee Engagement Drive,Skipped,175,100,0,10,Gift Voucher
EVT01375,EMP075,HR,19-05-2025,Creative Workshop,Creative,Healthy Workforce Initiative,Attended,175,100,10,20,Gift Voucher
EVT01376,EMP077,HR,19-05-2025,Creative Workshop,Creative,Employee Engagement Drive,Attended,175,100,10,20,Gift Voucher
EVT01377,EMP102,Marketing,19-05-2025,Creative Workshop,Creative,Healthy Workforce Initiative,Attended,175,100,10,20,Gift Voucher
EVT01378,EMP085,HR,19-05-2025,Creative Workshop,Creative,Mental Health Awareness Campaign,Skipped,175,100,0,10,Gift Voucher
EVT01379,EMP047,Tech,19-05-2025,Creative Workshop,Creative,Mental Health Awareness Campaign,Attended,175,100,10,20,Gift Voucher
EVT01380,EMP146,Finance,19-05-2025,Creative Workshop,Creative,Mental Health Awareness Campaign,Attended,175,100,10,20,Gift Voucher
EVT01381,EMP243,Sales,19-05-2025,Creative Workshop,Creative,Mental Health Awareness Campaign,Skipped,175,100,0,10,Gift Voucher
EVT01382,EMP055,Tech,19-05-2025,Creative Workshop,Creative,Employee Engagement Drive,Attended,175,100,10,20,Gift Voucher
EVT01383,EMP171,Operations,19-05-2025,Creative Workshop,Creative,Healthy Workforce Initiative,Skipped,175,100,0,10,Gift Voucher
EVT01384,EMP083,HR,19-05-2025,Creative Workshop,Creative,Employee Engagement Drive,Skipped,175,100,0,10,Gift Voucher
EVT01385,EMP060,Tech,19-05-2025,Creative Workshop,Creative,Mental Health Awareness Campaign,Attended,175,100,10,20,Gift Voucher
EVT01386,EMP041,Tech,19-05-2025,Creative Workshop,Creative,Wellness Month,Attended,175,100,10,20,Gift Voucher
EVT01387,EMP184,Operations,19-05-2025,Creative Workshop,Creative,Healthy Workforce Initiative,Skipped,175,100,0,10,Gift Voucher
EVT01388,EMP136,Marketing,19-05-2025,Creative Workshop,Creative,Healthy Workforce Initiative,Attended,175,100,10,20,Gift Voucher
EVT01389,EMP017,Tech,19-05-2025,Creative Workshop,Creative,Employee Engagement Drive,Attended,175,100,10,20,Gift Voucher
EVT01390,EMP104,Marketing,19-05-2025,Creative Workshop,Creative,Mental Health Awareness Campaign,Skipped,175,100,0,10,Gift Voucher
EVT01391,EMP064,Tech,19-05-2025,Creative Workshop,Creative,Healthy Workforce Initiative,Attended,175,100,10,20,Gift Voucher
EVT01392,EMP231,Sales,19-05-2025,Creative Workshop,Creative,Mental Health Awareness Campaign,Attended,175,100,10,20,Gift Voucher
EVT01393,EMP046,Tech,19-05-2025,Creative Workshop,Creative,Healthy Workforce Initiative,Skipped,175,100,0,10,Gift Voucher
EVT01394,EMP007,Tech,19-05-2025,Creative Workshop,Creative,Employee Engagement Drive,Attended,175,100,10,20,Gift Voucher
EVT01395,EMP052,Tech,19-05-2025,Creative Workshop,Creative,Wellness Month,Attended,175,100,10,20,Gift Voucher
EVT01396,EMP013,Tech,19-05-2025,Creative Workshop,Creative,Mental Health Awareness Campaign,Attended,175,100,10,20,Gift Voucher
EVT01397,EMP193,Operations,19-05-2025,Creative Workshop,Creative,Wellness Month,Attended,175,100,10,20,Gift Voucher
EVT01398,EMP249,Sales,19-05-2025,Creative Workshop,Creative,Mental Health Awareness Campaign,Attended,175,100,10,20,Gift Voucher
EVT01399,EMP210,Operations,19-05-2025,Creative Workshop,Creative,Wellness Month,Attended,175,100,10,20,Gift Voucher
EVT01400,EMP183,Operations,19-05-2025,Creative Workshop,Creative,Wellness Month,Skipped,175,100,0,10,Gift Voucher
EVT01401,EMP203,Operations,19-05-2025,Creative Workshop,Creative,Healthy Workforce Initiative,Attended,175,100,10,20,Gift Voucher
EVT01402,EMP190,Operations,19-05-2025,Creative Workshop,Creative,Employee Engagement Drive,Attended,175,100,10,20,Gift Voucher
EVT01403,EMP015,Tech,19-05-2025,Creative Workshop,Creative,Mental Health Awareness Campaign,Attended,175,100,10,20,Gift Voucher
EVT01404,EMP121,Marketing,19-05-2025,Creative Workshop,Creative,Employee Engagement Drive,Skipped,175,100,0,10,Gift Voucher
EVT01405,EMP172,Operations,19-05-2025,Creative Workshop,Creative,Mental Health Awareness Campaign,Attended,175,100,10,20,Gift Voucher
EVT01406,EMP016,Tech,19-05-2025,Creative Workshop,Creative,Mental Health Awareness Campaign,Skipped,175,100,0,10,Gift Voucher
EVT01407,EMP088,HR,19-05-2025,Creative Workshop,Creative,Wellness Month,Attended,175,100,10,20,Gift Voucher
EVT01408,EMP014,Tech,19-05-2025,Creative Workshop,Creative,Healthy Workforce Initiative,Attended,175,100,10,20,Gift Voucher
EVT01409,EMP097,HR,19-05-2025,Creative Workshop,Creative,Wellness Month,Attended,175,100,10,20,Gift Voucher
EVT01410,EMP232,Sales,19-05-2025,Creative Workshop,Creative,Employee Engagement Drive,Attended,175,100,10,20,Gift Voucher
EVT01411,EMP144,Finance,19-05-2025,Creative Workshop,Creative,Employee Engagement Drive,Attended,175,100,10,20,Gift Voucher
EVT01412,EMP164,Finance,19-05-2025,Creative Workshop,Creative,Employee Engagement Drive,Attended,175,100,10,20,Gift Voucher
EVT01413,EMP150,Finance,19-05-2025,Creative Workshop,Creative,Employee Engagement Drive,Attended,175,100,10,20,Gift Voucher
EVT01414,EMP045,Tech,19-05-2025,Creative Workshop,Creative,Healthy Workforce Initiative,Skipped,175,100,0,10,Gift Voucher
EVT01415,EMP114,Marketing,19-05-2025,Creative Workshop,Creative,Employee Engagement Drive,Skipped,175,100,0,10,Gift Voucher
EVT01416,EMP239,Sales,19-05-2025,Creative Workshop,Creative,Healthy Workforce Initiative,Attended,175,100,10,20,Gift Voucher
EVT01417,EMP211,Sales,19-05-2025,Creative Workshop,Creative,Mental Health Awareness Campaign,Attended,175,100,10,20,Gift Voucher
EVT01418,EMP107,Marketing,19-05-2025,Creative Workshop,Creative,Healthy Workforce Initiative,Attended,175,100,10,20,Gift Voucher
EVT01419,EMP103,Marketing,19-05-2025,Creative Workshop,Creative,Wellness Month,Attended,175,100,10,20,Gift Voucher
EVT01420,EMP116,Marketing,19-05-2025,Creative Workshop,Creative,Wellness Month,Attended,175,100,10,20,Gift Voucher
EVT01421,EMP113,Marketing,19-05-2025,Creative Workshop,Creative,Healthy Workforce Initiative,Attended,175,100,10,20,Gift Voucher
EVT01422,EMP117,Marketing,19-05-2025,Creative Workshop,Creative,Healthy Workforce Initiative,Attended,175,100,10,20,Gift Voucher
EVT01423,EMP111,Marketing,19-05-2025,Creative Workshop,Creative,Wellness Month,Skipped,175,100,0,10,Gift Voucher
EVT01424,EMP032,Tech,19-05-2025,Creative Workshop,Creative,Employee Engagement Drive,Attended,175,100,10,20,Gift Voucher
EVT01425,EMP149,Finance,19-05-2025,Creative Workshop,Creative,Mental Health Awareness Campaign,Attended,175,100,10,20,Gift Voucher
EVT01426,EMP020,Tech,19-05-2025,Creative Workshop,Creative,Wellness Month,Attended,175,100,10,20,Gift Voucher
EVT01427,EMP049,Tech,19-05-2025,Creative Workshop,Creative,Mental Health Awareness Campaign,Attended,175,100,10,20,Gift Voucher
EVT01428,EMP123,Marketing,19-05-2025,Creative Workshop,Creative,Employee Engagement Drive,Attended,175,100,10,20,Gift Voucher
EVT01429,EMP073,HR,19-05-2025,Creative Workshop,Creative,Mental Health Awareness Campaign,Attended,175,100,10,20,Gift Voucher
EVT01430,EMP198,Operations,19-05-2025,Creative Workshop,Creative,Employee Engagement Drive,Skipped,175,100,0,10,Gift Voucher
EVT01431,EMP120,Marketing,19-05-2025,Creative Workshop,Creative,Wellness Month,Attended,175,100,10,20,Gift Voucher
EVT01432,EMP145,Finance,19-05-2025,Creative Workshop,Creative,Healthy Workforce Initiative,Attended,175,100,10,20,Gift Voucher
EVT01433,EMP189,Operations,19-05-2025,Creative Workshop,Creative,Employee Engagement Drive,Attended,175,100,10,20,Gift Voucher
EVT01434,EMP070,Tech,05-05-2025,Wellness Retreat,Social,Healthy Workforce Initiative,Attended,45,25.7,15,17.6,Gift Voucher
EVT01435,EMP236,Sales,05-05-2025,Wellness Retreat,Social,Healthy Workforce Initiative,Attended,45,25.7,15,17.6,Gift Voucher
EVT01436,EMP217,Sales,05-05-2025,Wellness Retreat,Social,Mental Health Awareness Campaign,Attended,45,25.7,15,17.6,Gift Voucher
EVT01437,EMP019,Tech,05-05-2025,Wellness Retreat,Social,Mental Health Awareness Campaign,Attended,45,25.7,15,17.6,Gift Voucher
EVT01438,EMP008,Tech,05-05-2025,Wellness Retreat,Social,Mental Health Awareness Campaign,Attended,45,25.7,15,17.6,Gift Voucher
EVT01439,EMP140,Marketing,05-05-2025,Wellness Retreat,Social,Mental Health Awareness Campaign,Attended,45,25.7,15,17.6,Gift Voucher
EVT01440,EMP220,Sales,05-05-2025,Wellness Retreat,Social,Healthy Workforce Initiative,Skipped,45,25.7,0,2.6,Gift Voucher
EVT01441,EMP192,Operations,05-05-2025,Wellness Retreat,Social,Mental Health Awareness Campaign,Attended,45,25.7,15,17.6,Gift Voucher
EVT01442,EMP134,Marketing,05-05-2025,Wellness Retreat,Social,Employee Engagement Drive,Skipped,45,25.7,0,2.6,Gift Voucher
EVT01443,EMP054,Tech,05-05-2025,Wellness Retreat,Social,Wellness Month,Attended,45,25.7,15,17.6,Gift Voucher
EVT01444,EMP142,Finance,05-05-2025,Wellness Retreat,Social,Healthy Workforce Initiative,Attended,45,25.7,15,17.6,Gift Voucher
EVT01445,EMP244,Sales,05-05-2025,Wellness Retreat,Social,Mental Health Awareness Campaign,Skipped,45,25.7,0,2.6,Gift Voucher
EVT01446,EMP082,HR,05-05-2025,Wellness Retreat,Social,Wellness Month,Attended,45,25.7,15,17.6,Gift Voucher
EVT01447,EMP202,Operations,05-05-2025,Wellness Retreat,Social,Mental Health Awareness Campaign,Attended,45,25.7,15,17.6,Gift Voucher
EVT01448,EMP186,Operations,05-05-2025,Wellness Retreat,Social,Mental Health Awareness Campaign,Skipped,45,25.7,0,2.6,Gift Voucher
EVT01449,EMP247,Sales,05-05-2025,Wellness Retreat,Social,Employee Engagement Drive,Skipped,45,25.7,0,2.6,Gift Voucher
EVT01450,EMP035,Tech,05-05-2025,Wellness Retreat,Social,Healthy Workforce Initiative,Skipped,45,25.7,0,2.6,Gift Voucher
EVT01451,EMP046,Tech,05-05-2025,Wellness Retreat,Social,Employee Engagement Drive,Attended,45,25.7,15,17.6,Gift Voucher
EVT01452,EMP213,Sales,05-05-2025,Wellness Retreat,Social,Mental Health Awareness Campaign,Attended,45,25.7,15,17.6,Gift Voucher
EVT01453,EMP007,Tech,05-05-2025,Wellness Retreat,Social,Mental Health Awareness Campaign,Attended,45,25.7,15,17.6,Gift Voucher
EVT01454,EMP089,HR,05-05-2025,Wellness Retreat,Social,Healthy Workforce Initiative,Skipped,45,25.7,0,2.6,Gift Voucher
EVT01455,EMP084,HR,05-05-2025,Wellness Retreat,Social,Mental Health Awareness Campaign,Attended,45,25.7,15,17.6,Gift Voucher
EVT01456,EMP068,Tech,05-05-2025,Wellness Retreat,Social,Healthy Workforce Initiative,Attended,45,25.7,15,17.6,Gift Voucher
EVT01457,EMP067,Tech,05-05-2025,Wellness Retreat,Social,Healthy Workforce Initiative,Attended,45,25.7,15,17.6,Gift Voucher
EVT01458,EMP174,Operations,05-05-2025,Wellness Retreat,Social,Mental Health Awareness Campaign,Attended,45,25.7,15,17.6,Gift Voucher
EVT01459,EMP162,Finance,05-05-2025,Wellness Retreat,Social,Mental Health Awareness Campaign,Skipped,45,25.7,0,2.6,Gift Voucher
EVT01460,EMP049,Tech,05-05-2025,Wellness Retreat,Social,Employee Engagement Drive,Attended,45,25.7,15,17.6,Gift Voucher
EVT01461,EMP045,Tech,05-05-2025,Wellness Retreat,Social,Mental Health Awareness Campaign,Skipped,45,25.7,0,2.6,Gift Voucher
EVT01462,EMP242,Sales,05-05-2025,Wellness Retreat,Social,Mental Health Awareness Campaign,Skipped,45,25.7,0,2.6,Gift Voucher
EVT01463,EMP221,Sales,05-05-2025,Wellness Retreat,Social,Healthy Workforce Initiative,Attended,45,25.7,15,17.6,Gift Voucher
EVT01464,EMP197,Operations,05-05-2025,Wellness Retreat,Social,Mental Health Awareness Campaign,Attended,45,25.7,15,17.6,Gift Voucher
EVT01465,EMP096,HR,05-05-2025,Wellness Retreat,Social,Mental Health Awareness Campaign,Attended,45,25.7,15,17.6,Gift Voucher
EVT01466,EMP085,HR,05-05-2025,Wellness Retreat,Social,Wellness Month,Skipped,45,25.7,0,2.6,Gift Voucher
EVT01467,EMP065,Tech,05-05-2025,Wellness Retreat,Social,Wellness Month,Attended,45,25.7,15,17.6,Gift Voucher
EVT01468,EMP041,Tech,05-05-2025,Wellness Retreat,Social,Wellness Month,Attended,45,25.7,15,17.6,Gift Voucher
EVT01469,EMP112,Marketing,05-05-2025,Wellness Retreat,Social,Wellness Month,Attended,45,25.7,15,17.6,Gift Voucher
EVT01470,EMP025,Tech,05-05-2025,Wellness Retreat,Social,Mental Health Awareness Campaign,Skipped,45,25.7,0,2.6,Gift Voucher
EVT01471,EMP200,Operations,05-05-2025,Wellness Retreat,Social,Wellness Month,Attended,45,25.7,15,17.6,Gift Voucher
EVT01472,EMP148,Finance,05-05-2025,Wellness Retreat,Social,Wellness Month,Skipped,45,25.7,0,2.6,Gift Voucher
EVT01473,EMP100,HR,05-05-2025,Wellness Retreat,Social,Employee Engagement Drive,Attended,45,25.7,15,17.6,Gift Voucher
EVT01474,EMP055,Tech,05-05-2025,Wellness Retreat,Social,Healthy Workforce Initiative,Attended,45,25.7,15,17.6,Gift Voucher
EVT01475,EMP094,HR,05-05-2025,Wellness Retreat,Social,Healthy Workforce Initiative,Skipped,45,25.7,0,2.6,Gift Voucher
EVT01476,EMP057,Tech,05-05-2025,Wellness Retreat,Social,Employee Engagement Drive,Attended,45,25.7,15,17.6,Gift Voucher
EVT01477,EMP198,Operations,05-05-2025,Wellness Retreat,Social,Wellness Month,Skipped,45,25.7,0,2.6,Gift Voucher
EVT01478,EMP021,Tech,05-05-2025,Wellness Retreat,Social,Employee Engagement Drive,Skipped,45,25.7,0,2.6,Gift Voucher
EVT01479,EMP124,Marketing,25-05-2025,Yoga Week,Mental,Wellness Month,Skipped,127,72.6,0,7.3,Gift Voucher
EVT01480,EMP072,HR,25-05-2025,Yoga Week,Mental,Employee Engagement Drive,Attended,127,72.6,20,27.3,Wellness Kit
EVT01481,EMP125,Marketing,25-05-2025,Yoga Week,Mental,Healthy Workforce Initiative,Attended,127,72.6,20,27.3,Wellness Kit
EVT01482,EMP168,Operations,25-05-2025,Yoga Week,Mental,Mental Health Awareness Campaign,Skipped,127,72.6,0,7.3,Gift Voucher
EVT01483,EMP110,Marketing,25-05-2025,Yoga Week,Mental,Mental Health Awareness Campaign,Skipped,127,72.6,0,7.3,Gift Voucher
EVT01484,EMP154,Finance,25-05-2025,Yoga Week,Mental,Employee Engagement Drive,Skipped,127,72.6,0,7.3,Gift Voucher
EVT01485,EMP214,Sales,25-05-2025,Yoga Week,Mental,Mental Health Awareness Campaign,Attended,127,72.6,20,27.3,Wellness Kit
EVT01486,EMP243,Sales,25-05-2025,Yoga Week,Mental,Employee Engagement Drive,Skipped,127,72.6,0,7.3,Gift Voucher
EVT01487,EMP191,Operations,25-05-2025,Yoga Week,Mental,Mental Health Awareness Campaign,Skipped,127,72.6,0,7.3,Gift Voucher
EVT01488,EMP192,Operations,25-05-2025,Yoga Week,Mental,Mental Health Awareness Campaign,Skipped,127,72.6,0,7.3,Gift Voucher
EVT01489,EMP086,HR,25-05-2025,Yoga Week,Mental,Healthy Workforce Initiative,Attended,127,72.6,20,27.3,Wellness Kit
EVT01490,EMP219,Sales,25-05-2025,Yoga Week,Mental,Wellness Month,Attended,127,72.6,20,27.3,Wellness Kit
EVT01491,EMP008,Tech,25-05-2025,Yoga Week,Mental,Employee Engagement Drive,Attended,127,72.6,20,27.3,Wellness Kit
EVT01492,EMP108,Marketing,25-05-2025,Yoga Week,Mental,Healthy Workforce Initiative,Skipped,127,72.6,0,7.3,Gift Voucher
EVT01493,EMP076,HR,25-05-2025,Yoga Week,Mental,Mental Health Awareness Campaign,Attended,127,72.6,20,27.3,Wellness Kit
EVT01494,EMP073,HR,25-05-2025,Yoga Week,Mental,Wellness Month,Attended,127,72.6,20,27.3,Wellness Kit
EVT01495,EMP005,Tech,25-05-2025,Yoga Week,Mental,Healthy Workforce Initiative,Skipped,127,72.6,0,7.3,Gift Voucher
EVT01496,EMP199,Operations,25-05-2025,Yoga Week,Mental,Wellness Month,Attended,127,72.6,20,27.3,Wellness Kit
EVT01497,EMP179,Operations,25-05-2025,Yoga Week,Mental,Mental Health Awareness Campaign,Attended,127,72.6,20,27.3,Wellness Kit
EVT01498,EMP196,Operations,25-05-2025,Yoga Week,Mental,Mental Health Awareness Campaign,Attended,127,72.6,20,27.3,Wellness Kit
EVT01499,EMP197,Operations,25-05-2025,Yoga Week,Mental,Employee Engagement Drive,Attended,127,72.6,20,27.3,Wellness Kit
EVT01500,EMP064,Tech,25-05-2025,Yoga Week,Mental,Healthy Workforce Initiative,Attended,127,72.6,20,27.3,Wellness Kit
EVT01501,EMP164,Finance,25-05-2025,Yoga Week,Mental,Mental Health Awareness Campaign,Attended,127,72.6,20,27.3,Wellness Kit
EVT01502,EMP037,Tech,25-05-2025,Yoga Week,Mental,Wellness Month,Attended,127,72.6,20,27.3,Wellness Kit
EVT01503,EMP158,Finance,25-05-2025,Yoga Week,Mental,Employee Engagement Drive,Attended,127,72.6,20,27.3,Wellness Kit
EVT01504,EMP081,HR,25-05-2025,Yoga Week,Mental,Healthy Workforce Initiative,Skipped,127,72.6,0,7.3,Gift Voucher
EVT01505,EMP094,HR,25-05-2025,Yoga Week,Mental,Healthy Workforce Initiative,Attended,127,72.6,20,27.3,Wellness Kit
EVT01506,EMP019,Tech,25-05-2025,Yoga Week,Mental,Mental Health Awareness Campaign,Attended,127,72.6,20,27.3,Wellness Kit
EVT01507,EMP226,Sales,25-05-2025,Yoga Week,Mental,Employee Engagement Drive,Attended,127,72.6,20,27.3,Wellness Kit
EVT01508,EMP205,Operations,25-05-2025,Yoga Week,Mental,Wellness Month,Skipped,127,72.6,0,7.3,Gift Voucher
EVT01509,EMP054,Tech,25-05-2025,Yoga Week,Mental,Wellness Month,Attended,127,72.6,20,27.3,Wellness Kit
EVT01510,EMP097,HR,25-05-2025,Yoga Week,Mental,Healthy Workforce Initiative,Attended,127,72.6,20,27.3,Wellness Kit
EVT01511,EMP102,Marketing,25-05-2025,Yoga Week,Mental,Healthy Workforce Initiative,Attended,127,72.6,20,27.3,Wellness Kit
EVT01512,EMP225,Sales,25-05-2025,Yoga Week,Mental,Healthy Workforce Initiative,Skipped,127,72.6,0,7.3,Gift Voucher
EVT01513,EMP075,HR,25-05-2025,Yoga Week,Mental,Healthy Workforce Initiative,Attended,127,72.6,20,27.3,Wellness Kit
EVT01514,EMP211,Sales,25-05-2025,Yoga Week,Mental,Healthy Workforce Initiative,Attended,127,72.6,20,27.3,Wellness Kit
EVT01515,EMP051,Tech,25-05-2025,Yoga Week,Mental,Wellness Month,Skipped,127,72.6,0,7.3,Gift Voucher
EVT01516,EMP004,Tech,25-05-2025,Yoga Week,Mental,Employee Engagement Drive,Attended,127,72.6,20,27.3,Wellness Kit
EVT01517,EMP099,HR,25-05-2025,Yoga Week,Mental,Healthy Workforce Initiative,Attended,127,72.6,20,27.3,Wellness Kit
EVT01518,EMP045,Tech,25-05-2025,Yoga Week,Mental,Wellness Month,Attended,127,72.6,20,27.3,Wellness Kit
EVT01519,EMP049,Tech,25-05-2025,Yoga Week,Mental,Mental Health Awareness Campaign,Attended,127,72.6,20,27.3,Wellness Kit
EVT01520,EMP128,Marketing,25-05-2025,Yoga Week,Mental,Mental Health Awareness Campaign,Skipped,127,72.6,0,7.3,Gift Voucher
EVT01521,EMP215,Sales,25-05-2025,Yoga Week,Mental,Mental Health Awareness Campaign,Attended,127,72.6,20,27.3,Wellness Kit
EVT01522,EMP239,Sales,25-05-2025,Yoga Week,Mental,Employee Engagement Drive,Attended,127,72.6,20,27.3,Wellness Kit
EVT01523,EMP203,Operations,25-05-2025,Yoga Week,Mental,Mental Health Awareness Campaign,Attended,127,72.6,20,27.3,Wellness Kit
EVT01524,EMP137,Marketing,25-05-2025,Yoga Week,Mental,Wellness Month,Attended,127,72.6,20,27.3,Wellness Kit
EVT01525,EMP009,Tech,25-05-2025,Yoga Week,Mental,Employee Engagement Drive,Attended,127,72.6,20,27.3,Wellness Kit
EVT01526,EMP183,Operations,25-05-2025,Yoga Week,Mental,Healthy Workforce Initiative,Attended,127,72.6,20,27.3,Wellness Kit
EVT01527,EMP204,Operations,25-05-2025,Yoga Week,Mental,Healthy Workforce Initiative,Attended,127,72.6,20,27.3,Wellness Kit
EVT01528,EMP082,HR,25-05-2025,Yoga Week,Mental,Mental Health Awareness Campaign,Skipped,127,72.6,0,7.3,Gift Voucher
EVT01529,EMP006,Tech,25-05-2025,Yoga Week,Mental,Wellness Month,Attended,127,72.6,20,27.3,Wellness Kit
EVT01530,EMP071,HR,25-05-2025,Yoga Week,Mental,Wellness Month,Attended,127,72.6,20,27.3,Wellness Kit
EVT01531,EMP121,Marketing,25-05-2025,Yoga Week,Mental,Mental Health Awareness Campaign,Attended,127,72.6,20,27.3,Wellness Kit
EVT01532,EMP070,Tech,25-05-2025,Yoga Week,Mental,Healthy Workforce Initiative,Skipped,127,72.6,0,7.3,Gift Voucher
EVT01533,EMP105,Marketing,25-05-2025,Yoga Week,Mental,Employee Engagement Drive,Attended,127,72.6,20,27.3,Wellness Kit
EVT01534,EMP198,Operations,25-05-2025,Yoga Week,Mental,Employee Engagement Drive,Attended,127,72.6,20,27.3,Wellness Kit
EVT01535,EMP156,Finance,25-05-2025,Yoga Week,Mental,Healthy Workforce Initiative,Attended,127,72.6,20,27.3,Wellness Kit
EVT01536,EMP233,Sales,25-05-2025,Yoga Week,Mental,Mental Health Awareness Campaign,Attended,127,72.6,20,27.3,Wellness Kit
EVT01537,EMP024,Tech,25-05-2025,Yoga Week,Mental,Wellness Month,Attended,127,72.6,20,27.3,Wellness Kit
EVT01538,EMP182,Operations,25-05-2025,Yoga Week,Mental,Employee Engagement Drive,Attended,127,72.6,20,27.3,Wellness Kit
EVT01539,EMP112,Marketing,25-05-2025,Yoga Week,Mental,Mental Health Awareness Campaign,Attended,127,72.6,20,27.3,Wellness Kit
EVT01540,EMP157,Finance,25-05-2025,Yoga Week,Mental,Mental Health Awareness Campaign,Attended,127,72.6,20,27.3,Wellness Kit
EVT01541,EMP150,Finance,25-05-2025,Yoga Week,Mental,Employee Engagement Drive,Skipped,127,72.6,0,7.3,Gift Voucher
EVT01542,EMP119,Marketing,25-05-2025,Yoga Week,Mental,Mental Health Awareness Campaign,Attended,127,72.6,20,27.3,Wellness Kit
EVT01543,EMP134,Marketing,25-05-2025,Yoga Week,Mental,Healthy Workforce Initiative,Attended,127,72.6,20,27.3,Wellness Kit
EVT01544,EMP206,Operations,25-05-2025,Yoga Week,Mental,Mental Health Awareness Campaign,Attended,127,72.6,20,27.3,Wellness Kit
EVT01545,EMP106,Marketing,25-05-2025,Yoga Week,Mental,Healthy Workforce Initiative,Attended,127,72.6,20,27.3,Wellness Kit
EVT01546,EMP142,Finance,25-05-2025,Yoga Week,Mental,Healthy Workforce Initiative,Attended,127,72.6,20,27.3,Wellness Kit
EVT01547,EMP016,Tech,25-05-2025,Yoga Week,Mental,Mental Health Awareness Campaign,Attended,127,72.6,20,27.3,Wellness Kit
EVT01548,EMP240,Sales,25-05-2025,Yoga Week,Mental,Healthy Workforce Initiative,Attended,127,72.6,20,27.3,Wellness Kit
EVT01549,EMP058,Tech,25-05-2025,Yoga Week,Mental,Mental Health Awareness Campaign,Skipped,127,72.6,0,7.3,Gift Voucher
EVT01550,EMP101,Marketing,25-05-2025,Yoga Week,Mental,Employee Engagement Drive,Attended,127,72.6,20,27.3,Wellness Kit
EVT01551,EMP241,Sales,25-05-2025,Yoga Week,Mental,Mental Health Awareness Campaign,Skipped,127,72.6,0,7.3,Gift Voucher
EVT01552,EMP052,Tech,25-05-2025,Yoga Week,Mental,Healthy Workforce Initiative,Attended,127,72.6,20,27.3,Wellness Kit
EVT01553,EMP141,Finance,25-05-2025,Yoga Week,Mental,Employee Engagement Drive,Attended,127,72.6,20,27.3,Wellness Kit
EVT01554,EMP025,Tech,25-05-2025,Yoga Week,Mental,Mental Health Awareness Campaign,Attended,127,72.6,20,27.3,Wellness Kit
EVT01555,EMP059,Tech,25-05-2025,Yoga Week,Mental,Employee Engagement Drive,Skipped,127,72.6,0,7.3,Gift Voucher
EVT01556,EMP093,HR,25-05-2025,Yoga Week,Mental,Mental Health Awareness Campaign,Attended,127,72.6,20,27.3,Wellness Kit
EVT01557,EMP123,Marketing,25-05-2025,Yoga Week,Mental,Healthy Workforce Initiative,Attended,127,72.6,20,27.3,Wellness Kit
EVT01558,EMP030,Tech,25-05-2025,Yoga Week,Mental,Wellness Month,Attended,127,72.6,20,27.3,Wellness Kit
EVT01559,EMP010,Tech,25-05-2025,Yoga Week,Mental,Healthy Workforce Initiative,Attended,127,72.6,20,27.3,Wellness Kit
EVT01560,EMP050,Tech,25-05-2025,Yoga Week,Mental,Healthy Workforce Initiative,Attended,127,72.6,20,27.3,Wellness Kit
EVT01561,EMP118,Marketing,25-05-2025,Yoga Week,Mental,Employee Engagement Drive,Attended,127,72.6,20,27.3,Wellness Kit
EVT01562,EMP151,Finance,25-05-2025,Yoga Week,Mental,Employee Engagement Drive,Skipped,127,72.6,0,7.3,Gift Voucher
EVT01563,EMP175,Operations,25-05-2025,Yoga Week,Mental,Wellness Month,Attended,127,72.6,20,27.3,Wellness Kit
EVT01564,EMP074,HR,25-05-2025,Yoga Week,Mental,Wellness Month,Skipped,127,72.6,0,7.3,Gift Voucher
EVT01565,EMP163,Finance,25-05-2025,Yoga Week,Mental,Mental Health Awareness Campaign,Skipped,127,72.6,0,7.3,Gift Voucher
EVT01566,EMP173,Operations,25-05-2025,Yoga Week,Mental,Employee Engagement Drive,Attended,127,72.6,20,27.3,Wellness Kit
EVT01567,EMP043,Tech,25-05-2025,Yoga Week,Mental,Wellness Month,Attended,127,72.6,20,27.3,Wellness Kit
EVT01568,EMP246,Sales,25-05-2025,Yoga Week,Mental,Wellness Month,Attended,127,72.6,20,27.3,Wellness Kit
EVT01569,EMP152,Finance,25-05-2025,Yoga Week,Mental,Employee Engagement Drive,Attended,127,72.6,20,27.3,Wellness Kit
EVT01570,EMP155,Finance,25-05-2025,Yoga Week,Mental,Employee Engagement Drive,Attended,127,72.6,20,27.3,Wellness Kit
EVT01571,EMP193,Operations,25-05-2025,Yoga Week,Mental,Wellness Month,Skipped,127,72.6,0,7.3,Gift Voucher
EVT01572,EMP047,Tech,25-05-2025,Yoga Week,Mental,Healthy Workforce Initiative,Attended,127,72.6,20,27.3,Wellness Kit
EVT01573,EMP130,Marketing,25-05-2025,Yoga Week,Mental,Employee Engagement Drive,Attended,127,72.6,20,27.3,Wellness Kit
EVT01574,EMP222,Sales,25-05-2025,Yoga Week,Mental,Wellness Month,Attended,127,72.6,20,27.3,Wellness Kit
EVT01575,EMP212,Sales,25-05-2025,Yoga Week,Mental,Mental Health Awareness Campaign,Skipped,127,72.6,0,7.3,Gift Voucher
EVT01576,EMP067,Tech,25-05-2025,Yoga Week,Mental,Wellness Month,Skipped,127,72.6,0,7.3,Gift Voucher
EVT01577,EMP055,Tech,25-05-2025,Yoga Week,Mental,Employee Engagement Drive,Attended,127,72.6,20,27.3,Wellness Kit
EVT01578,EMP220,Sales,25-05-2025,Yoga Week,Mental,Wellness Month,Attended,127,72.6,20,27.3,Wellness Kit
EVT01579,EMP143,Finance,25-05-2025,Yoga Week,Mental,Employee Engagement Drive,Skipped,127,72.6,0,7.3,Gift Voucher
EVT01580,EMP021,Tech,25-05-2025,Yoga Week,Mental,Healthy Workforce Initiative,Attended,127,72.6,20,27.3,Wellness Kit
EVT01581,EMP166,Operations,25-05-2025,Yoga Week,Mental,Healthy Workforce Initiative,Attended,127,72.6,20,27.3,Wellness Kit
EVT01582,EMP218,Sales,25-05-2025,Yoga Week,Mental,Employee Engagement Drive,Skipped,127,72.6,0,7.3,Gift Voucher
EVT01583,EMP172,Operations,25-05-2025,Yoga Week,Mental,Mental Health Awareness Campaign,Attended,127,72.6,20,27.3,Wellness Kit
EVT01584,EMP111,Marketing,25-05-2025,Yoga Week,Mental,Mental Health Awareness Campaign,Attended,127,72.6,20,27.3,Wellness Kit
EVT01585,EMP245,Sales,25-05-2025,Yoga Week,Mental,Mental Health Awareness Campaign,Skipped,127,72.6,0,7.3,Gift Voucher
EVT01586,EMP046,Tech,25-05-2025,Yoga Week,Mental,Employee Engagement Drive,Attended,127,72.6,20,27.3,Wellness Kit
EVT01587,EMP117,Marketing,25-05-2025,Yoga Week,Mental,Mental Health Awareness Campaign,Skipped,127,72.6,0,7.3,Gift Voucher
EVT01588,EMP237,Sales,25-05-2025,Yoga Week,Mental,Wellness Month,Skipped,127,72.6,0,7.3,Gift Voucher
EVT01589,EMP209,Operations,25-05-2025,Yoga Week,Mental,Healthy Workforce Initiative,Skipped,127,72.6,0,7.3,Gift Voucher
EVT01590,EMP057,Tech,25-05-2025,Yoga Week,Mental,Wellness Month,Attended,127,72.6,20,27.3,Wellness Kit
EVT01591,EMP126,Marketing,25-05-2025,Yoga Week,Mental,Healthy Workforce Initiative,Attended,127,72.6,20,27.3,Wellness Kit
EVT01592,EMP210,Operations,25-05-2025,Yoga Week,Mental,Wellness Month,Attended,127,72.6,20,27.3,Wellness Kit
EVT01593,EMP176,Operations,25-05-2025,Yoga Week,Mental,Wellness Month,Attended,127,72.6,20,27.3,Wellness Kit
EVT01594,EMP231,Sales,25-05-2025,Yoga Week,Mental,Employee Engagement Drive,Skipped,127,72.6,0,7.3,Gift Voucher
EVT01595,EMP109,Marketing,25-05-2025,Yoga Week,Mental,Mental Health Awareness Campaign,Attended,127,72.6,20,27.3,Wellness Kit
EVT01596,EMP079,HR,25-05-2025,Yoga Week,Mental,Employee Engagement Drive,Attended,127,72.6,20,27.3,Wellness Kit
EVT01597,EMP229,Sales,25-05-2025,Yoga Week,Mental,Employee Engagement Drive,Skipped,127,72.6,0,7.3,Gift Voucher
EVT01598,EMP014,Tech,25-05-2025,Yoga Week,Mental,Employee Engagement Drive,Attended,127,72.6,20,27.3,Wellness Kit
EVT01599,EMP032,Tech,25-05-2025,Yoga Week,Mental,Wellness Month,Attended,127,72.6,20,27.3,Wellness Kit
EVT01600,EMP003,Tech,25-05-2025,Yoga Week,Mental,Mental Health Awareness Campaign,Attended,127,72.6,20,27.3,Wellness Kit
EVT01601,EMP145,Finance,25-05-2025,Yoga Week,Mental,Employee Engagement Drive,Attended,127,72.6,20,27.3,Wellness Kit
EVT01602,EMP092,HR,25-05-2025,Yoga Week,Mental,Employee Engagement Drive,Attended,127,72.6,20,27.3,Wellness Kit
EVT01603,EMP153,Finance,25-05-2025,Yoga Week,Mental,Employee Engagement Drive,Attended,127,72.6,20,27.3,Wellness Kit
EVT01604,EMP012,Tech,25-05-2025,Yoga Week,Mental,Healthy Workforce Initiative,Attended,127,72.6,20,27.3,Wellness Kit
EVT01605,EMP103,Marketing,25-05-2025,Yoga Week,Mental,Wellness Month,Attended,127,72.6,20,27.3,Wellness Kit
EVT01606,EMP138,Marketing,24-06-2025,Creative Workshop,Creative,Employee Engagement Drive,Attended,99,56.6,10,15.7,Gift Voucher
EVT01607,EMP242,Sales,24-06-2025,Creative Workshop,Creative,Mental Health Awareness Campaign,Skipped,99,56.6,0,5.7,Gift Voucher
EVT01608,EMP231,Sales,24-06-2025,Creative Workshop,Creative,Wellness Month,Attended,99,56.6,10,15.7,Gift Voucher
EVT01609,EMP086,HR,24-06-2025,Creative Workshop,Creative,Employee Engagement Drive,Skipped,99,56.6,0,5.7,Gift Voucher
EVT01610,EMP081,HR,24-06-2025,Creative Workshop,Creative,Healthy Workforce Initiative,Attended,99,56.6,10,15.7,Gift Voucher
EVT01611,EMP089,HR,24-06-2025,Creative Workshop,Creative,Wellness Month,Attended,99,56.6,10,15.7,Gift Voucher
EVT01612,EMP055,Tech,24-06-2025,Creative Workshop,Creative,Healthy Workforce Initiative,Attended,99,56.6,10,15.7,Gift Voucher
EVT01613,EMP125,Marketing,24-06-2025,Creative Workshop,Creative,Wellness Month,Skipped,99,56.6,0,5.7,Gift Voucher
EVT01614,EMP045,Tech,24-06-2025,Creative Workshop,Creative,Employee Engagement Drive,Attended,99,56.6,10,15.7,Gift Voucher
EVT01615,EMP146,Finance,24-06-2025,Creative Workshop,Creative,Employee Engagement Drive,Attended,99,56.6,10,15.7,Gift Voucher
EVT01616,EMP237,Sales,24-06-2025,Creative Workshop,Creative,Healthy Workforce Initiative,Attended,99,56.6,10,15.7,Gift Voucher
EVT01617,EMP169,Operations,24-06-2025,Creative Workshop,Creative,Mental Health Awareness Campaign,Attended,99,56.6,10,15.7,Gift Voucher
EVT01618,EMP192,Operations,24-06-2025,Creative Workshop,Creative,Employee Engagement Drive,Skipped,99,56.6,0,5.7,Gift Voucher
EVT01619,EMP039,Tech,24-06-2025,Creative Workshop,Creative,Mental Health Awareness Campaign,Attended,99,56.6,10,15.7,Gift Voucher
EVT01620,EMP097,HR,24-06-2025,Creative Workshop,Creative,Healthy Workforce Initiative,Attended,99,56.6,10,15.7,Gift Voucher
EVT01621,EMP148,Finance,24-06-2025,Creative Workshop,Creative,Employee Engagement Drive,Attended,99,56.6,10,15.7,Gift Voucher
EVT01622,EMP115,Marketing,24-06-2025,Creative Workshop,Creative,Mental Health Awareness Campaign,Attended,99,56.6,10,15.7,Gift Voucher
EVT01623,EMP248,Sales,24-06-2025,Creative Workshop,Creative,Employee Engagement Drive,Attended,99,56.6,10,15.7,Gift Voucher
EVT01624,EMP198,Operations,24-06-2025,Creative Workshop,Creative,Mental Health Awareness Campaign,Attended,99,56.6,10,15.7,Gift Voucher
EVT01625,EMP216,Sales,24-06-2025,Creative Workshop,Creative,Mental Health Awareness Campaign,Attended,99,56.6,10,15.7,Gift Voucher
EVT01626,EMP079,HR,24-06-2025,Creative Workshop,Creative,Mental Health Awareness Campaign,Attended,99,56.6,10,15.7,Gift Voucher
EVT01627,EMP206,Operations,24-06-2025,Creative Workshop,Creative,Wellness Month,Skipped,99,56.6,0,5.7,Gift Voucher
EVT01628,EMP100,HR,24-06-2025,Creative Workshop,Creative,Wellness Month,Skipped,99,56.6,0,5.7,Gift Voucher
EVT01629,EMP030,Tech,24-06-2025,Creative Workshop,Creative,Wellness Month,Attended,99,56.6,10,15.7,Gift Voucher
EVT01630,EMP111,Marketing,24-06-2025,Creative Workshop,Creative,Mental Health Awareness Campaign,Attended,99,56.6,10,15.7,Gift Voucher
EVT01631,EMP126,Marketing,24-06-2025,Creative Workshop,Creative,Healthy Workforce Initiative,Attended,99,56.6,10,15.7,Gift Voucher
EVT01632,EMP071,HR,24-06-2025,Creative Workshop,Creative,Employee Engagement Drive,Attended,99,56.6,10,15.7,Gift Voucher
EVT01633,EMP023,Tech,24-06-2025,Creative Workshop,Creative,Healthy Workforce Initiative,Attended,99,56.6,10,15.7,Gift Voucher
EVT01634,EMP151,Finance,24-06-2025,Creative Workshop,Creative,Wellness Month,Attended,99,56.6,10,15.7,Gift Voucher
EVT01635,EMP177,Operations,24-06-2025,Creative Workshop,Creative,Employee Engagement Drive,Attended,99,56.6,10,15.7,Gift Voucher
EVT01636,EMP093,HR,24-06-2025,Creative Workshop,Creative,Wellness Month,Attended,99,56.6,10,15.7,Gift Voucher
EVT01637,EMP120,Marketing,24-06-2025,Creative Workshop,Creative,Mental Health Awareness Campaign,Attended,99,56.6,10,15.7,Gift Voucher
EVT01638,EMP143,Finance,24-06-2025,Creative Workshop,Creative,Mental Health Awareness Campaign,Skipped,99,56.6,0,5.7,Gift Voucher
EVT01639,EMP061,Tech,24-06-2025,Creative Workshop,Creative,Healthy Workforce Initiative,Skipped,99,56.6,0,5.7,Gift Voucher
EVT01640,EMP015,Tech,24-06-2025,Creative Workshop,Creative,Mental Health Awareness Campaign,Skipped,99,56.6,0,5.7,Gift Voucher
EVT01641,EMP075,HR,24-06-2025,Creative Workshop,Creative,Mental Health Awareness Campaign,Attended,99,56.6,10,15.7,Gift Voucher
EVT01642,EMP204,Operations,24-06-2025,Creative Workshop,Creative,Employee Engagement Drive,Skipped,99,56.6,0,5.7,Gift Voucher
EVT01643,EMP240,Sales,24-06-2025,Creative Workshop,Creative,Mental Health Awareness Campaign,Attended,99,56.6,10,15.7,Gift Voucher
EVT01644,EMP106,Marketing,24-06-2025,Creative Workshop,Creative,Healthy Workforce Initiative,Attended,99,56.6,10,15.7,Gift Voucher
EVT01645,EMP164,Finance,24-06-2025,Creative Workshop,Creative,Wellness Month,Skipped,99,56.6,0,5.7,Gift Voucher
EVT01646,EMP133,Marketing,24-06-2025,Creative Workshop,Creative,Healthy Workforce Initiative,Attended,99,56.6,10,15.7,Gift Voucher
EVT01647,EMP056,Tech,24-06-2025,Creative Workshop,Creative,Mental Health Awareness Campaign,Attended,99,56.6,10,15.7,Gift Voucher
EVT01648,EMP084,HR,24-06-2025,Creative Workshop,Creative,Healthy Workforce Initiative,Attended,99,56.6,10,15.7,Gift Voucher
EVT01649,EMP131,Marketing,24-06-2025,Creative Workshop,Creative,Employee Engagement Drive,Attended,99,56.6,10,15.7,Gift Voucher
EVT01650,EMP026,Tech,24-06-2025,Creative Workshop,Creative,Wellness Month,Attended,99,56.6,10,15.7,Gift Voucher
EVT01651,EMP123,Marketing,24-06-2025,Creative Workshop,Creative,Employee Engagement Drive,Skipped,99,56.6,0,5.7,Gift Voucher
EVT01652,EMP222,Sales,24-06-2025,Creative Workshop,Creative,Employee Engagement Drive,Attended,99,56.6,10,15.7,Gift Voucher
EVT01653,EMP194,Operations,24-06-2025,Creative Workshop,Creative,Wellness Month,Attended,99,56.6,10,15.7,Gift Voucher
EVT01654,EMP129,Marketing,24-06-2025,Creative Workshop,Creative,Employee Engagement Drive,Skipped,99,56.6,0,5.7,Gift Voucher
EVT01655,EMP225,Sales,24-06-2025,Creative Workshop,Creative,Healthy Workforce Initiative,Attended,99,56.6,10,15.7,Gift Voucher
EVT01656,EMP009,Tech,24-06-2025,Creative Workshop,Creative,Mental Health Awareness Campaign,Attended,99,56.6,10,15.7,Gift Voucher
EVT01657,EMP035,Tech,24-06-2025,Creative Workshop,Creative,Wellness Month,Attended,99,56.6,10,15.7,Gift Voucher
EVT01658,EMP193,Operations,24-06-2025,Creative Workshop,Creative,Wellness Month,Attended,99,56.6,10,15.7,Gift Voucher
EVT01659,EMP130,Marketing,24-06-2025,Creative Workshop,Creative,Wellness Month,Attended,99,56.6,10,15.7,Gift Voucher
EVT01660,EMP221,Sales,24-06-2025,Creative Workshop,Creative,Mental Health Awareness Campaign,Attended,99,56.6,10,15.7,Gift Voucher
EVT01661,EMP234,Sales,24-06-2025,Creative Workshop,Creative,Wellness Month,Attended,99,56.6,10,15.7,Gift Voucher
EVT01662,EMP142,Finance,24-06-2025,Creative Workshop,Creative,Mental Health Awareness Campaign,Attended,99,56.6,10,15.7,Gift Voucher
EVT01663,EMP154,Finance,24-06-2025,Creative Workshop,Creative,Employee Engagement Drive,Attended,99,56.6,10,15.7,Gift Voucher
EVT01664,EMP195,Operations,24-06-2025,Creative Workshop,Creative,Healthy Workforce Initiative,Attended,99,56.6,10,15.7,Gift Voucher
EVT01665,EMP127,Marketing,24-06-2025,Creative Workshop,Creative,Wellness Month,Attended,99,56.6,10,15.7,Gift Voucher
EVT01666,EMP108,Marketing,24-06-2025,Creative Workshop,Creative,Mental Health Awareness Campaign,Attended,99,56.6,10,15.7,Gift Voucher
EVT01667,EMP054,Tech,24-06-2025,Creative Workshop,Creative,Wellness Month,Attended,99,56.6,10,15.7,Gift Voucher
EVT01668,EMP228,Sales,24-06-2025,Creative Workshop,Creative,Wellness Month,Skipped,99,56.6,0,5.7,Gift Voucher
EVT01669,EMP190,Operations,24-06-2025,Creative Workshop,Creative,Employee Engagement Drive,Attended,99,56.6,10,15.7,Gift Voucher
EVT01670,EMP185,Operations,24-06-2025,Creative Workshop,Creative,Employee Engagement Drive,Skipped,99,56.6,0,5.7,Gift Voucher
EVT01671,EMP180,Operations,24-06-2025,Creative Workshop,Creative,Wellness Month,Attended,99,56.6,10,15.7,Gift Voucher
EVT01672,EMP098,HR,24-06-2025,Creative Workshop,Creative,Wellness Month,Attended,99,56.6,10,15.7,Gift Voucher
EVT01673,EMP076,HR,24-06-2025,Creative Workshop,Creative,Wellness Month,Attended,99,56.6,10,15.7,Gift Voucher
EVT01674,EMP116,Marketing,24-06-2025,Creative Workshop,Creative,Wellness Month,Attended,99,56.6,10,15.7,Gift Voucher
EVT01675,EMP215,Sales,24-06-2025,Creative Workshop,Creative,Wellness Month,Attended,99,56.6,10,15.7,Gift Voucher
EVT01676,EMP181,Operations,24-06-2025,Creative Workshop,Creative,Employee Engagement Drive,Attended,99,56.6,10,15.7,Gift Voucher
EVT01677,EMP095,HR,24-06-2025,Creative Workshop,Creative,Mental Health Awareness Campaign,Skipped,99,56.6,0,5.7,Gift Voucher
EVT01678,EMP053,Tech,24-06-2025,Creative Workshop,Creative,Wellness Month,Skipped,99,56.6,0,5.7,Gift Voucher
EVT01679,EMP117,Marketing,24-06-2025,Creative Workshop,Creative,Wellness Month,Attended,99,56.6,10,15.7,Gift Voucher
EVT01680,EMP047,Tech,24-06-2025,Creative Workshop,Creative,Employee Engagement Drive,Attended,99,56.6,10,15.7,Gift Voucher
EVT01681,EMP159,Finance,24-06-2025,Creative Workshop,Creative,Employee Engagement Drive,Attended,99,56.6,10,15.7,Gift Voucher
EVT01682,EMP010,Tech,24-06-2025,Creative Workshop,Creative,Employee Engagement Drive,Attended,99,56.6,10,15.7,Gift Voucher
EVT01683,EMP027,Tech,24-06-2025,Creative Workshop,Creative,Wellness Month,Skipped,99,56.6,0,5.7,Gift Voucher
EVT01684,EMP165,Finance,24-06-2025,Creative Workshop,Creative,Employee Engagement Drive,Attended,99,56.6,10,15.7,Gift Voucher
EVT01685,EMP037,Tech,24-06-2025,Creative Workshop,Creative,Mental Health Awareness Campaign,Attended,99,56.6,10,15.7,Gift Voucher
EVT01686,EMP183,Operations,24-06-2025,Creative Workshop,Creative,Mental Health Awareness Campaign,Skipped,99,56.6,0,5.7,Gift Voucher
EVT01687,EMP044,Tech,24-06-2025,Creative Workshop,Creative,Employee Engagement Drive,Attended,99,56.6,10,15.7,Gift Voucher
EVT01688,EMP002,Tech,24-06-2025,Creative Workshop,Creative,Mental Health Awareness Campaign,Attended,99,56.6,10,15.7,Gift Voucher
EVT01689,EMP050,Tech,24-06-2025,Creative Workshop,Creative,Wellness Month,Attended,99,56.6,10,15.7,Gift Voucher
EVT01690,EMP048,Tech,24-06-2025,Creative Workshop,Creative,Wellness Month,Attended,99,56.6,10,15.7,Gift Voucher
EVT01691,EMP063,Tech,24-06-2025,Creative Workshop,Creative,Employee Engagement Drive,Attended,99,56.6,10,15.7,Gift Voucher
EVT01692,EMP099,HR,24-06-2025,Creative Workshop,Creative,Wellness Month,Attended,99,56.6,10,15.7,Gift Voucher
EVT01693,EMP160,Finance,24-06-2025,Creative Workshop,Creative,Employee Engagement Drive,Attended,99,56.6,10,15.7,Gift Voucher
EVT01694,EMP016,Tech,24-06-2025,Creative Workshop,Creative,Wellness Month,Attended,99,56.6,10,15.7,Gift Voucher
EVT01695,EMP170,Operations,24-06-2025,Creative Workshop,Creative,Mental Health Awareness Campaign,Skipped,99,56.6,0,5.7,Gift Voucher
EVT01696,EMP187,Operations,24-06-2025,Creative Workshop,Creative,Healthy Workforce Initiative,Attended,99,56.6,10,15.7,Gift Voucher
EVT01697,EMP074,HR,24-06-2025,Creative Workshop,Creative,Mental Health Awareness Campaign,Attended,99,56.6,10,15.7,Gift Voucher
EVT01698,EMP088,HR,24-06-2025,Creative Workshop,Creative,Wellness Month,Attended,99,56.6,10,15.7,Gift Voucher
EVT01699,EMP167,Operations,24-06-2025,Creative Workshop,Creative,Wellness Month,Attended,99,56.6,10,15.7,Gift Voucher
EVT01700,EMP119,Marketing,24-06-2025,Creative Workshop,Creative,Mental Health Awareness Campaign,Attended,99,56.6,10,15.7,Gift Voucher
EVT01701,EMP077,HR,24-06-2025,Creative Workshop,Creative,Healthy Workforce Initiative,Skipped,99,56.6,0,5.7,Gift Voucher
EVT01702,EMP067,Tech,24-06-2025,Creative Workshop,Creative,Wellness Month,Attended,99,56.6,10,15.7,Gift Voucher
EVT01703,EMP096,HR,24-06-2025,Creative Workshop,Creative,Employee Engagement Drive,Attended,99,56.6,10,15.7,Gift Voucher
EVT01704,EMP205,Operations,24-06-2025,Creative Workshop,Creative,Employee Engagement Drive,Skipped,99,56.6,0,5.7,Gift Voucher
EVT01705,EMP234,Sales,26-06-2025,Digital Detox Week,Work-Life,Mental Health Awareness Campaign,Skipped,44,25.1,0,2.5,Gift Voucher
EVT01706,EMP018,Tech,26-06-2025,Digital Detox Week,Work-Life,Healthy Workforce Initiative,Attended,44,25.1,15,17.5,Gift Voucher
EVT01707,EMP211,Sales,26-06-2025,Digital Detox Week,Work-Life,Healthy Workforce Initiative,Attended,44,25.1,15,17.5,Gift Voucher
EVT01708,EMP223,Sales,26-06-2025,Digital Detox Week,Work-Life,Healthy Workforce Initiative,Skipped,44,25.1,0,2.5,Gift Voucher
EVT01709,EMP213,Sales,26-06-2025,Digital Detox Week,Work-Life,Mental Health Awareness Campaign,Attended,44,25.1,15,17.5,Gift Voucher
EVT01710,EMP046,Tech,26-06-2025,Digital Detox Week,Work-Life,Healthy Workforce Initiative,Attended,44,25.1,15,17.5,Gift Voucher
EVT01711,EMP153,Finance,26-06-2025,Digital Detox Week,Work-Life,Mental Health Awareness Campaign,Skipped,44,25.1,0,2.5,Gift Voucher
EVT01712,EMP245,Sales,26-06-2025,Digital Detox Week,Work-Life,Mental Health Awareness Campaign,Attended,44,25.1,15,17.5,Gift Voucher
EVT01713,EMP225,Sales,26-06-2025,Digital Detox Week,Work-Life,Employee Engagement Drive,Attended,44,25.1,15,17.5,Gift Voucher
EVT01714,EMP052,Tech,26-06-2025,Digital Detox Week,Work-Life,Healthy Workforce Initiative,Attended,44,25.1,15,17.5,Gift Voucher
EVT01715,EMP166,Operations,26-06-2025,Digital Detox Week,Work-Life,Mental Health Awareness Campaign,Attended,44,25.1,15,17.5,Gift Voucher
EVT01716,EMP075,HR,26-06-2025,Digital Detox Week,Work-Life,Employee Engagement Drive,Attended,44,25.1,15,17.5,Gift Voucher
EVT01717,EMP216,Sales,26-06-2025,Digital Detox Week,Work-Life,Employee Engagement Drive,Attended,44,25.1,15,17.5,Gift Voucher
EVT01718,EMP086,HR,26-06-2025,Digital Detox Week,Work-Life,Mental Health Awareness Campaign,Attended,44,25.1,15,17.5,Gift Voucher
EVT01719,EMP059,Tech,26-06-2025,Digital Detox Week,Work-Life,Wellness Month,Attended,44,25.1,15,17.5,Gift Voucher
EVT01720,EMP247,Sales,26-06-2025,Digital Detox Week,Work-Life,Wellness Month,Attended,44,25.1,15,17.5,Gift Voucher
EVT01721,EMP087,HR,26-06-2025,Digital Detox Week,Work-Life,Mental Health Awareness Campaign,Attended,44,25.1,15,17.5,Gift Voucher
EVT01722,EMP218,Sales,26-06-2025,Digital Detox Week,Work-Life,Wellness Month,Attended,44,25.1,15,17.5,Gift Voucher
EVT01723,EMP179,Operations,26-06-2025,Digital Detox Week,Work-Life,Healthy Workforce Initiative,Attended,44,25.1,15,17.5,Gift Voucher
EVT01724,EMP210,Operations,26-06-2025,Digital Detox Week,Work-Life,Employee Engagement Drive,Attended,44,25.1,15,17.5,Gift Voucher
EVT01725,EMP127,Marketing,26-06-2025,Digital Detox Week,Work-Life,Employee Engagement Drive,Skipped,44,25.1,0,2.5,Gift Voucher
EVT01726,EMP158,Finance,26-06-2025,Digital Detox Week,Work-Life,Healthy Workforce Initiative,Attended,44,25.1,15,17.5,Gift Voucher
EVT01727,EMP144,Finance,26-06-2025,Digital Detox Week,Work-Life,Wellness Month,Attended,44,25.1,15,17.5,Gift Voucher
EVT01728,EMP249,Sales,26-06-2025,Digital Detox Week,Work-Life,Healthy Workforce Initiative,Attended,44,25.1,15,17.5,Gift Voucher
EVT01729,EMP189,Operations,26-06-2025,Digital Detox Week,Work-Life,Wellness Month,Attended,44,25.1,15,17.5,Gift Voucher
EVT01730,EMP239,Sales,26-06-2025,Digital Detox Week,Work-Life,Employee Engagement Drive,Attended,44,25.1,15,17.5,Gift Voucher
EVT01731,EMP028,Tech,26-06-2025,Digital Detox Week,Work-Life,Mental Health Awareness Campaign,Skipped,44,25.1,0,2.5,Gift Voucher
EVT01732,EMP142,Finance,26-06-2025,Digital Detox Week,Work-Life,Wellness Month,Attended,44,25.1,15,17.5,Gift Voucher
EVT01733,EMP116,Marketing,26-06-2025,Digital Detox Week,Work-Life,Wellness Month,Attended,44,25.1,15,17.5,Gift Voucher
EVT01734,EMP159,Finance,26-06-2025,Digital Detox Week,Work-Life,Wellness Month,Skipped,44,25.1,0,2.5,Gift Voucher
EVT01735,EMP118,Marketing,26-06-2025,Digital Detox Week,Work-Life,Employee Engagement Drive,Skipped,44,25.1,0,2.5,Gift Voucher
EVT01736,EMP148,Finance,26-06-2025,Digital Detox Week,Work-Life,Employee Engagement Drive,Attended,44,25.1,15,17.5,Gift Voucher
EVT01737,EMP039,Tech,26-06-2025,Digital Detox Week,Work-Life,Employee Engagement Drive,Attended,44,25.1,15,17.5,Gift Voucher
EVT01738,EMP182,Operations,26-06-2025,Digital Detox Week,Work-Life,Healthy Workforce Initiative,Skipped,44,25.1,0,2.5,Gift Voucher
EVT01739,EMP017,Tech,26-06-2025,Digital Detox Week,Work-Life,Employee Engagement Drive,Skipped,44,25.1,0,2.5,Gift Voucher
EVT01740,EMP122,Marketing,26-06-2025,Digital Detox Week,Work-Life,Wellness Month,Attended,44,25.1,15,17.5,Gift Voucher
EVT01741,EMP016,Tech,26-06-2025,Digital Detox Week,Work-Life,Mental Health Awareness Campaign,Attended,44,25.1,15,17.5,Gift Voucher
EVT01742,EMP227,Sales,26-06-2025,Digital Detox Week,Work-Life,Healthy Workforce Initiative,Attended,44,25.1,15,17.5,Gift Voucher
EVT01743,EMP020,Tech,26-06-2025,Digital Detox Week,Work-Life,Wellness Month,Attended,44,25.1,15,17.5,Gift Voucher
EVT01744,EMP030,Tech,26-06-2025,Digital Detox Week,Work-Life,Employee Engagement Drive,Attended,44,25.1,15,17.5,Gift Voucher
EVT01745,EMP121,Marketing,26-06-2025,Digital Detox Week,Work-Life,Mental Health Awareness Campaign,Attended,44,25.1,15,17.5,Gift Voucher
EVT01746,EMP170,Operations,26-06-2025,Digital Detox Week,Work-Life,Healthy Workforce Initiative,Attended,44,25.1,15,17.5,Gift Voucher
EVT01747,EMP070,Tech,26-06-2025,Digital Detox Week,Work-Life,Mental Health Awareness Campaign,Skipped,44,25.1,0,2.5,Gift Voucher
EVT01748,EMP160,Finance,26-06-2025,Digital Detox Week,Work-Life,Healthy Workforce Initiative,Attended,44,25.1,15,17.5,Gift Voucher
EVT01749,EMP169,Operations,26-06-2025,Yoga Week,Mental,Mental Health Awareness Campaign,Attended,52,29.7,20,23,Wellness Kit
EVT01750,EMP235,Sales,26-06-2025,Yoga Week,Mental,Employee Engagement Drive,Attended,52,29.7,20,23,Wellness Kit
EVT01751,EMP142,Finance,26-06-2025,Yoga Week,Mental,Employee Engagement Drive,Attended,52,29.7,20,23,Wellness Kit
EVT01752,EMP232,Sales,26-06-2025,Yoga Week,Mental,Wellness Month,Attended,52,29.7,20,23,Wellness Kit
EVT01753,EMP146,Finance,26-06-2025,Yoga Week,Mental,Mental Health Awareness Campaign,Skipped,52,29.7,0,3,Gift Voucher
EVT01754,EMP221,Sales,26-06-2025,Yoga Week,Mental,Healthy Workforce Initiative,Attended,52,29.7,20,23,Wellness Kit
EVT01755,EMP018,Tech,26-06-2025,Yoga Week,Mental,Wellness Month,Attended,52,29.7,20,23,Wellness Kit
EVT01756,EMP100,HR,26-06-2025,Yoga Week,Mental,Employee Engagement Drive,Skipped,52,29.7,0,3,Gift Voucher
EVT01757,EMP037,Tech,26-06-2025,Yoga Week,Mental,Healthy Workforce Initiative,Skipped,52,29.7,0,3,Gift Voucher
EVT01758,EMP040,Tech,26-06-2025,Yoga Week,Mental,Wellness Month,Attended,52,29.7,20,23,Wellness Kit
EVT01759,EMP127,Marketing,26-06-2025,Yoga Week,Mental,Wellness Month,Attended,52,29.7,20,23,Wellness Kit
EVT01760,EMP027,Tech,26-06-2025,Yoga Week,Mental,Employee Engagement Drive,Skipped,52,29.7,0,3,Gift Voucher
EVT01761,EMP150,Finance,26-06-2025,Yoga Week,Mental,Healthy Workforce Initiative,Attended,52,29.7,20,23,Wellness Kit
EVT01762,EMP112,Marketing,26-06-2025,Yoga Week,Mental,Employee Engagement Drive,Skipped,52,29.7,0,3,Gift Voucher
EVT01763,EMP049,Tech,26-06-2025,Yoga Week,Mental,Healthy Workforce Initiative,Skipped,52,29.7,0,3,Gift Voucher
EVT01764,EMP225,Sales,26-06-2025,Yoga Week,Mental,Employee Engagement Drive,Attended,52,29.7,20,23,Wellness Kit
EVT01765,EMP131,Marketing,26-06-2025,Yoga Week,Mental,Employee Engagement Drive,Attended,52,29.7,20,23,Wellness Kit
EVT01766,EMP020,Tech,26-06-2025,Yoga Week,Mental,Employee Engagement Drive,Attended,52,29.7,20,23,Wellness Kit
EVT01767,EMP117,Marketing,26-06-2025,Yoga Week,Mental,Wellness Month,Skipped,52,29.7,0,3,Gift Voucher
EVT01768,EMP204,Operations,26-06-2025,Yoga Week,Mental,Wellness Month,Attended,52,29.7,20,23,Wellness Kit
EVT01769,EMP189,Operations,26-06-2025,Yoga Week,Mental,Mental Health Awareness Campaign,Attended,52,29.7,20,23,Wellness Kit
EVT01770,EMP250,Sales,26-06-2025,Yoga Week,Mental,Employee Engagement Drive,Attended,52,29.7,20,23,Wellness Kit
EVT01771,EMP038,Tech,26-06-2025,Yoga Week,Mental,Mental Health Awareness Campaign,Attended,52,29.7,20,23,Wellness Kit
EVT01772,EMP119,Marketing,26-06-2025,Yoga Week,Mental,Employee Engagement Drive,Skipped,52,29.7,0,3,Gift Voucher
EVT01773,EMP116,Marketing,26-06-2025,Yoga Week,Mental,Employee Engagement Drive,Skipped,52,29.7,0,3,Gift Voucher
EVT01774,EMP122,Marketing,26-06-2025,Yoga Week,Mental,Healthy Workforce Initiative,Attended,52,29.7,20,23,Wellness Kit
EVT01775,EMP077,HR,26-06-2025,Yoga Week,Mental,Healthy Workforce Initiative,Attended,52,29.7,20,23,Wellness Kit
EVT01776,EMP026,Tech,26-06-2025,Yoga Week,Mental,Healthy Workforce Initiative,Attended,52,29.7,20,23,Wellness Kit
EVT01777,EMP017,Tech,26-06-2025,Yoga Week,Mental,Employee Engagement Drive,Skipped,52,29.7,0,3,Gift Voucher
EVT01778,EMP125,Marketing,26-06-2025,Yoga Week,Mental,Wellness Month,Attended,52,29.7,20,23,Wellness Kit
EVT01779,EMP008,Tech,26-06-2025,Yoga Week,Mental,Employee Engagement Drive,Attended,52,29.7,20,23,Wellness Kit
EVT01780,EMP110,Marketing,26-06-2025,Yoga Week,Mental,Employee Engagement Drive,Attended,52,29.7,20,23,Wellness Kit
EVT01781,EMP097,HR,26-06-2025,Yoga Week,Mental,Employee Engagement Drive,Attended,52,29.7,20,23,Wellness Kit
EVT01782,EMP115,Marketing,26-06-2025,Yoga Week,Mental,Employee Engagement Drive,Skipped,52,29.7,0,3,Gift Voucher
EVT01783,EMP054,Tech,26-06-2025,Yoga Week,Mental,Wellness Month,Attended,52,29.7,20,23,Wellness Kit
EVT01784,EMP092,HR,26-06-2025,Yoga Week,Mental,Wellness Month,Attended,52,29.7,20,23,Wellness Kit
EVT01785,EMP224,Sales,26-06-2025,Yoga Week,Mental,Employee Engagement Drive,Attended,52,29.7,20,23,Wellness Kit
EVT01786,EMP139,Marketing,26-06-2025,Yoga Week,Mental,Wellness Month,Attended,52,29.7,20,23,Wellness Kit
EVT01787,EMP105,Marketing,26-06-2025,Yoga Week,Mental,Mental Health Awareness Campaign,Attended,52,29.7,20,23,Wellness Kit
EVT01788,EMP172,Operations,26-06-2025,Yoga Week,Mental,Healthy Workforce Initiative,Attended,52,29.7,20,23,Wellness Kit
EVT01789,EMP174,Operations,26-06-2025,Yoga Week,Mental,Wellness Month,Skipped,52,29.7,0,3,Gift Voucher
EVT01790,EMP046,Tech,26-06-2025,Yoga Week,Mental,Mental Health Awareness Campaign,Attended,52,29.7,20,23,Wellness Kit
EVT01791,EMP155,Finance,26-06-2025,Yoga Week,Mental,Healthy Workforce Initiative,Skipped,52,29.7,0,3,Gift Voucher
EVT01792,EMP088,HR,26-06-2025,Yoga Week,Mental,Employee Engagement Drive,Attended,52,29.7,20,23,Wellness Kit
EVT01793,EMP137,Marketing,26-06-2025,Yoga Week,Mental,Healthy Workforce Initiative,Skipped,52,29.7,0,3,Gift Voucher
EVT01794,EMP236,Sales,26-06-2025,Yoga Week,Mental,Wellness Month,Skipped,52,29.7,0,3,Gift Voucher
EVT01795,EMP129,Marketing,26-06-2025,Yoga Week,Mental,Healthy Workforce Initiative,Attended,52,29.7,20,23,Wellness Kit
EVT01796,EMP063,Tech,26-06-2025,Yoga Week,Mental,Wellness Month,Attended,52,29.7,20,23,Wellness Kit
EVT01797,EMP188,Operations,26-06-2025,Yoga Week,Mental,Mental Health Awareness Campaign,Attended,52,29.7,20,23,Wellness Kit
EVT01798,EMP025,Tech,26-06-2025,Yoga Week,Mental,Employee Engagement Drive,Skipped,52,29.7,0,3,Gift Voucher
EVT01799,EMP059,Tech,26-06-2025,Yoga Week,Mental,Healthy Workforce Initiative,Skipped,52,29.7,0,3,Gift Voucher
EVT01800,EMP156,Finance,26-06-2025,Yoga Week,Mental,Employee Engagement Drive,Attended,52,29.7,20,23,Wellness Kit
EVT01801,EMP044,Tech,14-07-2025,Mindfulness Month,Mental,Wellness Month,Attended,57,32.6,20,23.3,Wellness Kit
EVT01802,EMP196,Operations,14-07-2025,Mindfulness Month,Mental,Mental Health Awareness Campaign,Attended,57,32.6,20,23.3,Wellness Kit
EVT01803,EMP087,HR,14-07-2025,Mindfulness Month,Mental,Healthy Workforce Initiative,Attended,57,32.6,20,23.3,Wellness Kit
EVT01804,EMP230,Sales,14-07-2025,Mindfulness Month,Mental,Mental Health Awareness Campaign,Attended,57,32.6,20,23.3,Wellness Kit
EVT01805,EMP222,Sales,14-07-2025,Mindfulness Month,Mental,Mental Health Awareness Campaign,Attended,57,32.6,20,23.3,Wellness Kit
EVT01806,EMP129,Marketing,14-07-2025,Mindfulness Month,Mental,Mental Health Awareness Campaign,Attended,57,32.6,20,23.3,Wellness Kit
EVT01807,EMP103,Marketing,14-07-2025,Mindfulness Month,Mental,Healthy Workforce Initiative,Attended,57,32.6,20,23.3,Wellness Kit
EVT01808,EMP137,Marketing,14-07-2025,Mindfulness Month,Mental,Healthy Workforce Initiative,Skipped,57,32.6,0,3.3,Gift Voucher
EVT01809,EMP085,HR,14-07-2025,Mindfulness Month,Mental,Healthy Workforce Initiative,Skipped,57,32.6,0,3.3,Gift Voucher
EVT01810,EMP187,Operations,14-07-2025,Mindfulness Month,Mental,Wellness Month,Skipped,57,32.6,0,3.3,Gift Voucher
EVT01811,EMP208,Operations,14-07-2025,Mindfulness Month,Mental,Employee Engagement Drive,Skipped,57,32.6,0,3.3,Gift Voucher
EVT01812,EMP227,Sales,14-07-2025,Mindfulness Month,Mental,Mental Health Awareness Campaign,Attended,57,32.6,20,23.3,Wellness Kit
EVT01813,EMP080,HR,14-07-2025,Mindfulness Month,Mental,Mental Health Awareness Campaign,Attended,57,32.6,20,23.3,Wellness Kit
EVT01814,EMP118,Marketing,14-07-2025,Mindfulness Month,Mental,Employee Engagement Drive,Attended,57,32.6,20,23.3,Wellness Kit
EVT01815,EMP210,Operations,14-07-2025,Mindfulness Month,Mental,Wellness Month,Attended,57,32.6,20,23.3,Wellness Kit
EVT01816,EMP083,HR,14-07-2025,Mindfulness Month,Mental,Employee Engagement Drive,Skipped,57,32.6,0,3.3,Gift Voucher
EVT01817,EMP086,HR,14-07-2025,Mindfulness Month,Mental,Healthy Workforce Initiative,Attended,57,32.6,20,23.3,Wellness Kit
EVT01818,EMP023,Tech,14-07-2025,Mindfulness Month,Mental,Healthy Workforce Initiative,Skipped,57,32.6,0,3.3,Gift Voucher
EVT01819,EMP124,Marketing,14-07-2025,Mindfulness Month,Mental,Employee Engagement Drive,Skipped,57,32.6,0,3.3,Gift Voucher
EVT01820,EMP017,Tech,14-07-2025,Mindfulness Month,Mental,Wellness Month,Attended,57,32.6,20,23.3,Wellness Kit
EVT01821,EMP032,Tech,14-07-2025,Mindfulness Month,Mental,Employee Engagement Drive,Attended,57,32.6,20,23.3,Wellness Kit
EVT01822,EMP022,Tech,14-07-2025,Mindfulness Month,Mental,Wellness Month,Attended,57,32.6,20,23.3,Wellness Kit
EVT01823,EMP093,HR,14-07-2025,Mindfulness Month,Mental,Mental Health Awareness Campaign,Attended,57,32.6,20,23.3,Wellness Kit
EVT01824,EMP104,Marketing,14-07-2025,Mindfulness Month,Mental,Mental Health Awareness Campaign,Attended,57,32.6,20,23.3,Wellness Kit
EVT01825,EMP077,HR,14-07-2025,Mindfulness Month,Mental,Healthy Workforce Initiative,Attended,57,32.6,20,23.3,Wellness Kit
EVT01826,EMP094,HR,14-07-2025,Mindfulness Month,Mental,Healthy Workforce Initiative,Attended,57,32.6,20,23.3,Wellness Kit
EVT01827,EMP100,HR,14-07-2025,Mindfulness Month,Mental,Healthy Workforce Initiative,Skipped,57,32.6,0,3.3,Gift Voucher
EVT01828,EMP134,Marketing,14-07-2025,Mindfulness Month,Mental,Wellness Month,Attended,57,32.6,20,23.3,Wellness Kit
EVT01829,EMP167,Operations,14-07-2025,Mindfulness Month,Mental,Wellness Month,Attended,57,32.6,20,23.3,Wellness Kit
EVT01830,EMP009,Tech,14-07-2025,Mindfulness Month,Mental,Wellness Month,Attended,57,32.6,20,23.3,Wellness Kit
EVT01831,EMP048,Tech,14-07-2025,Mindfulness Month,Mental,Mental Health Awareness Campaign,Attended,57,32.6,20,23.3,Wellness Kit
EVT01832,EMP206,Operations,14-07-2025,Mindfulness Month,Mental,Healthy Workforce Initiative,Attended,57,32.6,20,23.3,Wellness Kit
EVT01833,EMP235,Sales,14-07-2025,Mindfulness Month,Mental,Employee Engagement Drive,Attended,57,32.6,20,23.3,Wellness Kit
EVT01834,EMP026,Tech,14-07-2025,Mindfulness Month,Mental,Employee Engagement Drive,Attended,57,32.6,20,23.3,Wellness Kit
EVT01835,EMP047,Tech,14-07-2025,Mindfulness Month,Mental,Wellness Month,Attended,57,32.6,20,23.3,Wellness Kit
EVT01836,EMP027,Tech,14-07-2025,Mindfulness Month,Mental,Mental Health Awareness Campaign,Attended,57,32.6,20,23.3,Wellness Kit
EVT01837,EMP203,Operations,14-07-2025,Mindfulness Month,Mental,Employee Engagement Drive,Attended,57,32.6,20,23.3,Wellness Kit
EVT01838,EMP188,Operations,14-07-2025,Mindfulness Month,Mental,Mental Health Awareness Campaign,Attended,57,32.6,20,23.3,Wellness Kit
EVT01839,EMP056,Tech,14-07-2025,Mindfulness Month,Mental,Wellness Month,Skipped,57,32.6,0,3.3,Gift Voucher
EVT01840,EMP195,Operations,14-07-2025,Mindfulness Month,Mental,Wellness Month,Attended,57,32.6,20,23.3,Wellness Kit
EVT01841,EMP164,Finance,14-07-2025,Mindfulness Month,Mental,Mental Health Awareness Campaign,Attended,57,32.6,20,23.3,Wellness Kit
EVT01842,EMP238,Sales,14-07-2025,Mindfulness Month,Mental,Employee Engagement Drive,Skipped,57,32.6,0,3.3,Gift Voucher
EVT01843,EMP082,HR,14-07-2025,Mindfulness Month,Mental,Healthy Workforce Initiative,Attended,57,32.6,20,23.3,Wellness Kit
EVT01844,EMP121,Marketing,14-07-2025,Mindfulness Month,Mental,Employee Engagement Drive,Attended,57,32.6,20,23.3,Wellness Kit
EVT01845,EMP111,Marketing,14-07-2025,Mindfulness Month,Mental,Mental Health Awareness Campaign,Skipped,57,32.6,0,3.3,Gift Voucher
EVT01846,EMP106,Marketing,14-07-2025,Mindfulness Month,Mental,Healthy Workforce Initiative,Attended,57,32.6,20,23.3,Wellness Kit
EVT01847,EMP112,Marketing,14-07-2025,Mindfulness Month,Mental,Healthy Workforce Initiative,Attended,57,32.6,20,23.3,Wellness Kit
EVT01848,EMP042,Tech,14-07-2025,Mindfulness Month,Mental,Employee Engagement Drive,Attended,57,32.6,20,23.3,Wellness Kit
EVT01849,EMP236,Sales,14-07-2025,Mindfulness Month,Mental,Mental Health Awareness Campaign,Attended,57,32.6,20,23.3,Wellness Kit
EVT01850,EMP108,Marketing,14-07-2025,Mindfulness Month,Mental,Employee Engagement Drive,Attended,57,32.6,20,23.3,Wellness Kit
EVT01851,EMP097,HR,14-07-2025,Mindfulness Month,Mental,Employee Engagement Drive,Attended,57,32.6,20,23.3,Wellness Kit
EVT01852,EMP201,Operations,14-07-2025,Mindfulness Month,Mental,Healthy Workforce Initiative,Attended,57,32.6,20,23.3,Wellness Kit
EVT01853,EMP036,Tech,14-07-2025,Mindfulness Month,Mental,Wellness Month,Attended,57,32.6,20,23.3,Wellness Kit
EVT01854,EMP217,Sales,14-07-2025,Mindfulness Month,Mental,Employee Engagement Drive,Attended,57,32.6,20,23.3,Wellness Kit
EVT01855,EMP028,Tech,14-07-2025,Mindfulness Month,Mental,Wellness Month,Attended,57,32.6,20,23.3,Wellness Kit
EVT01856,EMP031,Tech,14-07-2025,Mindfulness Month,Mental,Healthy Workforce Initiative,Skipped,57,32.6,0,3.3,Gift Voucher
EVT01857,EMP060,Tech,14-07-2025,Mindfulness Month,Mental,Mental Health Awareness Campaign,Skipped,57,32.6,0,3.3,Gift Voucher
EVT01858,EMP146,Finance,14-07-2025,Step Challenge,Fitness,Wellness Month,Attended,100,57.1,20,25.7,Wellness Kit
EVT01859,EMP200,Operations,14-07-2025,Step Challenge,Fitness,Employee Engagement Drive,Attended,100,57.1,20,25.7,Wellness Kit
EVT01860,EMP179,Operations,14-07-2025,Step Challenge,Fitness,Mental Health Awareness Campaign,Attended,100,57.1,20,25.7,Wellness Kit
EVT01861,EMP074,HR,14-07-2025,Step Challenge,Fitness,Healthy Workforce Initiative,Skipped,100,57.1,0,5.7,Gift Voucher
EVT01862,EMP080,HR,14-07-2025,Step Challenge,Fitness,Employee Engagement Drive,Attended,100,57.1,20,25.7,Wellness Kit
EVT01863,EMP070,Tech,14-07-2025,Step Challenge,Fitness,Wellness Month,Skipped,100,57.1,0,5.7,Gift Voucher
EVT01864,EMP169,Operations,14-07-2025,Step Challenge,Fitness,Mental Health Awareness Campaign,Attended,100,57.1,20,25.7,Wellness Kit
EVT01865,EMP230,Sales,14-07-2025,Step Challenge,Fitness,Wellness Month,Attended,100,57.1,20,25.7,Wellness Kit
EVT01866,EMP101,Marketing,14-07-2025,Step Challenge,Fitness,Mental Health Awareness Campaign,Attended,100,57.1,20,25.7,Wellness Kit
EVT01867,EMP137,Marketing,14-07-2025,Step Challenge,Fitness,Mental Health Awareness Campaign,Attended,100,57.1,20,25.7,Wellness Kit
EVT01868,EMP013,Tech,14-07-2025,Step Challenge,Fitness,Mental Health Awareness Campaign,Skipped,100,57.1,0,5.7,Gift Voucher
EVT01869,EMP043,Tech,14-07-2025,Step Challenge,Fitness,Mental Health Awareness Campaign,Attended,100,57.1,20,25.7,Wellness Kit
EVT01870,EMP190,Operations,14-07-2025,Step Challenge,Fitness,Healthy Workforce Initiative,Attended,100,57.1,20,25.7,Wellness Kit
EVT01871,EMP093,HR,14-07-2025,Step Challenge,Fitness,Healthy Workforce Initiative,Attended,100,57.1,20,25.7,Wellness Kit
EVT01872,EMP062,Tech,14-07-2025,Step Challenge,Fitness,Mental Health Awareness Campaign,Attended,100,57.1,20,25.7,Wellness Kit
EVT01873,EMP107,Marketing,14-07-2025,Step Challenge,Fitness,Employee Engagement Drive,Attended,100,57.1,20,25.7,Wellness Kit
EVT01874,EMP047,Tech,14-07-2025,Step Challenge,Fitness,Employee Engagement Drive,Attended,100,57.1,20,25.7,Wellness Kit
EVT01875,EMP033,Tech,14-07-2025,Step Challenge,Fitness,Mental Health Awareness Campaign,Skipped,100,57.1,0,5.7,Gift Voucher
EVT01876,EMP066,Tech,14-07-2025,Step Challenge,Fitness,Healthy Workforce Initiative,Skipped,100,57.1,0,5.7,Gift Voucher
EVT01877,EMP125,Marketing,14-07-2025,Step Challenge,Fitness,Healthy Workforce Initiative,Attended,100,57.1,20,25.7,Wellness Kit
EVT01878,EMP180,Operations,14-07-2025,Step Challenge,Fitness,Healthy Workforce Initiative,Attended,100,57.1,20,25.7,Wellness Kit
EVT01879,EMP007,Tech,14-07-2025,Step Challenge,Fitness,Healthy Workforce Initiative,Skipped,100,57.1,0,5.7,Gift Voucher
EVT01880,EMP219,Sales,14-07-2025,Step Challenge,Fitness,Employee Engagement Drive,Attended,100,57.1,20,25.7,Wellness Kit
EVT01881,EMP054,Tech,14-07-2025,Step Challenge,Fitness,Wellness Month,Attended,100,57.1,20,25.7,Wellness Kit
EVT01882,EMP017,Tech,14-07-2025,Step Challenge,Fitness,Mental Health Awareness Campaign,Attended,100,57.1,20,25.7,Wellness Kit
EVT01883,EMP091,HR,14-07-2025,Step Challenge,Fitness,Healthy Workforce Initiative,Skipped,100,57.1,0,5.7,Gift Voucher
EVT01884,EMP220,Sales,14-07-2025,Step Challenge,Fitness,Wellness Month,Attended,100,57.1,20,25.7,Wellness Kit
EVT01885,EMP162,Finance,14-07-2025,Step Challenge,Fitness,Wellness Month,Attended,100,57.1,20,25.7,Wellness Kit
EVT01886,EMP204,Operations,14-07-2025,Step Challenge,Fitness,Wellness Month,Attended,100,57.1,20,25.7,Wellness Kit
EVT01887,EMP245,Sales,14-07-2025,Step Challenge,Fitness,Employee Engagement Drive,Attended,100,57.1,20,25.7,Wellness Kit
EVT01888,EMP138,Marketing,14-07-2025,Step Challenge,Fitness,Mental Health Awareness Campaign,Attended,100,57.1,20,25.7,Wellness Kit
EVT01889,EMP089,HR,14-07-2025,Step Challenge,Fitness,Healthy Workforce Initiative,Attended,100,57.1,20,25.7,Wellness Kit
EVT01890,EMP090,HR,14-07-2025,Step Challenge,Fitness,Healthy Workforce Initiative,Attended,100,57.1,20,25.7,Wellness Kit
EVT01891,EMP168,Operations,14-07-2025,Step Challenge,Fitness,Healthy Workforce Initiative,Attended,100,57.1,20,25.7,Wellness Kit
EVT01892,EMP151,Finance,14-07-2025,Step Challenge,Fitness,Healthy Workforce Initiative,Skipped,100,57.1,0,5.7,Gift Voucher
EVT01893,EMP110,Marketing,14-07-2025,Step Challenge,Fitness,Wellness Month,Attended,100,57.1,20,25.7,Wellness Kit
EVT01894,EMP031,Tech,14-07-2025,Step Challenge,Fitness,Mental Health Awareness Campaign,Attended,100,57.1,20,25.7,Wellness Kit
EVT01895,EMP023,Tech,14-07-2025,Step Challenge,Fitness,Mental Health Awareness Campaign,Attended,100,57.1,20,25.7,Wellness Kit
EVT01896,EMP008,Tech,14-07-2025,Step Challenge,Fitness,Mental Health Awareness Campaign,Attended,100,57.1,20,25.7,Wellness Kit
EVT01897,EMP215,Sales,14-07-2025,Step Challenge,Fitness,Mental Health Awareness Campaign,Attended,100,57.1,20,25.7,Wellness Kit
EVT01898,EMP157,Finance,14-07-2025,Step Challenge,Fitness,Wellness Month,Skipped,100,57.1,0,5.7,Gift Voucher
EVT01899,EMP132,Marketing,14-07-2025,Step Challenge,Fitness,Wellness Month,Attended,100,57.1,20,25.7,Wellness Kit
EVT01900,EMP154,Finance,14-07-2025,Step Challenge,Fitness,Healthy Workforce Initiative,Attended,100,57.1,20,25.7,Wellness Kit
EVT01901,EMP015,Tech,14-07-2025,Step Challenge,Fitness,Mental Health Awareness Campaign,Attended,100,57.1,20,25.7,Wellness Kit
EVT01902,EMP152,Finance,14-07-2025,Step Challenge,Fitness,Mental Health Awareness Campaign,Skipped,100,57.1,0,5.7,Gift Voucher
EVT01903,EMP222,Sales,14-07-2025,Step Challenge,Fitness,Wellness Month,Skipped,100,57.1,0,5.7,Gift Voucher
EVT01904,EMP133,Marketing,14-07-2025,Step Challenge,Fitness,Healthy Workforce Initiative,Attended,100,57.1,20,25.7,Wellness Kit
EVT01905,EMP192,Operations,14-07-2025,Step Challenge,Fitness,Healthy Workforce Initiative,Attended,100,57.1,20,25.7,Wellness Kit
EVT01906,EMP228,Sales,14-07-2025,Step Challenge,Fitness,Mental Health Awareness Campaign,Attended,100,57.1,20,25.7,Wellness Kit
EVT01907,EMP004,Tech,14-07-2025,Step Challenge,Fitness,Employee Engagement Drive,Attended,100,57.1,20,25.7,Wellness Kit
EVT01908,EMP038,Tech,14-07-2025,Step Challenge,Fitness,Employee Engagement Drive,Attended,100,57.1,20,25.7,Wellness Kit
EVT01909,EMP052,Tech,14-07-2025,Step Challenge,Fitness,Mental Health Awareness Campaign,Attended,100,57.1,20,25.7,Wellness Kit
EVT01910,EMP065,Tech,14-07-2025,Step Challenge,Fitness,Mental Health Awareness Campaign,Attended,100,57.1,20,25.7,Wellness Kit
EVT01911,EMP227,Sales,14-07-2025,Step Challenge,Fitness,Healthy Workforce Initiative,Attended,100,57.1,20,25.7,Wellness Kit
EVT01912,EMP094,HR,14-07-2025,Step Challenge,Fitness,Employee Engagement Drive,Attended,100,57.1,20,25.7,Wellness Kit
EVT01913,EMP095,HR,14-07-2025,Step Challenge,Fitness,Employee Engagement Drive,Attended,100,57.1,20,25.7,Wellness Kit
EVT01914,EMP022,Tech,14-07-2025,Step Challenge,Fitness,Healthy Workforce Initiative,Attended,100,57.1,20,25.7,Wellness Kit
EVT01915,EMP212,Sales,14-07-2025,Step Challenge,Fitness,Healthy Workforce Initiative,Attended,100,57.1,20,25.7,Wellness Kit
EVT01916,EMP164,Finance,14-07-2025,Step Challenge,Fitness,Employee Engagement Drive,Attended,100,57.1,20,25.7,Wellness Kit
EVT01917,EMP226,Sales,14-07-2025,Step Challenge,Fitness,Healthy Workforce Initiative,Attended,100,57.1,20,25.7,Wellness Kit
EVT01918,EMP175,Operations,14-07-2025,Step Challenge,Fitness,Wellness Month,Skipped,100,57.1,0,5.7,Gift Voucher
EVT01919,EMP198,Operations,14-07-2025,Step Challenge,Fitness,Healthy Workforce Initiative,Attended,100,57.1,20,25.7,Wellness Kit
EVT01920,EMP147,Finance,14-07-2025,Step Challenge,Fitness,Wellness Month,Skipped,100,57.1,0,5.7,Gift Voucher
EVT01921,EMP126,Marketing,14-07-2025,Step Challenge,Fitness,Wellness Month,Attended,100,57.1,20,25.7,Wellness Kit
EVT01922,EMP001,Tech,14-07-2025,Step Challenge,Fitness,Employee Engagement Drive,Skipped,100,57.1,0,5.7,Gift Voucher
EVT01923,EMP145,Finance,14-07-2025,Step Challenge,Fitness,Mental Health Awareness Campaign,Attended,100,57.1,20,25.7,Wellness Kit
EVT01924,EMP148,Finance,14-07-2025,Step Challenge,Fitness,Healthy Workforce Initiative,Attended,100,57.1,20,25.7,Wellness Kit
EVT01925,EMP221,Sales,14-07-2025,Step Challenge,Fitness,Wellness Month,Attended,100,57.1,20,25.7,Wellness Kit
EVT01926,EMP203,Operations,14-07-2025,Step Challenge,Fitness,Wellness Month,Attended,100,57.1,20,25.7,Wellness Kit
EVT01927,EMP075,HR,14-07-2025,Step Challenge,Fitness,Healthy Workforce Initiative,Attended,100,57.1,20,25.7,Wellness Kit
EVT01928,EMP224,Sales,14-07-2025,Step Challenge,Fitness,Mental Health Awareness Campaign,Attended,100,57.1,20,25.7,Wellness Kit
EVT01929,EMP020,Tech,14-07-2025,Step Challenge,Fitness,Wellness Month,Attended,100,57.1,20,25.7,Wellness Kit
EVT01930,EMP243,Sales,14-07-2025,Step Challenge,Fitness,Employee Engagement Drive,Attended,100,57.1,20,25.7,Wellness Kit
EVT01931,EMP002,Tech,14-07-2025,Step Challenge,Fitness,Wellness Month,Attended,100,57.1,20,25.7,Wellness Kit
EVT01932,EMP100,HR,14-07-2025,Step Challenge,Fitness,Employee Engagement Drive,Attended,100,57.1,20,25.7,Wellness Kit
EVT01933,EMP134,Marketing,14-07-2025,Step Challenge,Fitness,Healthy Workforce Initiative,Attended,100,57.1,20,25.7,Wellness Kit
EVT01934,EMP239,Sales,14-07-2025,Step Challenge,Fitness,Wellness Month,Skipped,100,57.1,0,5.7,Gift Voucher
EVT01935,EMP069,Tech,14-07-2025,Step Challenge,Fitness,Employee Engagement Drive,Skipped,100,57.1,0,5.7,Gift Voucher
EVT01936,EMP136,Marketing,14-07-2025,Step Challenge,Fitness,Mental Health Awareness Campaign,Attended,100,57.1,20,25.7,Wellness Kit
EVT01937,EMP183,Operations,14-07-2025,Step Challenge,Fitness,Healthy Workforce Initiative,Skipped,100,57.1,0,5.7,Gift Voucher
EVT01938,EMP247,Sales,14-07-2025,Step Challenge,Fitness,Healthy Workforce Initiative,Attended,100,57.1,20,25.7,Wellness Kit
EVT01939,EMP088,HR,14-07-2025,Step Challenge,Fitness,Mental Health Awareness Campaign,Attended,100,57.1,20,25.7,Wellness Kit
EVT01940,EMP021,Tech,14-07-2025,Step Challenge,Fitness,Healthy Workforce Initiative,Attended,100,57.1,20,25.7,Wellness Kit
EVT01941,EMP123,Marketing,14-07-2025,Step Challenge,Fitness,Healthy Workforce Initiative,Attended,100,57.1,20,25.7,Wellness Kit
EVT01942,EMP174,Operations,14-07-2025,Step Challenge,Fitness,Mental Health Awareness Campaign,Skipped,100,57.1,0,5.7,Gift Voucher
EVT01943,EMP106,Marketing,14-07-2025,Step Challenge,Fitness,Employee Engagement Drive,Attended,100,57.1,20,25.7,Wellness Kit
EVT01944,EMP010,Tech,14-07-2025,Step Challenge,Fitness,Employee Engagement Drive,Attended,100,57.1,20,25.7,Wellness Kit
EVT01945,EMP041,Tech,14-07-2025,Step Challenge,Fitness,Employee Engagement Drive,Skipped,100,57.1,0,5.7,Gift Voucher
EVT01946,EMP240,Sales,14-07-2025,Step Challenge,Fitness,Employee Engagement Drive,Attended,100,57.1,20,25.7,Wellness Kit
EVT01947,EMP202,Operations,14-07-2025,Step Challenge,Fitness,Healthy Workforce Initiative,Attended,100,57.1,20,25.7,Wellness Kit
EVT01948,EMP016,Tech,14-07-2025,Step Challenge,Fitness,Mental Health Awareness Campaign,Attended,100,57.1,20,25.7,Wellness Kit
EVT01949,EMP244,Sales,14-07-2025,Step Challenge,Fitness,Employee Engagement Drive,Attended,100,57.1,20,25.7,Wellness Kit
EVT01950,EMP124,Marketing,14-07-2025,Step Challenge,Fitness,Mental Health Awareness Campaign,Attended,100,57.1,20,25.7,Wellness Kit
EVT01951,EMP214,Sales,14-07-2025,Step Challenge,Fitness,Mental Health Awareness Campaign,Skipped,100,57.1,0,5.7,Gift Voucher
EVT01952,EMP172,Operations,14-07-2025,Step Challenge,Fitness,Mental Health Awareness Campaign,Attended,100,57.1,20,25.7,Wellness Kit
EVT01953,EMP049,Tech,14-07-2025,Step Challenge,Fitness,Wellness Month,Attended,100,57.1,20,25.7,Wellness Kit
EVT01954,EMP191,Operations,14-07-2025,Step Challenge,Fitness,Mental Health Awareness Campaign,Attended,100,57.1,20,25.7,Wellness Kit
EVT01955,EMP087,HR,14-07-2025,Step Challenge,Fitness,Wellness Month,Skipped,100,57.1,0,5.7,Gift Voucher
EVT01956,EMP112,Marketing,14-07-2025,Step Challenge,Fitness,Healthy Workforce Initiative,Attended,100,57.1,20,25.7,Wellness Kit
EVT01957,EMP085,HR,14-07-2025,Step Challenge,Fitness,Wellness Month,Attended,100,57.1,20,25.7,Wellness Kit
EVT01958,EMP018,Tech,26-07-2025,Corporate Marathon,Fitness,Wellness Month,Attended,155,88.6,20,28.9,Wellness Kit
EVT01959,EMP009,Tech,26-07-2025,Corporate Marathon,Fitness,Mental Health Awareness Campaign,Attended,155,88.6,20,28.9,Wellness Kit
EVT01960,EMP108,Marketing,26-07-2025,Corporate Marathon,Fitness,Wellness Month,Attended,155,88.6,20,28.9,Wellness Kit
EVT01961,EMP085,HR,26-07-2025,Corporate Marathon,Fitness,Healthy Workforce Initiative,Attended,155,88.6,20,28.9,Wellness Kit
EVT01962,EMP233,Sales,26-07-2025,Corporate Marathon,Fitness,Wellness Month,Skipped,155,88.6,0,8.9,Gift Voucher
EVT01963,EMP179,Operations,26-07-2025,Corporate Marathon,Fitness,Employee Engagement Drive,Attended,155,88.6,20,28.9,Wellness Kit
EVT01964,EMP096,HR,26-07-2025,Corporate Marathon,Fitness,Employee Engagement Drive,Attended,155,88.6,20,28.9,Wellness Kit
EVT01965,EMP075,HR,26-07-2025,Corporate Marathon,Fitness,Wellness Month,Skipped,155,88.6,0,8.9,Gift Voucher
EVT01966,EMP111,Marketing,26-07-2025,Corporate Marathon,Fitness,Wellness Month,Attended,155,88.6,20,28.9,Wellness Kit
EVT01967,EMP219,Sales,26-07-2025,Corporate Marathon,Fitness,Employee Engagement Drive,Attended,155,88.6,20,28.9,Wellness Kit
EVT01968,EMP208,Operations,26-07-2025,Corporate Marathon,Fitness,Employee Engagement Drive,Attended,155,88.6,20,28.9,Wellness Kit
EVT01969,EMP137,Marketing,26-07-2025,Corporate Marathon,Fitness,Wellness Month,Attended,155,88.6,20,28.9,Wellness Kit
EVT01970,EMP176,Operations,26-07-2025,Corporate Marathon,Fitness,Mental Health Awareness Campaign,Attended,155,88.6,20,28.9,Wellness Kit
EVT01971,EMP114,Marketing,26-07-2025,Corporate Marathon,Fitness,Mental Health Awareness Campaign,Attended,155,88.6,20,28.9,Wellness Kit
EVT01972,EMP093,HR,26-07-2025,Corporate Marathon,Fitness,Employee Engagement Drive,Attended,155,88.6,20,28.9,Wellness Kit
EVT01973,EMP226,Sales,26-07-2025,Corporate Marathon,Fitness,Wellness Month,Attended,155,88.6,20,28.9,Wellness Kit
EVT01974,EMP072,HR,26-07-2025,Corporate Marathon,Fitness,Employee Engagement Drive,Attended,155,88.6,20,28.9,Wellness Kit
EVT01975,EMP157,Finance,26-07-2025,Corporate Marathon,Fitness,Healthy Workforce Initiative,Attended,155,88.6,20,28.9,Wellness Kit
EVT01976,EMP003,Tech,26-07-2025,Corporate Marathon,Fitness,Mental Health Awareness Campaign,Skipped,155,88.6,0,8.9,Gift Voucher
EVT01977,EMP031,Tech,26-07-2025,Corporate Marathon,Fitness,Wellness Month,Skipped,155,88.6,0,8.9,Gift Voucher
EVT01978,EMP206,Operations,26-07-2025,Corporate Marathon,Fitness,Wellness Month,Attended,155,88.6,20,28.9,Wellness Kit
EVT01979,EMP228,Sales,26-07-2025,Corporate Marathon,Fitness,Wellness Month,Skipped,155,88.6,0,8.9,Gift Voucher
EVT01980,EMP057,Tech,26-07-2025,Corporate Marathon,Fitness,Wellness Month,Skipped,155,88.6,0,8.9,Gift Voucher
EVT01981,EMP248,Sales,26-07-2025,Corporate Marathon,Fitness,Mental Health Awareness Campaign,Attended,155,88.6,20,28.9,Wellness Kit
EVT01982,EMP135,Marketing,26-07-2025,Corporate Marathon,Fitness,Wellness Month,Attended,155,88.6,20,28.9,Wellness Kit
EVT01983,EMP138,Marketing,26-07-2025,Corporate Marathon,Fitness,Employee Engagement Drive,Attended,155,88.6,20,28.9,Wellness Kit
EVT01984,EMP240,Sales,26-07-2025,Corporate Marathon,Fitness,Wellness Month,Attended,155,88.6,20,28.9,Wellness Kit
EVT01985,EMP131,Marketing,26-07-2025,Corporate Marathon,Fitness,Healthy Workforce Initiative,Attended,155,88.6,20,28.9,Wellness Kit
EVT01986,EMP200,Operations,26-07-2025,Corporate Marathon,Fitness,Employee Engagement Drive,Attended,155,88.6,20,28.9,Wellness Kit
EVT01987,EMP204,Operations,26-07-2025,Corporate Marathon,Fitness,Wellness Month,Attended,155,88.6,20,28.9,Wellness Kit
EVT01988,EMP229,Sales,26-07-2025,Corporate Marathon,Fitness,Employee Engagement Drive,Attended,155,88.6,20,28.9,Wellness Kit
EVT01989,EMP126,Marketing,26-07-2025,Corporate Marathon,Fitness,Mental Health Awareness Campaign,Attended,155,88.6,20,28.9,Wellness Kit
EVT01990,EMP088,HR,26-07-2025,Corporate Marathon,Fitness,Mental Health Awareness Campaign,Skipped,155,88.6,0,8.9,Gift Voucher
EVT01991,EMP076,HR,26-07-2025,Corporate Marathon,Fitness,Mental Health Awareness Campaign,Attended,155,88.6,20,28.9,Wellness Kit
EVT01992,EMP246,Sales,26-07-2025,Corporate Marathon,Fitness,Employee Engagement Drive,Skipped,155,88.6,0,8.9,Gift Voucher
EVT01993,EMP140,Marketing,26-07-2025,Corporate Marathon,Fitness,Employee Engagement Drive,Attended,155,88.6,20,28.9,Wellness Kit
EVT01994,EMP144,Finance,26-07-2025,Corporate Marathon,Fitness,Healthy Workforce Initiative,Attended,155,88.6,20,28.9,Wellness Kit
EVT01995,EMP056,Tech,26-07-2025,Corporate Marathon,Fitness,Mental Health Awareness Campaign,Skipped,155,88.6,0,8.9,Gift Voucher
EVT01996,EMP019,Tech,26-07-2025,Corporate Marathon,Fitness,Wellness Month,Skipped,155,88.6,0,8.9,Gift Voucher
EVT01997,EMP084,HR,26-07-2025,Corporate Marathon,Fitness,Wellness Month,Attended,155,88.6,20,28.9,Wellness Kit
EVT01998,EMP166,Operations,26-07-2025,Corporate Marathon,Fitness,Healthy Workforce Initiative,Attended,155,88.6,20,28.9,Wellness Kit
EVT01999,EMP161,Finance,26-07-2025,Corporate Marathon,Fitness,Healthy Workforce Initiative,Skipped,155,88.6,0,8.9,Gift Voucher
EVT02000,EMP164,Finance,26-07-2025,Corporate Marathon,Fitness,Wellness Month,Attended,155,88.6,20,28.9,Wellness Kit
EVT02001,EMP213,Sales,26-07-2025,Corporate Marathon,Fitness,Employee Engagement Drive,Attended,155,88.6,20,28.9,Wellness Kit
EVT02002,EMP010,Tech,26-07-2025,Corporate Marathon,Fitness,Healthy Workforce Initiative,Attended,155,88.6,20,28.9,Wellness Kit
EVT02003,EMP037,Tech,26-07-2025,Corporate Marathon,Fitness,Healthy Workforce Initiative,Attended,155,88.6,20,28.9,Wellness Kit
EVT02004,EMP016,Tech,26-07-2025,Corporate Marathon,Fitness,Wellness Month,Attended,155,88.6,20,28.9,Wellness Kit
EVT02005,EMP036,Tech,26-07-2025,Corporate Marathon,Fitness,Employee Engagement Drive,Attended,155,88.6,20,28.9,Wellness Kit
EVT02006,EMP071,HR,26-07-2025,Corporate Marathon,Fitness,Employee Engagement Drive,Attended,155,88.6,20,28.9,Wellness Kit
EVT02007,EMP139,Marketing,26-07-2025,Corporate Marathon,Fitness,Mental Health Awareness Campaign,Attended,155,88.6,20,28.9,Wellness Kit
EVT02008,EMP050,Tech,26-07-2025,Corporate Marathon,Fitness,Employee Engagement Drive,Attended,155,88.6,20,28.9,Wellness Kit
EVT02009,EMP123,Marketing,26-07-2025,Corporate Marathon,Fitness,Healthy Workforce Initiative,Attended,155,88.6,20,28.9,Wellness Kit
EVT02010,EMP017,Tech,26-07-2025,Corporate Marathon,Fitness,Wellness Month,Attended,155,88.6,20,28.9,Wellness Kit
EVT02011,EMP159,Finance,26-07-2025,Corporate Marathon,Fitness,Wellness Month,Attended,155,88.6,20,28.9,Wellness Kit
EVT02012,EMP127,Marketing,26-07-2025,Corporate Marathon,Fitness,Wellness Month,Skipped,155,88.6,0,8.9,Gift Voucher
EVT02013,EMP214,Sales,26-07-2025,Corporate Marathon,Fitness,Mental Health Awareness Campaign,Attended,155,88.6,20,28.9,Wellness Kit
EVT02014,EMP041,Tech,26-07-2025,Corporate Marathon,Fitness,Mental Health Awareness Campaign,Attended,155,88.6,20,28.9,Wellness Kit
EVT02015,EMP049,Tech,26-07-2025,Corporate Marathon,Fitness,Wellness Month,Skipped,155,88.6,0,8.9,Gift Voucher
EVT02016,EMP142,Finance,26-07-2025,Corporate Marathon,Fitness,Wellness Month,Skipped,155,88.6,0,8.9,Gift Voucher
EVT02017,EMP073,HR,26-07-2025,Corporate Marathon,Fitness,Healthy Workforce Initiative,Attended,155,88.6,20,28.9,Wellness Kit
EVT02018,EMP038,Tech,26-07-2025,Corporate Marathon,Fitness,Wellness Month,Attended,155,88.6,20,28.9,Wellness Kit
EVT02019,EMP091,HR,26-07-2025,Corporate Marathon,Fitness,Mental Health Awareness Campaign,Attended,155,88.6,20,28.9,Wellness Kit
EVT02020,EMP028,Tech,26-07-2025,Corporate Marathon,Fitness,Wellness Month,Attended,155,88.6,20,28.9,Wellness Kit
EVT02021,EMP190,Operations,26-07-2025,Corporate Marathon,Fitness,Mental Health Awareness Campaign,Attended,155,88.6,20,28.9,Wellness Kit
EVT02022,EMP175,Operations,26-07-2025,Corporate Marathon,Fitness,Mental Health Awareness Campaign,Attended,155,88.6,20,28.9,Wellness Kit
EVT02023,EMP184,Operations,26-07-2025,Corporate Marathon,Fitness,Mental Health Awareness Campaign,Attended,155,88.6,20,28.9,Wellness Kit
EVT02024,EMP119,Marketing,26-07-2025,Corporate Marathon,Fitness,Employee Engagement Drive,Skipped,155,88.6,0,8.9,Gift Voucher
EVT02025,EMP130,Marketing,26-07-2025,Corporate Marathon,Fitness,Mental Health Awareness Campaign,Attended,155,88.6,20,28.9,Wellness Kit
EVT02026,EMP020,Tech,26-07-2025,Corporate Marathon,Fitness,Employee Engagement Drive,Attended,155,88.6,20,28.9,Wellness Kit
EVT02027,EMP042,Tech,26-07-2025,Corporate Marathon,Fitness,Wellness Month,Attended,155,88.6,20,28.9,Wellness Kit
EVT02028,EMP243,Sales,26-07-2025,Corporate Marathon,Fitness,Healthy Workforce Initiative,Attended,155,88.6,20,28.9,Wellness Kit
EVT02029,EMP150,Finance,26-07-2025,Corporate Marathon,Fitness,Wellness Month,Attended,155,88.6,20,28.9,Wellness Kit
EVT02030,EMP109,Marketing,26-07-2025,Corporate Marathon,Fitness,Wellness Month,Attended,155,88.6,20,28.9,Wellness Kit
EVT02031,EMP196,Operations,26-07-2025,Corporate Marathon,Fitness,Mental Health Awareness Campaign,Attended,155,88.6,20,28.9,Wellness Kit
EVT02032,EMP013,Tech,26-07-2025,Corporate Marathon,Fitness,Healthy Workforce Initiative,Attended,155,88.6,20,28.9,Wellness Kit
EVT02033,EMP129,Marketing,26-07-2025,Corporate Marathon,Fitness,Mental Health Awareness Campaign,Attended,155,88.6,20,28.9,Wellness Kit
EVT02034,EMP235,Sales,26-07-2025,Corporate Marathon,Fitness,Mental Health Awareness Campaign,Attended,155,88.6,20,28.9,Wellness Kit
EVT02035,EMP080,HR,26-07-2025,Corporate Marathon,Fitness,Wellness Month,Attended,155,88.6,20,28.9,Wellness Kit
EVT02036,EMP148,Finance,26-07-2025,Corporate Marathon,Fitness,Employee Engagement Drive,Attended,155,88.6,20,28.9,Wellness Kit
EVT02037,EMP005,Tech,26-07-2025,Corporate Marathon,Fitness,Wellness Month,Attended,155,88.6,20,28.9,Wellness Kit
EVT02038,EMP134,Marketing,26-07-2025,Corporate Marathon,Fitness,Wellness Month,Attended,155,88.6,20,28.9,Wellness Kit
EVT02039,EMP051,Tech,26-07-2025,Corporate Marathon,Fitness,Healthy Workforce Initiative,Attended,155,88.6,20,28.9,Wellness Kit
EVT02040,EMP202,Operations,26-07-2025,Corporate Marathon,Fitness,Wellness Month,Skipped,155,88.6,0,8.9,Gift Voucher
EVT02041,EMP029,Tech,26-07-2025,Corporate Marathon,Fitness,Wellness Month,Skipped,155,88.6,0,8.9,Gift Voucher
EVT02042,EMP004,Tech,26-07-2025,Corporate Marathon,Fitness,Healthy Workforce Initiative,Skipped,155,88.6,0,8.9,Gift Voucher
EVT02043,EMP022,Tech,26-07-2025,Corporate Marathon,Fitness,Wellness Month,Skipped,155,88.6,0,8.9,Gift Voucher
EVT02044,EMP069,Tech,26-07-2025,Corporate Marathon,Fitness,Healthy Workforce Initiative,Attended,155,88.6,20,28.9,Wellness Kit
EVT02045,EMP052,Tech,26-07-2025,Corporate Marathon,Fitness,Wellness Month,Attended,155,88.6,20,28.9,Wellness Kit
EVT02046,EMP046,Tech,26-07-2025,Corporate Marathon,Fitness,Wellness Month,Attended,155,88.6,20,28.9,Wellness Kit
EVT02047,EMP048,Tech,26-07-2025,Corporate Marathon,Fitness,Mental Health Awareness Campaign,Attended,155,88.6,20,28.9,Wellness Kit
EVT02048,EMP053,Tech,26-07-2025,Corporate Marathon,Fitness,Employee Engagement Drive,Attended,155,88.6,20,28.9,Wellness Kit
EVT02049,EMP064,Tech,26-07-2025,Corporate Marathon,Fitness,Mental Health Awareness Campaign,Attended,155,88.6,20,28.9,Wellness Kit
EVT02050,EMP231,Sales,26-07-2025,Corporate Marathon,Fitness,Employee Engagement Drive,Attended,155,88.6,20,28.9,Wellness Kit
EVT02051,EMP032,Tech,26-07-2025,Corporate Marathon,Fitness,Mental Health Awareness Campaign,Attended,155,88.6,20,28.9,Wellness Kit
EVT02052,EMP173,Operations,26-07-2025,Corporate Marathon,Fitness,Employee Engagement Drive,Attended,155,88.6,20,28.9,Wellness Kit
EVT02053,EMP187,Operations,26-07-2025,Corporate Marathon,Fitness,Healthy Workforce Initiative,Attended,155,88.6,20,28.9,Wellness Kit
EVT02054,EMP151,Finance,26-07-2025,Corporate Marathon,Fitness,Wellness Month,Attended,155,88.6,20,28.9,Wellness Kit
EVT02055,EMP095,HR,26-07-2025,Corporate Marathon,Fitness,Healthy Workforce Initiative,Attended,155,88.6,20,28.9,Wellness Kit
EVT02056,EMP059,Tech,26-07-2025,Corporate Marathon,Fitness,Employee Engagement Drive,Attended,155,88.6,20,28.9,Wellness Kit
EVT02057,EMP241,Sales,26-07-2025,Corporate Marathon,Fitness,Employee Engagement Drive,Attended,155,88.6,20,28.9,Wellness Kit
EVT02058,EMP026,Tech,26-07-2025,Corporate Marathon,Fitness,Employee Engagement Drive,Attended,155,88.6,20,28.9,Wellness Kit
EVT02059,EMP149,Finance,26-07-2025,Corporate Marathon,Fitness,Mental Health Awareness Campaign,Attended,155,88.6,20,28.9,Wellness Kit
EVT02060,EMP249,Sales,26-07-2025,Corporate Marathon,Fitness,Wellness Month,Attended,155,88.6,20,28.9,Wellness Kit
EVT02061,EMP006,Tech,26-07-2025,Corporate Marathon,Fitness,Wellness Month,Attended,155,88.6,20,28.9,Wellness Kit
EVT02062,EMP185,Operations,26-07-2025,Corporate Marathon,Fitness,Wellness Month,Attended,155,88.6,20,28.9,Wellness Kit
EVT02063,EMP222,Sales,26-07-2025,Corporate Marathon,Fitness,Mental Health Awareness Campaign,Attended,155,88.6,20,28.9,Wellness Kit
EVT02064,EMP100,HR,26-07-2025,Corporate Marathon,Fitness,Healthy Workforce Initiative,Attended,155,88.6,20,28.9,Wellness Kit
EVT02065,EMP172,Operations,26-07-2025,Corporate Marathon,Fitness,Healthy Workforce Initiative,Skipped,155,88.6,0,8.9,Gift Voucher
EVT02066,EMP160,Finance,26-07-2025,Corporate Marathon,Fitness,Wellness Month,Attended,155,88.6,20,28.9,Wellness Kit
EVT02067,EMP110,Marketing,26-07-2025,Corporate Marathon,Fitness,Employee Engagement Drive,Skipped,155,88.6,0,8.9,Gift Voucher
EVT02068,EMP136,Marketing,26-07-2025,Corporate Marathon,Fitness,Mental Health Awareness Campaign,Attended,155,88.6,20,28.9,Wellness Kit
EVT02069,EMP203,Operations,26-07-2025,Corporate Marathon,Fitness,Mental Health Awareness Campaign,Attended,155,88.6,20,28.9,Wellness Kit
EVT02070,EMP210,Operations,26-07-2025,Corporate Marathon,Fitness,Healthy Workforce Initiative,Skipped,155,88.6,0,8.9,Gift Voucher
EVT02071,EMP106,Marketing,26-07-2025,Corporate Marathon,Fitness,Wellness Month,Skipped,155,88.6,0,8.9,Gift Voucher
EVT02072,EMP124,Marketing,26-07-2025,Corporate Marathon,Fitness,Wellness Month,Attended,155,88.6,20,28.9,Wellness Kit
EVT02073,EMP174,Operations,26-07-2025,Corporate Marathon,Fitness,Employee Engagement Drive,Skipped,155,88.6,0,8.9,Gift Voucher
EVT02074,EMP165,Finance,26-07-2025,Corporate Marathon,Fitness,Employee Engagement Drive,Attended,155,88.6,20,28.9,Wellness Kit
EVT02075,EMP224,Sales,26-07-2025,Corporate Marathon,Fitness,Wellness Month,Attended,155,88.6,20,28.9,Wellness Kit
EVT02076,EMP158,Finance,26-07-2025,Corporate Marathon,Fitness,Employee Engagement Drive,Attended,155,88.6,20,28.9,Wellness Kit
EVT02077,EMP067,Tech,26-07-2025,Corporate Marathon,Fitness,Healthy Workforce Initiative,Attended,155,88.6,20,28.9,Wellness Kit
EVT02078,EMP098,HR,26-07-2025,Corporate Marathon,Fitness,Employee Engagement Drive,Attended,155,88.6,20,28.9,Wellness Kit
EVT02079,EMP060,Tech,26-07-2025,Corporate Marathon,Fitness,Wellness Month,Attended,155,88.6,20,28.9,Wellness Kit
EVT02080,EMP045,Tech,26-07-2025,Corporate Marathon,Fitness,Wellness Month,Skipped,155,88.6,0,8.9,Gift Voucher
EVT02081,EMP099,HR,26-07-2025,Corporate Marathon,Fitness,Employee Engagement Drive,Attended,155,88.6,20,28.9,Wellness Kit
EVT02082,EMP025,Tech,26-07-2025,Corporate Marathon,Fitness,Healthy Workforce Initiative,Attended,155,88.6,20,28.9,Wellness Kit
EVT02083,EMP199,Operations,26-07-2025,Corporate Marathon,Fitness,Healthy Workforce Initiative,Attended,155,88.6,20,28.9,Wellness Kit
EVT02084,EMP008,Tech,26-07-2025,Corporate Marathon,Fitness,Healthy Workforce Initiative,Attended,155,88.6,20,28.9,Wellness Kit
EVT02085,EMP188,Operations,26-07-2025,Corporate Marathon,Fitness,Mental Health Awareness Campaign,Attended,155,88.6,20,28.9,Wellness Kit
EVT02086,EMP092,HR,26-07-2025,Corporate Marathon,Fitness,Wellness Month,Attended,155,88.6,20,28.9,Wellness Kit
EVT02087,EMP218,Sales,26-07-2025,Corporate Marathon,Fitness,Wellness Month,Skipped,155,88.6,0,8.9,Gift Voucher
EVT02088,EMP169,Operations,26-07-2025,Corporate Marathon,Fitness,Employee Engagement Drive,Skipped,155,88.6,0,8.9,Gift Voucher
EVT02089,EMP237,Sales,26-07-2025,Corporate Marathon,Fitness,Healthy Workforce Initiative,Attended,155,88.6,20,28.9,Wellness Kit
EVT02090,EMP120,Marketing,26-07-2025,Corporate Marathon,Fitness,Wellness Month,Attended,155,88.6,20,28.9,Wellness Kit
EVT02091,EMP181,Operations,26-07-2025,Corporate Marathon,Fitness,Employee Engagement Drive,Attended,155,88.6,20,28.9,Wellness Kit
EVT02092,EMP086,HR,26-07-2025,Corporate Marathon,Fitness,Employee Engagement Drive,Attended,155,88.6,20,28.9,Wellness Kit
EVT02093,EMP156,Finance,26-07-2025,Corporate Marathon,Fitness,Employee Engagement Drive,Attended,155,88.6,20,28.9,Wellness Kit
EVT02094,EMP061,Tech,26-07-2025,Corporate Marathon,Fitness,Wellness Month,Skipped,155,88.6,0,8.9,Gift Voucher
EVT02095,EMP245,Sales,26-07-2025,Corporate Marathon,Fitness,Wellness Month,Attended,155,88.6,20,28.9,Wellness Kit
EVT02096,EMP079,HR,26-07-2025,Corporate Marathon,Fitness,Wellness Month,Skipped,155,88.6,0,8.9,Gift Voucher
EVT02097,EMP121,Marketing,26-07-2025,Corporate Marathon,Fitness,Employee Engagement Drive,Attended,155,88.6,20,28.9,Wellness Kit
EVT02098,EMP195,Operations,26-07-2025,Corporate Marathon,Fitness,Mental Health Awareness Campaign,Attended,155,88.6,20,28.9,Wellness Kit
EVT02099,EMP154,Finance,26-07-2025,Corporate Marathon,Fitness,Mental Health Awareness Campaign,Attended,155,88.6,20,28.9,Wellness Kit
EVT02100,EMP247,Sales,26-07-2025,Corporate Marathon,Fitness,Wellness Month,Skipped,155,88.6,0,8.9,Gift Voucher
EVT02101,EMP194,Operations,26-07-2025,Corporate Marathon,Fitness,Employee Engagement Drive,Attended,155,88.6,20,28.9,Wellness Kit
EVT02102,EMP177,Operations,26-07-2025,Corporate Marathon,Fitness,Mental Health Awareness Campaign,Attended,155,88.6,20,28.9,Wellness Kit
EVT02103,EMP116,Marketing,26-07-2025,Corporate Marathon,Fitness,Wellness Month,Attended,155,88.6,20,28.9,Wellness Kit
EVT02104,EMP078,HR,26-07-2025,Corporate Marathon,Fitness,Mental Health Awareness Campaign,Attended,155,88.6,20,28.9,Wellness Kit
EVT02105,EMP089,HR,26-07-2025,Corporate Marathon,Fitness,Wellness Month,Skipped,155,88.6,0,8.9,Gift Voucher
EVT02106,EMP146,Finance,26-07-2025,Corporate Marathon,Fitness,Wellness Month,Attended,155,88.6,20,28.9,Wellness Kit
EVT02107,EMP033,Tech,26-07-2025,Corporate Marathon,Fitness,Employee Engagement Drive,Attended,155,88.6,20,28.9,Wellness Kit
EVT02108,EMP155,Finance,26-07-2025,Corporate Marathon,Fitness,Wellness Month,Attended,155,88.6,20,28.9,Wellness Kit
EVT02109,EMP011,Tech,26-07-2025,Corporate Marathon,Fitness,Wellness Month,Skipped,155,88.6,0,8.9,Gift Voucher
EVT02110,EMP227,Sales,26-07-2025,Corporate Marathon,Fitness,Employee Engagement Drive,Attended,155,88.6,20,28.9,Wellness Kit
EVT02111,EMP182,Operations,26-07-2025,Corporate Marathon,Fitness,Healthy Workforce Initiative,Attended,155,88.6,20,28.9,Wellness Kit
EVT02112,EMP238,Sales,26-07-2025,Corporate Marathon,Fitness,Wellness Month,Attended,155,88.6,20,28.9,Wellness Kit
EVT02113,EMP188,Operations,07-08-2025,Wellness Retreat,Social,Wellness Month,Skipped,105,60,0,6,Gift Voucher
EVT02114,EMP030,Tech,07-08-2025,Wellness Retreat,Social,Wellness Month,Attended,105,60,15,21,Wellness Kit
EVT02115,EMP178,Operations,07-08-2025,Wellness Retreat,Social,Mental Health Awareness Campaign,Attended,105,60,15,21,Wellness Kit
EVT02116,EMP062,Tech,07-08-2025,Wellness Retreat,Social,Healthy Workforce Initiative,Attended,105,60,15,21,Wellness Kit
EVT02117,EMP156,Finance,07-08-2025,Wellness Retreat,Social,Employee Engagement Drive,Attended,105,60,15,21,Wellness Kit
EVT02118,EMP021,Tech,07-08-2025,Wellness Retreat,Social,Wellness Month,Attended,105,60,15,21,Wellness Kit
EVT02119,EMP087,HR,07-08-2025,Wellness Retreat,Social,Wellness Month,Attended,105,60,15,21,Wellness Kit
EVT02120,EMP125,Marketing,07-08-2025,Wellness Retreat,Social,Wellness Month,Attended,105,60,15,21,Wellness Kit
EVT02121,EMP140,Marketing,07-08-2025,Wellness Retreat,Social,Healthy Workforce Initiative,Attended,105,60,15,21,Wellness Kit
EVT02122,EMP223,Sales,07-08-2025,Wellness Retreat,Social,Employee Engagement Drive,Attended,105,60,15,21,Wellness Kit
EVT02123,EMP039,Tech,07-08-2025,Wellness Retreat,Social,Wellness Month,Attended,105,60,15,21,Wellness Kit
EVT02124,EMP238,Sales,07-08-2025,Wellness Retreat,Social,Healthy Workforce Initiative,Attended,105,60,15,21,Wellness Kit
EVT02125,EMP250,Sales,07-08-2025,Wellness Retreat,Social,Healthy Workforce Initiative,Skipped,105,60,0,6,Gift Voucher
EVT02126,EMP009,Tech,07-08-2025,Wellness Retreat,Social,Wellness Month,Attended,105,60,15,21,Wellness Kit
EVT02127,EMP116,Marketing,07-08-2025,Wellness Retreat,Social,Healthy Workforce Initiative,Attended,105,60,15,21,Wellness Kit
EVT02128,EMP071,HR,07-08-2025,Wellness Retreat,Social,Wellness Month,Attended,105,60,15,21,Wellness Kit
EVT02129,EMP207,Operations,07-08-2025,Wellness Retreat,Social,Mental Health Awareness Campaign,Attended,105,60,15,21,Wellness Kit
EVT02130,EMP074,HR,07-08-2025,Wellness Retreat,Social,Wellness Month,Attended,105,60,15,21,Wellness Kit
EVT02131,EMP175,Operations,07-08-2025,Wellness Retreat,Social,Healthy Workforce Initiative,Skipped,105,60,0,6,Gift Voucher
EVT02132,EMP123,Marketing,07-08-2025,Wellness Retreat,Social,Employee Engagement Drive,Attended,105,60,15,21,Wellness Kit
EVT02133,EMP126,Marketing,07-08-2025,Wellness Retreat,Social,Employee Engagement Drive,Attended,105,60,15,21,Wellness Kit
EVT02134,EMP173,Operations,07-08-2025,Wellness Retreat,Social,Employee Engagement Drive,Attended,105,60,15,21,Wellness Kit
EVT02135,EMP230,Sales,07-08-2025,Wellness Retreat,Social,Employee Engagement Drive,Attended,105,60,15,21,Wellness Kit
EVT02136,EMP069,Tech,07-08-2025,Wellness Retreat,Social,Employee Engagement Drive,Skipped,105,60,0,6,Gift Voucher
EVT02137,EMP249,Sales,07-08-2025,Wellness Retreat,Social,Mental Health Awareness Campaign,Skipped,105,60,0,6,Gift Voucher
EVT02138,EMP219,Sales,07-08-2025,Wellness Retreat,Social,Healthy Workforce Initiative,Attended,105,60,15,21,Wellness Kit
EVT02139,EMP093,HR,07-08-2025,Wellness Retreat,Social,Healthy Workforce Initiative,Attended,105,60,15,21,Wellness Kit
EVT02140,EMP241,Sales,07-08-2025,Wellness Retreat,Social,Mental Health Awareness Campaign,Attended,105,60,15,21,Wellness Kit
EVT02141,EMP171,Operations,07-08-2025,Wellness Retreat,Social,Employee Engagement Drive,Attended,105,60,15,21,Wellness Kit
EVT02142,EMP003,Tech,07-08-2025,Wellness Retreat,Social,Healthy Workforce Initiative,Attended,105,60,15,21,Wellness Kit
EVT02143,EMP185,Operations,07-08-2025,Wellness Retreat,Social,Healthy Workforce Initiative,Attended,105,60,15,21,Wellness Kit
EVT02144,EMP031,Tech,07-08-2025,Wellness Retreat,Social,Mental Health Awareness Campaign,Attended,105,60,15,21,Wellness Kit
EVT02145,EMP176,Operations,07-08-2025,Wellness Retreat,Social,Healthy Workforce Initiative,Skipped,105,60,0,6,Gift Voucher
EVT02146,EMP022,Tech,07-08-2025,Wellness Retreat,Social,Wellness Month,Attended,105,60,15,21,Wellness Kit
EVT02147,EMP110,Marketing,07-08-2025,Wellness Retreat,Social,Wellness Month,Attended,105,60,15,21,Wellness Kit
EVT02148,EMP199,Operations,07-08-2025,Wellness Retreat,Social,Healthy Workforce Initiative,Attended,105,60,15,21,Wellness Kit
EVT02149,EMP007,Tech,07-08-2025,Wellness Retreat,Social,Employee Engagement Drive,Attended,105,60,15,21,Wellness Kit
EVT02150,EMP100,HR,07-08-2025,Wellness Retreat,Social,Healthy Workforce Initiative,Attended,105,60,15,21,Wellness Kit
EVT02151,EMP002,Tech,07-08-2025,Wellness Retreat,Social,Mental Health Awareness Campaign,Attended,105,60,15,21,Wellness Kit
EVT02152,EMP166,Operations,07-08-2025,Wellness Retreat,Social,Mental Health Awareness Campaign,Attended,105,60,15,21,Wellness Kit
EVT02153,EMP080,HR,07-08-2025,Wellness Retreat,Social,Mental Health Awareness Campaign,Attended,105,60,15,21,Wellness Kit
EVT02154,EMP234,Sales,07-08-2025,Wellness Retreat,Social,Employee Engagement Drive,Skipped,105,60,0,6,Gift Voucher
EVT02155,EMP183,Operations,07-08-2025,Wellness Retreat,Social,Wellness Month,Attended,105,60,15,21,Wellness Kit
EVT02156,EMP147,Finance,07-08-2025,Wellness Retreat,Social,Mental Health Awareness Campaign,Attended,105,60,15,21,Wellness Kit
EVT02157,EMP025,Tech,07-08-2025,Wellness Retreat,Social,Wellness Month,Attended,105,60,15,21,Wellness Kit
EVT02158,EMP029,Tech,07-08-2025,Wellness Retreat,Social,Employee Engagement Drive,Attended,105,60,15,21,Wellness Kit
EVT02159,EMP152,Finance,07-08-2025,Wellness Retreat,Social,Wellness Month,Attended,105,60,15,21,Wellness Kit
EVT02160,EMP006,Tech,07-08-2025,Wellness Retreat,Social,Mental Health Awareness Campaign,Attended,105,60,15,21,Wellness Kit
EVT02161,EMP146,Finance,07-08-2025,Wellness Retreat,Social,Wellness Month,Attended,105,60,15,21,Wellness Kit
EVT02162,EMP061,Tech,07-08-2025,Wellness Retreat,Social,Healthy Workforce Initiative,Skipped,105,60,0,6,Gift Voucher
EVT02163,EMP243,Sales,07-08-2025,Wellness Retreat,Social,Wellness Month,Attended,105,60,15,21,Wellness Kit
EVT02164,EMP187,Operations,07-08-2025,Wellness Retreat,Social,Employee Engagement Drive,Attended,105,60,15,21,Wellness Kit
EVT02165,EMP090,HR,07-08-2025,Wellness Retreat,Social,Mental Health Awareness Campaign,Attended,105,60,15,21,Wellness Kit
EVT02166,EMP068,Tech,07-08-2025,Wellness Retreat,Social,Mental Health Awareness Campaign,Skipped,105,60,0,6,Gift Voucher
EVT02167,EMP046,Tech,07-08-2025,Wellness Retreat,Social,Healthy Workforce Initiative,Skipped,105,60,0,6,Gift Voucher
EVT02168,EMP042,Tech,07-08-2025,Wellness Retreat,Social,Wellness Month,Skipped,105,60,0,6,Gift Voucher
EVT02169,EMP226,Sales,07-08-2025,Wellness Retreat,Social,Healthy Workforce Initiative,Attended,105,60,15,21,Wellness Kit
EVT02170,EMP104,Marketing,07-08-2025,Wellness Retreat,Social,Employee Engagement Drive,Attended,105,60,15,21,Wellness Kit
EVT02171,EMP186,Operations,07-08-2025,Wellness Retreat,Social,Healthy Workforce Initiative,Attended,105,60,15,21,Wellness Kit
EVT02172,EMP117,Marketing,07-08-2025,Wellness Retreat,Social,Wellness Month,Attended,105,60,15,21,Wellness Kit
EVT02173,EMP170,Operations,07-08-2025,Wellness Retreat,Social,Employee Engagement Drive,Attended,105,60,15,21,Wellness Kit
EVT02174,EMP102,Marketing,07-08-2025,Wellness Retreat,Social,Mental Health Awareness Campaign,Attended,105,60,15,21,Wellness Kit
EVT02175,EMP047,Tech,07-08-2025,Wellness Retreat,Social,Employee Engagement Drive,Skipped,105,60,0,6,Gift Voucher
EVT02176,EMP159,Finance,07-08-2025,Wellness Retreat,Social,Wellness Month,Attended,105,60,15,21,Wellness Kit
EVT02177,EMP053,Tech,07-08-2025,Wellness Retreat,Social,Healthy Workforce Initiative,Attended,105,60,15,21,Wellness Kit
EVT02178,EMP101,Marketing,07-08-2025,Wellness Retreat,Social,Healthy Workforce Initiative,Attended,105,60,15,21,Wellness Kit
EVT02179,EMP094,HR,07-08-2025,Wellness Retreat,Social,Mental Health Awareness Campaign,Attended,105,60,15,21,Wellness Kit
EVT02180,EMP164,Finance,07-08-2025,Wellness Retreat,Social,Wellness Month,Skipped,105,60,0,6,Gift Voucher
EVT02181,EMP242,Sales,07-08-2025,Wellness Retreat,Social,Healthy Workforce Initiative,Attended,105,60,15,21,Wellness Kit
EVT02182,EMP244,Sales,07-08-2025,Wellness Retreat,Social,Healthy Workforce Initiative,Attended,105,60,15,21,Wellness Kit
EVT02183,EMP012,Tech,07-08-2025,Wellness Retreat,Social,Healthy Workforce Initiative,Attended,105,60,15,21,Wellness Kit
EVT02184,EMP157,Finance,07-08-2025,Wellness Retreat,Social,Mental Health Awareness Campaign,Attended,105,60,15,21,Wellness Kit
EVT02185,EMP011,Tech,07-08-2025,Wellness Retreat,Social,Healthy Workforce Initiative,Attended,105,60,15,21,Wellness Kit
EVT02186,EMP052,Tech,07-08-2025,Wellness Retreat,Social,Wellness Month,Skipped,105,60,0,6,Gift Voucher
EVT02187,EMP229,Sales,07-08-2025,Wellness Retreat,Social,Healthy Workforce Initiative,Skipped,105,60,0,6,Gift Voucher
EVT02188,EMP127,Marketing,07-08-2025,Wellness Retreat,Social,Mental Health Awareness Campaign,Attended,105,60,15,21,Wellness Kit
EVT02189,EMP098,HR,07-08-2025,Wellness Retreat,Social,Healthy Workforce Initiative,Attended,105,60,15,21,Wellness Kit
EVT02190,EMP151,Finance,07-08-2025,Wellness Retreat,Social,Mental Health Awareness Campaign,Skipped,105,60,0,6,Gift Voucher
EVT02191,EMP120,Marketing,07-08-2025,Wellness Retreat,Social,Employee Engagement Drive,Skipped,105,60,0,6,Gift Voucher
EVT02192,EMP142,Finance,07-08-2025,Wellness Retreat,Social,Healthy Workforce Initiative,Attended,105,60,15,21,Wellness Kit
EVT02193,EMP004,Tech,07-08-2025,Wellness Retreat,Social,Employee Engagement Drive,Skipped,105,60,0,6,Gift Voucher
EVT02194,EMP200,Operations,07-08-2025,Wellness Retreat,Social,Mental Health Awareness Campaign,Attended,105,60,15,21,Wellness Kit
EVT02195,EMP082,HR,07-08-2025,Wellness Retreat,Social,Wellness Month,Attended,105,60,15,21,Wellness Kit
EVT02196,EMP027,Tech,07-08-2025,Wellness Retreat,Social,Wellness Month,Attended,105,60,15,21,Wellness Kit
EVT02197,EMP155,Finance,07-08-2025,Wellness Retreat,Social,Wellness Month,Attended,105,60,15,21,Wellness Kit
EVT02198,EMP048,Tech,07-08-2025,Wellness Retreat,Social,Wellness Month,Attended,105,60,15,21,Wellness Kit
EVT02199,EMP064,Tech,07-08-2025,Wellness Retreat,Social,Employee Engagement Drive,Attended,105,60,15,21,Wellness Kit
EVT02200,EMP089,HR,07-08-2025,Wellness Retreat,Social,Healthy Workforce Initiative,Skipped,105,60,0,6,Gift Voucher
EVT02201,EMP145,Finance,07-08-2025,Wellness Retreat,Social,Healthy Workforce Initiative,Skipped,105,60,0,6,Gift Voucher
EVT02202,EMP121,Marketing,07-08-2025,Wellness Retreat,Social,Employee Engagement Drive,Attended,105,60,15,21,Wellness Kit
EVT02203,EMP141,Finance,07-08-2025,Wellness Retreat,Social,Employee Engagement Drive,Attended,105,60,15,21,Wellness Kit
EVT02204,EMP167,Operations,07-08-2025,Wellness Retreat,Social,Healthy Workforce Initiative,Attended,105,60,15,21,Wellness Kit
EVT02205,EMP148,Finance,07-08-2025,Wellness Retreat,Social,Wellness Month,Attended,105,60,15,21,Wellness Kit
EVT02206,EMP240,Sales,07-08-2025,Wellness Retreat,Social,Healthy Workforce Initiative,Attended,105,60,15,21,Wellness Kit
EVT02207,EMP169,Operations,07-08-2025,Wellness Retreat,Social,Wellness Month,Attended,105,60,15,21,Wellness Kit
EVT02208,EMP066,Tech,07-08-2025,Wellness Retreat,Social,Wellness Month,Skipped,105,60,0,6,Gift Voucher
EVT02209,EMP073,HR,07-08-2025,Wellness Retreat,Social,Mental Health Awareness Campaign,Skipped,105,60,0,6,Gift Voucher
EVT02210,EMP137,Marketing,07-08-2025,Wellness Retreat,Social,Healthy Workforce Initiative,Attended,105,60,15,21,Wellness Kit
EVT02211,EMP086,HR,07-08-2025,Wellness Retreat,Social,Mental Health Awareness Campaign,Attended,105,60,15,21,Wellness Kit
EVT02212,EMP232,Sales,07-08-2025,Wellness Retreat,Social,Employee Engagement Drive,Attended,105,60,15,21,Wellness Kit
EVT02213,EMP153,Finance,07-08-2025,Wellness Retreat,Social,Healthy Workforce Initiative,Attended,105,60,15,21,Wellness Kit
EVT02214,EMP149,Finance,07-08-2025,Wellness Retreat,Social,Mental Health Awareness Campaign,Attended,105,60,15,21,Wellness Kit
EVT02215,EMP202,Operations,07-08-2025,Wellness Retreat,Social,Employee Engagement Drive,Attended,105,60,15,21,Wellness Kit
EVT02216,EMP024,Tech,07-08-2025,Wellness Retreat,Social,Mental Health Awareness Campaign,Attended,105,60,15,21,Wellness Kit
EVT02217,EMP045,Tech,07-08-2025,Wellness Retreat,Social,Mental Health Awareness Campaign,Skipped,105,60,0,6,Gift Voucher
EVT02218,EMP062,Tech,03-08-2025,Digital Detox Week,Work-Life,Employee Engagement Drive,Attended,133,76,15,22.6,Wellness Kit
EVT02219,EMP123,Marketing,03-08-2025,Digital Detox Week,Work-Life,Wellness Month,Skipped,133,76,0,7.6,Gift Voucher
EVT02220,EMP049,Tech,03-08-2025,Digital Detox Week,Work-Life,Mental Health Awareness Campaign,Attended,133,76,15,22.6,Wellness Kit
EVT02221,EMP100,HR,03-08-2025,Digital Detox Week,Work-Life,Healthy Workforce Initiative,Attended,133,76,15,22.6,Wellness Kit
EVT02222,EMP245,Sales,03-08-2025,Digital Detox Week,Work-Life,Wellness Month,Skipped,133,76,0,7.6,Gift Voucher
EVT02223,EMP174,Operations,03-08-2025,Digital Detox Week,Work-Life,Mental Health Awareness Campaign,Attended,133,76,15,22.6,Wellness Kit
EVT02224,EMP152,Finance,03-08-2025,Digital Detox Week,Work-Life,Employee Engagement Drive,Attended,133,76,15,22.6,Wellness Kit
EVT02225,EMP204,Operations,03-08-2025,Digital Detox Week,Work-Life,Employee Engagement Drive,Attended,133,76,15,22.6,Wellness Kit
EVT02226,EMP076,HR,03-08-2025,Digital Detox Week,Work-Life,Wellness Month,Attended,133,76,15,22.6,Wellness Kit
EVT02227,EMP172,Operations,03-08-2025,Digital Detox Week,Work-Life,Employee Engagement Drive,Attended,133,76,15,22.6,Wellness Kit
EVT02228,EMP087,HR,03-08-2025,Digital Detox Week,Work-Life,Healthy Workforce Initiative,Attended,133,76,15,22.6,Wellness Kit
EVT02229,EMP242,Sales,03-08-2025,Digital Detox Week,Work-Life,Employee Engagement Drive,Attended,133,76,15,22.6,Wellness Kit
EVT02230,EMP173,Operations,03-08-2025,Digital Detox Week,Work-Life,Mental Health Awareness Campaign,Skipped,133,76,0,7.6,Gift Voucher
EVT02231,EMP024,Tech,03-08-2025,Digital Detox Week,Work-Life,Wellness Month,Attended,133,76,15,22.6,Wellness Kit
EVT02232,EMP249,Sales,03-08-2025,Digital Detox Week,Work-Life,Healthy Workforce Initiative,Attended,133,76,15,22.6,Wellness Kit
EVT02233,EMP112,Marketing,03-08-2025,Digital Detox Week,Work-Life,Employee Engagement Drive,Attended,133,76,15,22.6,Wellness Kit
EVT02234,EMP139,Marketing,03-08-2025,Digital Detox Week,Work-Life,Wellness Month,Attended,133,76,15,22.6,Wellness Kit
EVT02235,EMP180,Operations,03-08-2025,Digital Detox Week,Work-Life,Mental Health Awareness Campaign,Attended,133,76,15,22.6,Wellness Kit
EVT02236,EMP136,Marketing,03-08-2025,Digital Detox Week,Work-Life,Wellness Month,Attended,133,76,15,22.6,Wellness Kit
EVT02237,EMP156,Finance,03-08-2025,Digital Detox Week,Work-Life,Healthy Workforce Initiative,Skipped,133,76,0,7.6,Gift Voucher
EVT02238,EMP005,Tech,03-08-2025,Digital Detox Week,Work-Life,Mental Health Awareness Campaign,Attended,133,76,15,22.6,Wellness Kit
EVT02239,EMP007,Tech,03-08-2025,Digital Detox Week,Work-Life,Wellness Month,Attended,133,76,15,22.6,Wellness Kit
EVT02240,EMP201,Operations,03-08-2025,Digital Detox Week,Work-Life,Employee Engagement Drive,Skipped,133,76,0,7.6,Gift Voucher
EVT02241,EMP179,Operations,03-08-2025,Digital Detox Week,Work-Life,Employee Engagement Drive,Attended,133,76,15,22.6,Wellness Kit
EVT02242,EMP122,Marketing,03-08-2025,Digital Detox Week,Work-Life,Healthy Workforce Initiative,Attended,133,76,15,22.6,Wellness Kit
EVT02243,EMP034,Tech,03-08-2025,Digital Detox Week,Work-Life,Employee Engagement Drive,Skipped,133,76,0,7.6,Gift Voucher
EVT02244,EMP229,Sales,03-08-2025,Digital Detox Week,Work-Life,Wellness Month,Attended,133,76,15,22.6,Wellness Kit
EVT02245,EMP023,Tech,03-08-2025,Digital Detox Week,Work-Life,Mental Health Awareness Campaign,Skipped,133,76,0,7.6,Gift Voucher
EVT02246,EMP053,Tech,03-08-2025,Digital Detox Week,Work-Life,Wellness Month,Attended,133,76,15,22.6,Wellness Kit
EVT02247,EMP090,HR,03-08-2025,Digital Detox Week,Work-Life,Mental Health Awareness Campaign,Attended,133,76,15,22.6,Wellness Kit
EVT02248,EMP186,Operations,03-08-2025,Digital Detox Week,Work-Life,Wellness Month,Skipped,133,76,0,7.6,Gift Voucher
EVT02249,EMP091,HR,03-08-2025,Digital Detox Week,Work-Life,Employee Engagement Drive,Attended,133,76,15,22.6,Wellness Kit
EVT02250,EMP019,Tech,03-08-2025,Digital Detox Week,Work-Life,Mental Health Awareness Campaign,Attended,133,76,15,22.6,Wellness Kit
EVT02251,EMP218,Sales,03-08-2025,Digital Detox Week,Work-Life,Mental Health Awareness Campaign,Attended,133,76,15,22.6,Wellness Kit
EVT02252,EMP211,Sales,03-08-2025,Digital Detox Week,Work-Life,Wellness Month,Attended,133,76,15,22.6,Wellness Kit
EVT02253,EMP220,Sales,03-08-2025,Digital Detox Week,Work-Life,Wellness Month,Skipped,133,76,0,7.6,Gift Voucher
EVT02254,EMP001,Tech,03-08-2025,Digital Detox Week,Work-Life,Healthy Workforce Initiative,Attended,133,76,15,22.6,Wellness Kit
EVT02255,EMP149,Finance,03-08-2025,Digital Detox Week,Work-Life,Wellness Month,Skipped,133,76,0,7.6,Gift Voucher
EVT02256,EMP094,HR,03-08-2025,Digital Detox Week,Work-Life,Wellness Month,Attended,133,76,15,22.6,Wellness Kit
EVT02257,EMP011,Tech,03-08-2025,Digital Detox Week,Work-Life,Wellness Month,Attended,133,76,15,22.6,Wellness Kit
EVT02258,EMP120,Marketing,03-08-2025,Digital Detox Week,Work-Life,Employee Engagement Drive,Attended,133,76,15,22.6,Wellness Kit
EVT02259,EMP047,Tech,03-08-2025,Digital Detox Week,Work-Life,Wellness Month,Attended,133,76,15,22.6,Wellness Kit
EVT02260,EMP030,Tech,03-08-2025,Digital Detox Week,Work-Life,Mental Health Awareness Campaign,Attended,133,76,15,22.6,Wellness Kit
EVT02261,EMP109,Marketing,03-08-2025,Digital Detox Week,Work-Life,Healthy Workforce Initiative,Attended,133,76,15,22.6,Wellness Kit
EVT02262,EMP195,Operations,03-08-2025,Digital Detox Week,Work-Life,Wellness Month,Attended,133,76,15,22.6,Wellness Kit
EVT02263,EMP160,Finance,03-08-2025,Digital Detox Week,Work-Life,Mental Health Awareness Campaign,Attended,133,76,15,22.6,Wellness Kit
EVT02264,EMP026,Tech,03-08-2025,Digital Detox Week,Work-Life,Healthy Workforce Initiative,Attended,133,76,15,22.6,Wellness Kit
EVT02265,EMP193,Operations,03-08-2025,Digital Detox Week,Work-Life,Healthy Workforce Initiative,Attended,133,76,15,22.6,Wellness Kit
EVT02266,EMP050,Tech,03-08-2025,Digital Detox Week,Work-Life,Wellness Month,Attended,133,76,15,22.6,Wellness Kit
EVT02267,EMP115,Marketing,03-08-2025,Digital Detox Week,Work-Life,Healthy Workforce Initiative,Skipped,133,76,0,7.6,Gift Voucher
EVT02268,EMP169,Operations,03-08-2025,Digital Detox Week,Work-Life,Healthy Workforce Initiative,Attended,133,76,15,22.6,Wellness Kit
EVT02269,EMP110,Marketing,03-08-2025,Digital Detox Week,Work-Life,Wellness Month,Skipped,133,76,0,7.6,Gift Voucher
EVT02270,EMP221,Sales,03-08-2025,Digital Detox Week,Work-Life,Employee Engagement Drive,Attended,133,76,15,22.6,Wellness Kit
EVT02271,EMP004,Tech,03-08-2025,Digital Detox Week,Work-Life,Mental Health Awareness Campaign,Attended,133,76,15,22.6,Wellness Kit
EVT02272,EMP057,Tech,03-08-2025,Digital Detox Week,Work-Life,Mental Health Awareness Campaign,Attended,133,76,15,22.6,Wellness Kit
EVT02273,EMP075,HR,03-08-2025,Digital Detox Week,Work-Life,Employee Engagement Drive,Attended,133,76,15,22.6,Wellness Kit
EVT02274,EMP155,Finance,03-08-2025,Digital Detox Week,Work-Life,Healthy Workforce Initiative,Attended,133,76,15,22.6,Wellness Kit
EVT02275,EMP203,Operations,03-08-2025,Digital Detox Week,Work-Life,Mental Health Awareness Campaign,Attended,133,76,15,22.6,Wellness Kit
EVT02276,EMP246,Sales,03-08-2025,Digital Detox Week,Work-Life,Healthy Workforce Initiative,Attended,133,76,15,22.6,Wellness Kit
EVT02277,EMP085,HR,03-08-2025,Digital Detox Week,Work-Life,Mental Health Awareness Campaign,Skipped,133,76,0,7.6,Gift Voucher
EVT02278,EMP164,Finance,03-08-2025,Digital Detox Week,Work-Life,Mental Health Awareness Campaign,Attended,133,76,15,22.6,Wellness Kit
EVT02279,EMP147,Finance,03-08-2025,Digital Detox Week,Work-Life,Healthy Workforce Initiative,Attended,133,76,15,22.6,Wellness Kit
EVT02280,EMP189,Operations,03-08-2025,Digital Detox Week,Work-Life,Mental Health Awareness Campaign,Skipped,133,76,0,7.6,Gift Voucher
EVT02281,EMP065,Tech,03-08-2025,Digital Detox Week,Work-Life,Mental Health Awareness Campaign,Attended,133,76,15,22.6,Wellness Kit
EVT02282,EMP063,Tech,03-08-2025,Digital Detox Week,Work-Life,Wellness Month,Attended,133,76,15,22.6,Wellness Kit
EVT02283,EMP244,Sales,03-08-2025,Digital Detox Week,Work-Life,Healthy Workforce Initiative,Skipped,133,76,0,7.6,Gift Voucher
EVT02284,EMP206,Operations,03-08-2025,Digital Detox Week,Work-Life,Healthy Workforce Initiative,Attended,133,76,15,22.6,Wellness Kit
EVT02285,EMP142,Finance,03-08-2025,Digital Detox Week,Work-Life,Employee Engagement Drive,Skipped,133,76,0,7.6,Gift Voucher
EVT02286,EMP081,HR,03-08-2025,Digital Detox Week,Work-Life,Wellness Month,Attended,133,76,15,22.6,Wellness Kit
EVT02287,EMP046,Tech,03-08-2025,Digital Detox Week,Work-Life,Mental Health Awareness Campaign,Attended,133,76,15,22.6,Wellness Kit
EVT02288,EMP038,Tech,03-08-2025,Digital Detox Week,Work-Life,Employee Engagement Drive,Attended,133,76,15,22.6,Wellness Kit
EVT02289,EMP239,Sales,03-08-2025,Digital Detox Week,Work-Life,Healthy Workforce Initiative,Attended,133,76,15,22.6,Wellness Kit
EVT02290,EMP143,Finance,03-08-2025,Digital Detox Week,Work-Life,Wellness Month,Attended,133,76,15,22.6,Wellness Kit
EVT02291,EMP215,Sales,03-08-2025,Digital Detox Week,Work-Life,Mental Health Awareness Campaign,Skipped,133,76,0,7.6,Gift Voucher
EVT02292,EMP161,Finance,03-08-2025,Digital Detox Week,Work-Life,Mental Health Awareness Campaign,Attended,133,76,15,22.6,Wellness Kit
EVT02293,EMP134,Marketing,03-08-2025,Digital Detox Week,Work-Life,Mental Health Awareness Campaign,Attended,133,76,15,22.6,Wellness Kit
EVT02294,EMP003,Tech,03-08-2025,Digital Detox Week,Work-Life,Mental Health Awareness Campaign,Attended,133,76,15,22.6,Wellness Kit
EVT02295,EMP048,Tech,03-08-2025,Digital Detox Week,Work-Life,Healthy Workforce Initiative,Skipped,133,76,0,7.6,Gift Voucher
EVT02296,EMP093,HR,03-08-2025,Digital Detox Week,Work-Life,Wellness Month,Attended,133,76,15,22.6,Wellness Kit
EVT02297,EMP238,Sales,03-08-2025,Digital Detox Week,Work-Life,Wellness Month,Attended,133,76,15,22.6,Wellness Kit
EVT02298,EMP042,Tech,03-08-2025,Digital Detox Week,Work-Life,Wellness Month,Skipped,133,76,0,7.6,Gift Voucher
EVT02299,EMP163,Finance,03-08-2025,Digital Detox Week,Work-Life,Healthy Workforce Initiative,Skipped,133,76,0,7.6,Gift Voucher
EVT02300,EMP121,Marketing,03-08-2025,Digital Detox Week,Work-Life,Wellness Month,Attended,133,76,15,22.6,Wellness Kit
EVT02301,EMP055,Tech,03-08-2025,Digital Detox Week,Work-Life,Employee Engagement Drive,Attended,133,76,15,22.6,Wellness Kit
EVT02302,EMP232,Sales,03-08-2025,Digital Detox Week,Work-Life,Healthy Workforce Initiative,Attended,133,76,15,22.6,Wellness Kit
EVT02303,EMP124,Marketing,03-08-2025,Digital Detox Week,Work-Life,Healthy Workforce Initiative,Skipped,133,76,0,7.6,Gift Voucher
EVT02304,EMP111,Marketing,03-08-2025,Digital Detox Week,Work-Life,Wellness Month,Attended,133,76,15,22.6,Wellness Kit
EVT02305,EMP039,Tech,03-08-2025,Digital Detox Week,Work-Life,Employee Engagement Drive,Attended,133,76,15,22.6,Wellness Kit
EVT02306,EMP082,HR,03-08-2025,Digital Detox Week,Work-Life,Mental Health Awareness Campaign,Skipped,133,76,0,7.6,Gift Voucher
EVT02307,EMP073,HR,03-08-2025,Digital Detox Week,Work-Life,Mental Health Awareness Campaign,Attended,133,76,15,22.6,Wellness Kit
EVT02308,EMP132,Marketing,03-08-2025,Digital Detox Week,Work-Life,Healthy Workforce Initiative,Attended,133,76,15,22.6,Wellness Kit
EVT02309,EMP060,Tech,03-08-2025,Digital Detox Week,Work-Life,Employee Engagement Drive,Skipped,133,76,0,7.6,Gift Voucher
EVT02310,EMP059,Tech,03-08-2025,Digital Detox Week,Work-Life,Mental Health Awareness Campaign,Attended,133,76,15,22.6,Wellness Kit
EVT02311,EMP159,Finance,03-08-2025,Digital Detox Week,Work-Life,Mental Health Awareness Campaign,Attended,133,76,15,22.6,Wellness Kit
EVT02312,EMP177,Operations,03-08-2025,Digital Detox Week,Work-Life,Employee Engagement Drive,Attended,133,76,15,22.6,Wellness Kit
EVT02313,EMP205,Operations,03-08-2025,Digital Detox Week,Work-Life,Wellness Month,Skipped,133,76,0,7.6,Gift Voucher
EVT02314,EMP018,Tech,03-08-2025,Digital Detox Week,Work-Life,Mental Health Awareness Campaign,Skipped,133,76,0,7.6,Gift Voucher
EVT02315,EMP027,Tech,03-08-2025,Digital Detox Week,Work-Life,Mental Health Awareness Campaign,Attended,133,76,15,22.6,Wellness Kit
EVT02316,EMP250,Sales,03-08-2025,Digital Detox Week,Work-Life,Employee Engagement Drive,Attended,133,76,15,22.6,Wellness Kit
EVT02317,EMP165,Finance,03-08-2025,Digital Detox Week,Work-Life,Employee Engagement Drive,Skipped,133,76,0,7.6,Gift Voucher
EVT02318,EMP058,Tech,03-08-2025,Digital Detox Week,Work-Life,Employee Engagement Drive,Attended,133,76,15,22.6,Wellness Kit
EVT02319,EMP171,Operations,03-08-2025,Digital Detox Week,Work-Life,Wellness Month,Attended,133,76,15,22.6,Wellness Kit
EVT02320,EMP153,Finance,03-08-2025,Digital Detox Week,Work-Life,Employee Engagement Drive,Attended,133,76,15,22.6,Wellness Kit
EVT02321,EMP181,Operations,03-08-2025,Digital Detox Week,Work-Life,Wellness Month,Attended,133,76,15,22.6,Wellness Kit
EVT02322,EMP097,HR,03-08-2025,Digital Detox Week,Work-Life,Employee Engagement Drive,Skipped,133,76,0,7.6,Gift Voucher
EVT02323,EMP243,Sales,03-08-2025,Digital Detox Week,Work-Life,Employee Engagement Drive,Attended,133,76,15,22.6,Wellness Kit
EVT02324,EMP096,HR,03-08-2025,Digital Detox Week,Work-Life,Mental Health Awareness Campaign,Attended,133,76,15,22.6,Wellness Kit
EVT02325,EMP236,Sales,03-08-2025,Digital Detox Week,Work-Life,Wellness Month,Attended,133,76,15,22.6,Wellness Kit
EVT02326,EMP088,HR,03-08-2025,Digital Detox Week,Work-Life,Healthy Workforce Initiative,Attended,133,76,15,22.6,Wellness Kit
EVT02327,EMP240,Sales,03-08-2025,Digital Detox Week,Work-Life,Healthy Workforce Initiative,Attended,133,76,15,22.6,Wellness Kit
EVT02328,EMP213,Sales,03-08-2025,Digital Detox Week,Work-Life,Healthy Workforce Initiative,Attended,133,76,15,22.6,Wellness Kit
EVT02329,EMP187,Operations,03-08-2025,Digital Detox Week,Work-Life,Wellness Month,Skipped,133,76,0,7.6,Gift Voucher
EVT02330,EMP116,Marketing,03-08-2025,Digital Detox Week,Work-Life,Wellness Month,Attended,133,76,15,22.6,Wellness Kit
EVT02331,EMP151,Finance,03-08-2025,Digital Detox Week,Work-Life,Mental Health Awareness Campaign,Attended,133,76,15,22.6,Wellness Kit
EVT02332,EMP101,Marketing,03-08-2025,Digital Detox Week,Work-Life,Mental Health Awareness Campaign,Attended,133,76,15,22.6,Wellness Kit
EVT02333,EMP168,Operations,03-08-2025,Digital Detox Week,Work-Life,Wellness Month,Attended,133,76,15,22.6,Wellness Kit
EVT02334,EMP141,Finance,03-08-2025,Digital Detox Week,Work-Life,Wellness Month,Skipped,133,76,0,7.6,Gift Voucher
EVT02335,EMP002,Tech,03-08-2025,Digital Detox Week,Work-Life,Employee Engagement Drive,Attended,133,76,15,22.6,Wellness Kit
EVT02336,EMP146,Finance,03-08-2025,Digital Detox Week,Work-Life,Healthy Workforce Initiative,Attended,133,76,15,22.6,Wellness Kit
EVT02337,EMP095,HR,03-08-2025,Digital Detox Week,Work-Life,Healthy Workforce Initiative,Attended,133,76,15,22.6,Wellness Kit
EVT02338,EMP025,Tech,03-08-2025,Digital Detox Week,Work-Life,Healthy Workforce Initiative,Attended,133,76,15,22.6,Wellness Kit
EVT02339,EMP129,Marketing,03-08-2025,Digital Detox Week,Work-Life,Mental Health Awareness Campaign,Attended,133,76,15,22.6,Wellness Kit
EVT02340,EMP061,Tech,03-08-2025,Digital Detox Week,Work-Life,Employee Engagement Drive,Attended,133,76,15,22.6,Wellness Kit
EVT02341,EMP080,HR,03-08-2025,Digital Detox Week,Work-Life,Healthy Workforce Initiative,Attended,133,76,15,22.6,Wellness Kit
EVT02342,EMP247,Sales,03-08-2025,Digital Detox Week,Work-Life,Mental Health Awareness Campaign,Attended,133,76,15,22.6,Wellness Kit
EVT02343,EMP145,Finance,03-08-2025,Digital Detox Week,Work-Life,Mental Health Awareness Campaign,Attended,133,76,15,22.6,Wellness Kit
EVT02344,EMP041,Tech,03-08-2025,Digital Detox Week,Work-Life,Wellness Month,Attended,133,76,15,22.6,Wellness Kit
EVT02345,EMP056,Tech,03-08-2025,Digital Detox Week,Work-Life,Mental Health Awareness Campaign,Attended,133,76,15,22.6,Wellness Kit
EVT02346,EMP157,Finance,03-08-2025,Digital Detox Week,Work-Life,Wellness Month,Skipped,133,76,0,7.6,Gift Voucher
EVT02347,EMP105,Marketing,03-08-2025,Digital Detox Week,Work-Life,Wellness Month,Attended,133,76,15,22.6,Wellness Kit
EVT02348,EMP021,Tech,03-08-2025,Digital Detox Week,Work-Life,Wellness Month,Attended,133,76,15,22.6,Wellness Kit
EVT02349,EMP064,Tech,03-08-2025,Digital Detox Week,Work-Life,Healthy Workforce Initiative,Attended,133,76,15,22.6,Wellness Kit
EVT02350,EMP196,Operations,03-08-2025,Digital Detox Week,Work-Life,Mental Health Awareness Campaign,Attended,133,76,15,22.6,Wellness Kit
EVT02351,EMP099,HR,19-08-2025,Mindfulness Month,Mental,Wellness Month,Attended,43,24.6,20,22.5,Wellness Kit
EVT02352,EMP201,Operations,19-08-2025,Mindfulness Month,Mental,Healthy Workforce Initiative,Attended,43,24.6,20,22.5,Wellness Kit
EVT02353,EMP014,Tech,19-08-2025,Mindfulness Month,Mental,Employee Engagement Drive,Attended,43,24.6,20,22.5,Wellness Kit
EVT02354,EMP229,Sales,19-08-2025,Mindfulness Month,Mental,Wellness Month,Attended,43,24.6,20,22.5,Wellness Kit
EVT02355,EMP234,Sales,19-08-2025,Mindfulness Month,Mental,Employee Engagement Drive,Attended,43,24.6,20,22.5,Wellness Kit
EVT02356,EMP085,HR,19-08-2025,Mindfulness Month,Mental,Employee Engagement Drive,Attended,43,24.6,20,22.5,Wellness Kit
EVT02357,EMP176,Operations,19-08-2025,Mindfulness Month,Mental,Mental Health Awareness Campaign,Skipped,43,24.6,0,2.5,Gift Voucher
EVT02358,EMP250,Sales,19-08-2025,Mindfulness Month,Mental,Wellness Month,Skipped,43,24.6,0,2.5,Gift Voucher
EVT02359,EMP126,Marketing,19-08-2025,Mindfulness Month,Mental,Healthy Workforce Initiative,Attended,43,24.6,20,22.5,Wellness Kit
EVT02360,EMP237,Sales,19-08-2025,Mindfulness Month,Mental,Wellness Month,Attended,43,24.6,20,22.5,Wellness Kit
EVT02361,EMP154,Finance,19-08-2025,Mindfulness Month,Mental,Wellness Month,Attended,43,24.6,20,22.5,Wellness Kit
EVT02362,EMP222,Sales,19-08-2025,Mindfulness Month,Mental,Mental Health Awareness Campaign,Attended,43,24.6,20,22.5,Wellness Kit
EVT02363,EMP044,Tech,19-08-2025,Mindfulness Month,Mental,Healthy Workforce Initiative,Skipped,43,24.6,0,2.5,Gift Voucher
EVT02364,EMP041,Tech,19-08-2025,Mindfulness Month,Mental,Wellness Month,Attended,43,24.6,20,22.5,Wellness Kit
EVT02365,EMP241,Sales,19-08-2025,Mindfulness Month,Mental,Wellness Month,Attended,43,24.6,20,22.5,Wellness Kit
EVT02366,EMP083,HR,19-08-2025,Mindfulness Month,Mental,Employee Engagement Drive,Skipped,43,24.6,0,2.5,Gift Voucher
EVT02367,EMP215,Sales,19-08-2025,Mindfulness Month,Mental,Healthy Workforce Initiative,Attended,43,24.6,20,22.5,Wellness Kit
EVT02368,EMP012,Tech,19-08-2025,Mindfulness Month,Mental,Mental Health Awareness Campaign,Attended,43,24.6,20,22.5,Wellness Kit
EVT02369,EMP107,Marketing,19-08-2025,Mindfulness Month,Mental,Employee Engagement Drive,Skipped,43,24.6,0,2.5,Gift Voucher
EVT02370,EMP071,HR,19-08-2025,Mindfulness Month,Mental,Wellness Month,Attended,43,24.6,20,22.5,Wellness Kit
EVT02371,EMP067,Tech,19-08-2025,Mindfulness Month,Mental,Mental Health Awareness Campaign,Skipped,43,24.6,0,2.5,Gift Voucher
EVT02372,EMP226,Sales,19-08-2025,Mindfulness Month,Mental,Healthy Workforce Initiative,Attended,43,24.6,20,22.5,Wellness Kit
EVT02373,EMP030,Tech,19-08-2025,Mindfulness Month,Mental,Mental Health Awareness Campaign,Skipped,43,24.6,0,2.5,Gift Voucher
EVT02374,EMP171,Operations,19-08-2025,Mindfulness Month,Mental,Employee Engagement Drive,Skipped,43,24.6,0,2.5,Gift Voucher
EVT02375,EMP133,Marketing,19-08-2025,Mindfulness Month,Mental,Wellness Month,Attended,43,24.6,20,22.5,Wellness Kit
EVT02376,EMP018,Tech,19-08-2025,Mindfulness Month,Mental,Wellness Month,Attended,43,24.6,20,22.5,Wellness Kit
EVT02377,EMP248,Sales,19-08-2025,Mindfulness Month,Mental,Employee Engagement Drive,Attended,43,24.6,20,22.5,Wellness Kit
EVT02378,EMP193,Operations,19-08-2025,Mindfulness Month,Mental,Mental Health Awareness Campaign,Attended,43,24.6,20,22.5,Wellness Kit
EVT02379,EMP116,Marketing,19-08-2025,Mindfulness Month,Mental,Employee Engagement Drive,Attended,43,24.6,20,22.5,Wellness Kit
EVT02380,EMP060,Tech,19-08-2025,Mindfulness Month,Mental,Employee Engagement Drive,Attended,43,24.6,20,22.5,Wellness Kit
EVT02381,EMP013,Tech,19-08-2025,Mindfulness Month,Mental,Employee Engagement Drive,Attended,43,24.6,20,22.5,Wellness Kit
EVT02382,EMP177,Operations,19-08-2025,Mindfulness Month,Mental,Employee Engagement Drive,Attended,43,24.6,20,22.5,Wellness Kit
EVT02383,EMP127,Marketing,19-08-2025,Mindfulness Month,Mental,Healthy Workforce Initiative,Attended,43,24.6,20,22.5,Wellness Kit
EVT02384,EMP026,Tech,19-08-2025,Mindfulness Month,Mental,Healthy Workforce Initiative,Skipped,43,24.6,0,2.5,Gift Voucher
EVT02385,EMP184,Operations,19-08-2025,Mindfulness Month,Mental,Employee Engagement Drive,Attended,43,24.6,20,22.5,Wellness Kit
EVT02386,EMP110,Marketing,19-08-2025,Mindfulness Month,Mental,Mental Health Awareness Campaign,Attended,43,24.6,20,22.5,Wellness Kit
EVT02387,EMP002,Tech,19-08-2025,Mindfulness Month,Mental,Wellness Month,Attended,43,24.6,20,22.5,Wellness Kit
EVT02388,EMP122,Marketing,19-08-2025,Mindfulness Month,Mental,Healthy Workforce Initiative,Attended,43,24.6,20,22.5,Wellness Kit
EVT02389,EMP181,Operations,19-08-2025,Mindfulness Month,Mental,Mental Health Awareness Campaign,Attended,43,24.6,20,22.5,Wellness Kit
EVT02390,EMP232,Sales,19-08-2025,Mindfulness Month,Mental,Mental Health Awareness Campaign,Attended,43,24.6,20,22.5,Wellness Kit
EVT02391,EMP040,Tech,19-08-2025,Mindfulness Month,Mental,Employee Engagement Drive,Attended,43,24.6,20,22.5,Wellness Kit
EVT02392,EMP125,Marketing,19-08-2025,Mindfulness Month,Mental,Employee Engagement Drive,Attended,43,24.6,20,22.5,Wellness Kit
EVT02393,EMP121,Marketing,19-08-2025,Mindfulness Month,Mental,Mental Health Awareness Campaign,Skipped,43,24.6,0,2.5,Gift Voucher
EVT02394,EMP221,Sales,14-09-2025,Creative Workshop,Creative,Wellness Month,Skipped,138,78.9,0,7.9,Gift Voucher
EVT02395,EMP219,Sales,14-09-2025,Creative Workshop,Creative,Mental Health Awareness Campaign,Attended,138,78.9,10,17.9,Gift Voucher
EVT02396,EMP050,Tech,14-09-2025,Creative Workshop,Creative,Wellness Month,Attended,138,78.9,10,17.9,Gift Voucher
EVT02397,EMP060,Tech,14-09-2025,Creative Workshop,Creative,Healthy Workforce Initiative,Skipped,138,78.9,0,7.9,Gift Voucher
EVT02398,EMP039,Tech,14-09-2025,Creative Workshop,Creative,Mental Health Awareness Campaign,Attended,138,78.9,10,17.9,Gift Voucher
EVT02399,EMP078,HR,14-09-2025,Creative Workshop,Creative,Mental Health Awareness Campaign,Attended,138,78.9,10,17.9,Gift Voucher
EVT02400,EMP099,HR,14-09-2025,Creative Workshop,Creative,Mental Health Awareness Campaign,Attended,138,78.9,10,17.9,Gift Voucher
EVT02401,EMP074,HR,14-09-2025,Creative Workshop,Creative,Employee Engagement Drive,Attended,138,78.9,10,17.9,Gift Voucher
EVT02402,EMP122,Marketing,14-09-2025,Creative Workshop,Creative,Employee Engagement Drive,Skipped,138,78.9,0,7.9,Gift Voucher
EVT02403,EMP161,Finance,14-09-2025,Creative Workshop,Creative,Mental Health Awareness Campaign,Attended,138,78.9,10,17.9,Gift Voucher
EVT02404,EMP141,Finance,14-09-2025,Creative Workshop,Creative,Wellness Month,Attended,138,78.9,10,17.9,Gift Voucher
EVT02405,EMP105,Marketing,14-09-2025,Creative Workshop,Creative,Healthy Workforce Initiative,Skipped,138,78.9,0,7.9,Gift Voucher
EVT02406,EMP002,Tech,14-09-2025,Creative Workshop,Creative,Wellness Month,Skipped,138,78.9,0,7.9,Gift Voucher
EVT02407,EMP143,Finance,14-09-2025,Creative Workshop,Creative,Mental Health Awareness Campaign,Attended,138,78.9,10,17.9,Gift Voucher
EVT02408,EMP095,HR,14-09-2025,Creative Workshop,Creative,Employee Engagement Drive,Skipped,138,78.9,0,7.9,Gift Voucher
EVT02409,EMP073,HR,14-09-2025,Creative Workshop,Creative,Wellness Month,Attended,138,78.9,10,17.9,Gift Voucher
EVT02410,EMP248,Sales,14-09-2025,Creative Workshop,Creative,Mental Health Awareness Campaign,Attended,138,78.9,10,17.9,Gift Voucher
EVT02411,EMP249,Sales,14-09-2025,Creative Workshop,Creative,Employee Engagement Drive,Attended,138,78.9,10,17.9,Gift Voucher
EVT02412,EMP063,Tech,14-09-2025,Creative Workshop,Creative,Wellness Month,Attended,138,78.9,10,17.9,Gift Voucher
EVT02413,EMP003,Tech,14-09-2025,Creative Workshop,Creative,Healthy Workforce Initiative,Attended,138,78.9,10,17.9,Gift Voucher
EVT02414,EMP234,Sales,14-09-2025,Creative Workshop,Creative,Wellness Month,Attended,138,78.9,10,17.9,Gift Voucher
EVT02415,EMP072,HR,14-09-2025,Creative Workshop,Creative,Mental Health Awareness Campaign,Attended,138,78.9,10,17.9,Gift Voucher
EVT02416,EMP030,Tech,14-09-2025,Creative Workshop,Creative,Healthy Workforce Initiative,Attended,138,78.9,10,17.9,Gift Voucher
EVT02417,EMP010,Tech,14-09-2025,Creative Workshop,Creative,Wellness Month,Skipped,138,78.9,0,7.9,Gift Voucher
EVT02418,EMP240,Sales,14-09-2025,Creative Workshop,Creative,Mental Health Awareness Campaign,Attended,138,78.9,10,17.9,Gift Voucher
EVT02419,EMP111,Marketing,14-09-2025,Creative Workshop,Creative,Mental Health Awareness Campaign,Skipped,138,78.9,0,7.9,Gift Voucher
EVT02420,EMP056,Tech,14-09-2025,Creative Workshop,Creative,Wellness Month,Attended,138,78.9,10,17.9,Gift Voucher
EVT02421,EMP021,Tech,14-09-2025,Creative Workshop,Creative,Wellness Month,Attended,138,78.9,10,17.9,Gift Voucher
EVT02422,EMP163,Finance,14-09-2025,Creative Workshop,Creative,Mental Health Awareness Campaign,Attended,138,78.9,10,17.9,Gift Voucher
EVT02423,EMP068,Tech,14-09-2025,Creative Workshop,Creative,Healthy Workforce Initiative,Skipped,138,78.9,0,7.9,Gift Voucher
EVT02424,EMP042,Tech,14-09-2025,Creative Workshop,Creative,Healthy Workforce Initiative,Attended,138,78.9,10,17.9,Gift Voucher
EVT02425,EMP040,Tech,14-09-2025,Creative Workshop,Creative,Employee Engagement Drive,Attended,138,78.9,10,17.9,Gift Voucher
EVT02426,EMP180,Operations,14-09-2025,Creative Workshop,Creative,Mental Health Awareness Campaign,Attended,138,78.9,10,17.9,Gift Voucher
EVT02427,EMP107,Marketing,14-09-2025,Creative Workshop,Creative,Mental Health Awareness Campaign,Skipped,138,78.9,0,7.9,Gift Voucher
EVT02428,EMP019,Tech,14-09-2025,Creative Workshop,Creative,Mental Health Awareness Campaign,Skipped,138,78.9,0,7.9,Gift Voucher
EVT02429,EMP134,Marketing,14-09-2025,Creative Workshop,Creative,Healthy Workforce Initiative,Attended,138,78.9,10,17.9,Gift Voucher
EVT02430,EMP075,HR,14-09-2025,Creative Workshop,Creative,Employee Engagement Drive,Attended,138,78.9,10,17.9,Gift Voucher
EVT02431,EMP202,Operations,14-09-2025,Creative Workshop,Creative,Healthy Workforce Initiative,Attended,138,78.9,10,17.9,Gift Voucher
EVT02432,EMP246,Sales,14-09-2025,Creative Workshop,Creative,Mental Health Awareness Campaign,Skipped,138,78.9,0,7.9,Gift Voucher
EVT02433,EMP152,Finance,14-09-2025,Creative Workshop,Creative,Healthy Workforce Initiative,Attended,138,78.9,10,17.9,Gift Voucher
EVT02434,EMP124,Marketing,14-09-2025,Creative Workshop,Creative,Healthy Workforce Initiative,Skipped,138,78.9,0,7.9,Gift Voucher
EVT02435,EMP049,Tech,14-09-2025,Creative Workshop,Creative,Wellness Month,Attended,138,78.9,10,17.9,Gift Voucher
EVT02436,EMP205,Operations,14-09-2025,Creative Workshop,Creative,Wellness Month,Attended,138,78.9,10,17.9,Gift Voucher
EVT02437,EMP170,Operations,14-09-2025,Creative Workshop,Creative,Healthy Workforce Initiative,Attended,138,78.9,10,17.9,Gift Voucher
EVT02438,EMP149,Finance,14-09-2025,Creative Workshop,Creative,Wellness Month,Skipped,138,78.9,0,7.9,Gift Voucher
EVT02439,EMP036,Tech,14-09-2025,Creative Workshop,Creative,Wellness Month,Attended,138,78.9,10,17.9,Gift Voucher
EVT02440,EMP058,Tech,14-09-2025,Creative Workshop,Creative,Mental Health Awareness Campaign,Skipped,138,78.9,0,7.9,Gift Voucher
EVT02441,EMP097,HR,14-09-2025,Creative Workshop,Creative,Mental Health Awareness Campaign,Attended,138,78.9,10,17.9,Gift Voucher
EVT02442,EMP098,HR,14-09-2025,Creative Workshop,Creative,Employee Engagement Drive,Skipped,138,78.9,0,7.9,Gift Voucher
EVT02443,EMP166,Operations,14-09-2025,Creative Workshop,Creative,Healthy Workforce Initiative,Attended,138,78.9,10,17.9,Gift Voucher
EVT02444,EMP186,Operations,14-09-2025,Creative Workshop,Creative,Healthy Workforce Initiative,Attended,138,78.9,10,17.9,Gift Voucher
EVT02445,EMP162,Finance,14-09-2025,Creative Workshop,Creative,Mental Health Awareness Campaign,Attended,138,78.9,10,17.9,Gift Voucher
EVT02446,EMP172,Operations,14-09-2025,Creative Workshop,Creative,Healthy Workforce Initiative,Skipped,138,78.9,0,7.9,Gift Voucher
EVT02447,EMP179,Operations,14-09-2025,Creative Workshop,Creative,Healthy Workforce Initiative,Attended,138,78.9,10,17.9,Gift Voucher
EVT02448,EMP139,Marketing,14-09-2025,Creative Workshop,Creative,Healthy Workforce Initiative,Attended,138,78.9,10,17.9,Gift Voucher
EVT02449,EMP183,Operations,14-09-2025,Creative Workshop,Creative,Healthy Workforce Initiative,Attended,138,78.9,10,17.9,Gift Voucher
EVT02450,EMP218,Sales,14-09-2025,Creative Workshop,Creative,Wellness Month,Attended,138,78.9,10,17.9,Gift Voucher
EVT02451,EMP045,Tech,14-09-2025,Creative Workshop,Creative,Mental Health Awareness Campaign,Skipped,138,78.9,0,7.9,Gift Voucher
EVT02452,EMP119,Marketing,14-09-2025,Creative Workshop,Creative,Healthy Workforce Initiative,Attended,138,78.9,10,17.9,Gift Voucher
EVT02453,EMP207,Operations,14-09-2025,Creative Workshop,Creative,Wellness Month,Skipped,138,78.9,0,7.9,Gift Voucher
EVT02454,EMP094,HR,14-09-2025,Creative Workshop,Creative,Employee Engagement Drive,Attended,138,78.9,10,17.9,Gift Voucher
EVT02455,EMP065,Tech,14-09-2025,Creative Workshop,Creative,Wellness Month,Skipped,138,78.9,0,7.9,Gift Voucher
EVT02456,EMP093,HR,14-09-2025,Creative Workshop,Creative,Mental Health Awareness Campaign,Skipped,138,78.9,0,7.9,Gift Voucher
EVT02457,EMP201,Operations,14-09-2025,Creative Workshop,Creative,Wellness Month,Attended,138,78.9,10,17.9,Gift Voucher
EVT02458,EMP108,Marketing,14-09-2025,Creative Workshop,Creative,Mental Health Awareness Campaign,Skipped,138,78.9,0,7.9,Gift Voucher
EVT02459,EMP121,Marketing,14-09-2025,Creative Workshop,Creative,Employee Engagement Drive,Attended,138,78.9,10,17.9,Gift Voucher
EVT02460,EMP037,Tech,14-09-2025,Creative Workshop,Creative,Wellness Month,Attended,138,78.9,10,17.9,Gift Voucher
EVT02461,EMP048,Tech,14-09-2025,Creative Workshop,Creative,Healthy Workforce Initiative,Attended,138,78.9,10,17.9,Gift Voucher
EVT02462,EMP154,Finance,14-09-2025,Creative Workshop,Creative,Wellness Month,Skipped,138,78.9,0,7.9,Gift Voucher
EVT02463,EMP235,Sales,14-09-2025,Creative Workshop,Creative,Employee Engagement Drive,Attended,138,78.9,10,17.9,Gift Voucher
EVT02464,EMP116,Marketing,14-09-2025,Creative Workshop,Creative,Mental Health Awareness Campaign,Attended,138,78.9,10,17.9,Gift Voucher
EVT02465,EMP159,Finance,14-09-2025,Creative Workshop,Creative,Wellness Month,Skipped,138,78.9,0,7.9,Gift Voucher
EVT02466,EMP146,Finance,14-09-2025,Creative Workshop,Creative,Employee Engagement Drive,Attended,138,78.9,10,17.9,Gift Voucher
EVT02467,EMP055,Tech,14-09-2025,Creative Workshop,Creative,Wellness Month,Skipped,138,78.9,0,7.9,Gift Voucher
EVT02468,EMP216,Sales,14-09-2025,Creative Workshop,Creative,Wellness Month,Attended,138,78.9,10,17.9,Gift Voucher
EVT02469,EMP001,Tech,14-09-2025,Creative Workshop,Creative,Healthy Workforce Initiative,Attended,138,78.9,10,17.9,Gift Voucher
EVT02470,EMP196,Operations,14-09-2025,Creative Workshop,Creative,Mental Health Awareness Campaign,Attended,138,78.9,10,17.9,Gift Voucher
EVT02471,EMP115,Marketing,14-09-2025,Creative Workshop,Creative,Wellness Month,Attended,138,78.9,10,17.9,Gift Voucher
EVT02472,EMP089,HR,14-09-2025,Creative Workshop,Creative,Employee Engagement Drive,Attended,138,78.9,10,17.9,Gift Voucher
EVT02473,EMP204,Operations,14-09-2025,Creative Workshop,Creative,Mental Health Awareness Campaign,Attended,138,78.9,10,17.9,Gift Voucher
EVT02474,EMP148,Finance,14-09-2025,Creative Workshop,Creative,Mental Health Awareness Campaign,Skipped,138,78.9,0,7.9,Gift Voucher
EVT02475,EMP025,Tech,14-09-2025,Creative Workshop,Creative,Mental Health Awareness Campaign,Attended,138,78.9,10,17.9,Gift Voucher
EVT02476,EMP046,Tech,14-09-2025,Creative Workshop,Creative,Employee Engagement Drive,Attended,138,78.9,10,17.9,Gift Voucher
EVT02477,EMP052,Tech,14-09-2025,Creative Workshop,Creative,Mental Health Awareness Campaign,Skipped,138,78.9,0,7.9,Gift Voucher
EVT02478,EMP066,Tech,14-09-2025,Creative Workshop,Creative,Mental Health Awareness Campaign,Attended,138,78.9,10,17.9,Gift Voucher
EVT02479,EMP242,Sales,14-09-2025,Creative Workshop,Creative,Wellness Month,Attended,138,78.9,10,17.9,Gift Voucher
EVT02480,EMP088,HR,14-09-2025,Creative Workshop,Creative,Employee Engagement Drive,Skipped,138,78.9,0,7.9,Gift Voucher
EVT02481,EMP231,Sales,14-09-2025,Creative Workshop,Creative,Wellness Month,Attended,138,78.9,10,17.9,Gift Voucher
EVT02482,EMP051,Tech,14-09-2025,Creative Workshop,Creative,Wellness Month,Attended,138,78.9,10,17.9,Gift Voucher
EVT02483,EMP184,Operations,14-09-2025,Creative Workshop,Creative,Wellness Month,Attended,138,78.9,10,17.9,Gift Voucher
EVT02484,EMP133,Marketing,14-09-2025,Creative Workshop,Creative,Employee Engagement Drive,Attended,138,78.9,10,17.9,Gift Voucher
EVT02485,EMP185,Operations,14-09-2025,Creative Workshop,Creative,Healthy Workforce Initiative,Attended,138,78.9,10,17.9,Gift Voucher
EVT02486,EMP125,Marketing,14-09-2025,Creative Workshop,Creative,Mental Health Awareness Campaign,Attended,138,78.9,10,17.9,Gift Voucher
EVT02487,EMP069,Tech,14-09-2025,Creative Workshop,Creative,Employee Engagement Drive,Attended,138,78.9,10,17.9,Gift Voucher
EVT02488,EMP109,Marketing,14-09-2025,Creative Workshop,Creative,Healthy Workforce Initiative,Attended,138,78.9,10,17.9,Gift Voucher
EVT02489,EMP064,Tech,14-09-2025,Creative Workshop,Creative,Employee Engagement Drive,Skipped,138,78.9,0,7.9,Gift Voucher
EVT02490,EMP123,Marketing,14-09-2025,Creative Workshop,Creative,Healthy Workforce Initiative,Attended,138,78.9,10,17.9,Gift Voucher
EVT02491,EMP217,Sales,14-09-2025,Creative Workshop,Creative,Healthy Workforce Initiative,Attended,138,78.9,10,17.9,Gift Voucher
EVT02492,EMP022,Tech,14-09-2025,Creative Workshop,Creative,Mental Health Awareness Campaign,Attended,138,78.9,10,17.9,Gift Voucher
EVT02493,EMP101,Marketing,14-09-2025,Creative Workshop,Creative,Healthy Workforce Initiative,Attended,138,78.9,10,17.9,Gift Voucher
EVT02494,EMP041,Tech,14-09-2025,Creative Workshop,Creative,Mental Health Awareness Campaign,Attended,138,78.9,10,17.9,Gift Voucher
EVT02495,EMP081,HR,14-09-2025,Creative Workshop,Creative,Mental Health Awareness Campaign,Skipped,138,78.9,0,7.9,Gift Voucher
EVT02496,EMP199,Operations,14-09-2025,Creative Workshop,Creative,Healthy Workforce Initiative,Skipped,138,78.9,0,7.9,Gift Voucher
EVT02497,EMP129,Marketing,14-09-2025,Creative Workshop,Creative,Employee Engagement Drive,Attended,138,78.9,10,17.9,Gift Voucher
EVT02498,EMP229,Sales,14-09-2025,Creative Workshop,Creative,Healthy Workforce Initiative,Attended,138,78.9,10,17.9,Gift Voucher
EVT02499,EMP130,Marketing,14-09-2025,Creative Workshop,Creative,Healthy Workforce Initiative,Attended,138,78.9,10,17.9,Gift Voucher
EVT02500,EMP173,Operations,14-09-2025,Creative Workshop,Creative,Mental Health Awareness Campaign,Skipped,138,78.9,0,7.9,Gift Voucher
EVT02501,EMP237,Sales,14-09-2025,Creative Workshop,Creative,Healthy Workforce Initiative,Skipped,138,78.9,0,7.9,Gift Voucher
EVT02502,EMP020,Tech,14-09-2025,Creative Workshop,Creative,Mental Health Awareness Campaign,Skipped,138,78.9,0,7.9,Gift Voucher
EVT02503,EMP118,Marketing,14-09-2025,Creative Workshop,Creative,Mental Health Awareness Campaign,Attended,138,78.9,10,17.9,Gift Voucher
EVT02504,EMP176,Operations,14-09-2025,Creative Workshop,Creative,Mental Health Awareness Campaign,Attended,138,78.9,10,17.9,Gift Voucher
EVT02505,EMP211,Sales,14-09-2025,Creative Workshop,Creative,Wellness Month,Attended,138,78.9,10,17.9,Gift Voucher
EVT02506,EMP191,Operations,14-09-2025,Creative Workshop,Creative,Employee Engagement Drive,Attended,138,78.9,10,17.9,Gift Voucher
EVT02507,EMP214,Sales,14-09-2025,Creative Workshop,Creative,Healthy Workforce Initiative,Skipped,138,78.9,0,7.9,Gift Voucher
EVT02508,EMP120,Marketing,14-09-2025,Creative Workshop,Creative,Mental Health Awareness Campaign,Attended,138,78.9,10,17.9,Gift Voucher
EVT02509,EMP160,Finance,14-09-2025,Creative Workshop,Creative,Wellness Month,Attended,138,78.9,10,17.9,Gift Voucher
EVT02510,EMP018,Tech,14-09-2025,Creative Workshop,Creative,Healthy Workforce Initiative,Attended,138,78.9,10,17.9,Gift Voucher
EVT02511,EMP145,Finance,14-09-2025,Creative Workshop,Creative,Wellness Month,Attended,138,78.9,10,17.9,Gift Voucher
EVT02512,EMP138,Marketing,14-09-2025,Creative Workshop,Creative,Mental Health Awareness Campaign,Skipped,138,78.9,0,7.9,Gift Voucher
EVT02513,EMP147,Finance,14-09-2025,Creative Workshop,Creative,Healthy Workforce Initiative,Skipped,138,78.9,0,7.9,Gift Voucher
EVT02514,EMP189,Operations,14-09-2025,Creative Workshop,Creative,Wellness Month,Skipped,138,78.9,0,7.9,Gift Voucher
EVT02515,EMP174,Operations,14-09-2025,Creative Workshop,Creative,Wellness Month,Attended,138,78.9,10,17.9,Gift Voucher
EVT02516,EMP024,Tech,14-09-2025,Creative Workshop,Creative,Mental Health Awareness Campaign,Attended,138,78.9,10,17.9,Gift Voucher
EVT02517,EMP090,HR,14-09-2025,Creative Workshop,Creative,Employee Engagement Drive,Skipped,138,78.9,0,7.9,Gift Voucher
EVT02518,EMP167,Operations,14-09-2025,Creative Workshop,Creative,Healthy Workforce Initiative,Attended,138,78.9,10,17.9,Gift Voucher
EVT02519,EMP032,Tech,14-09-2025,Creative Workshop,Creative,Employee Engagement Drive,Skipped,138,78.9,0,7.9,Gift Voucher
EVT02520,EMP106,Marketing,14-09-2025,Creative Workshop,Creative,Wellness Month,Attended,138,78.9,10,17.9,Gift Voucher
EVT02521,EMP227,Sales,14-09-2025,Creative Workshop,Creative,Mental Health Awareness Campaign,Attended,138,78.9,10,17.9,Gift Voucher
EVT02522,EMP047,Tech,14-09-2025,Creative Workshop,Creative,Wellness Month,Attended,138,78.9,10,17.9,Gift Voucher
EVT02523,EMP200,Operations,14-09-2025,Creative Workshop,Creative,Employee Engagement Drive,Attended,138,78.9,10,17.9,Gift Voucher
EVT02524,EMP059,Tech,14-09-2025,Creative Workshop,Creative,Mental Health Awareness Campaign,Attended,138,78.9,10,17.9,Gift Voucher
EVT02525,EMP208,Operations,14-09-2025,Creative Workshop,Creative,Wellness Month,Attended,138,78.9,10,17.9,Gift Voucher
EVT02526,EMP137,Marketing,14-09-2025,Creative Workshop,Creative,Healthy Workforce Initiative,Attended,138,78.9,10,17.9,Gift Voucher
EVT02527,EMP158,Finance,14-09-2025,Creative Workshop,Creative,Healthy Workforce Initiative,Attended,138,78.9,10,17.9,Gift Voucher
EVT02528,EMP203,Operations,14-09-2025,Creative Workshop,Creative,Wellness Month,Attended,138,78.9,10,17.9,Gift Voucher
EVT02529,EMP102,Marketing,14-09-2025,Creative Workshop,Creative,Mental Health Awareness Campaign,Skipped,138,78.9,0,7.9,Gift Voucher
EVT02530,EMP178,Operations,14-09-2025,Creative Workshop,Creative,Wellness Month,Attended,138,78.9,10,17.9,Gift Voucher
EVT02531,EMP103,Marketing,14-09-2025,Creative Workshop,Creative,Healthy Workforce Initiative,Attended,138,78.9,10,17.9,Gift Voucher
EVT02532,EMP117,Marketing,17-09-2025,Digital Detox Week,Work-Life,Mental Health Awareness Campaign,Attended,166,94.9,15,24.5,Wellness Kit
EVT02533,EMP121,Marketing,17-09-2025,Digital Detox Week,Work-Life,Healthy Workforce Initiative,Attended,166,94.9,15,24.5,Wellness Kit
EVT02534,EMP162,Finance,17-09-2025,Digital Detox Week,Work-Life,Healthy Workforce Initiative,Attended,166,94.9,15,24.5,Wellness Kit
EVT02535,EMP022,Tech,17-09-2025,Digital Detox Week,Work-Life,Healthy Workforce Initiative,Skipped,166,94.9,0,9.5,Gift Voucher
EVT02536,EMP050,Tech,17-09-2025,Digital Detox Week,Work-Life,Mental Health Awareness Campaign,Attended,166,94.9,15,24.5,Wellness Kit
EVT02537,EMP239,Sales,17-09-2025,Digital Detox Week,Work-Life,Healthy Workforce Initiative,Skipped,166,94.9,0,9.5,Gift Voucher
EVT02538,EMP189,Operations,17-09-2025,Digital Detox Week,Work-Life,Mental Health Awareness Campaign,Attended,166,94.9,15,24.5,Wellness Kit
EVT02539,EMP112,Marketing,17-09-2025,Digital Detox Week,Work-Life,Wellness Month,Skipped,166,94.9,0,9.5,Gift Voucher
EVT02540,EMP241,Sales,17-09-2025,Digital Detox Week,Work-Life,Wellness Month,Attended,166,94.9,15,24.5,Wellness Kit
EVT02541,EMP007,Tech,17-09-2025,Digital Detox Week,Work-Life,Mental Health Awareness Campaign,Attended,166,94.9,15,24.5,Wellness Kit
EVT02542,EMP006,Tech,17-09-2025,Digital Detox Week,Work-Life,Healthy Workforce Initiative,Skipped,166,94.9,0,9.5,Gift Voucher
EVT02543,EMP243,Sales,17-09-2025,Digital Detox Week,Work-Life,Mental Health Awareness Campaign,Attended,166,94.9,15,24.5,Wellness Kit
EVT02544,EMP001,Tech,17-09-2025,Digital Detox Week,Work-Life,Employee Engagement Drive,Attended,166,94.9,15,24.5,Wellness Kit
EVT02545,EMP179,Operations,17-09-2025,Digital Detox Week,Work-Life,Wellness Month,Skipped,166,94.9,0,9.5,Gift Voucher
EVT02546,EMP222,Sales,17-09-2025,Digital Detox Week,Work-Life,Healthy Workforce Initiative,Skipped,166,94.9,0,9.5,Gift Voucher
EVT02547,EMP072,HR,17-09-2025,Digital Detox Week,Work-Life,Wellness Month,Attended,166,94.9,15,24.5,Wellness Kit
EVT02548,EMP183,Operations,17-09-2025,Digital Detox Week,Work-Life,Mental Health Awareness Campaign,Attended,166,94.9,15,24.5,Wellness Kit
EVT02549,EMP100,HR,17-09-2025,Digital Detox Week,Work-Life,Healthy Workforce Initiative,Attended,166,94.9,15,24.5,Wellness Kit
EVT02550,EMP041,Tech,17-09-2025,Digital Detox Week,Work-Life,Employee Engagement Drive,Attended,166,94.9,15,24.5,Wellness Kit
EVT02551,EMP018,Tech,17-09-2025,Digital Detox Week,Work-Life,Wellness Month,Attended,166,94.9,15,24.5,Wellness Kit
EVT02552,EMP246,Sales,17-09-2025,Digital Detox Week,Work-Life,Healthy Workforce Initiative,Attended,166,94.9,15,24.5,Wellness Kit
EVT02553,EMP146,Finance,17-09-2025,Digital Detox Week,Work-Life,Healthy Workforce Initiative,Attended,166,94.9,15,24.5,Wellness Kit
EVT02554,EMP070,Tech,17-09-2025,Digital Detox Week,Work-Life,Wellness Month,Attended,166,94.9,15,24.5,Wellness Kit
EVT02555,EMP081,HR,17-09-2025,Digital Detox Week,Work-Life,Mental Health Awareness Campaign,Attended,166,94.9,15,24.5,Wellness Kit
EVT02556,EMP017,Tech,17-09-2025,Digital Detox Week,Work-Life,Employee Engagement Drive,Attended,166,94.9,15,24.5,Wellness Kit
EVT02557,EMP247,Sales,17-09-2025,Digital Detox Week,Work-Life,Wellness Month,Attended,166,94.9,15,24.5,Wellness Kit
EVT02558,EMP210,Operations,17-09-2025,Digital Detox Week,Work-Life,Healthy Workforce Initiative,Skipped,166,94.9,0,9.5,Gift Voucher
EVT02559,EMP080,HR,17-09-2025,Digital Detox Week,Work-Life,Wellness Month,Skipped,166,94.9,0,9.5,Gift Voucher
EVT02560,EMP077,HR,17-09-2025,Digital Detox Week,Work-Life,Employee Engagement Drive,Attended,166,94.9,15,24.5,Wellness Kit
EVT02561,EMP174,Operations,17-09-2025,Digital Detox Week,Work-Life,Mental Health Awareness Campaign,Attended,166,94.9,15,24.5,Wellness Kit
EVT02562,EMP037,Tech,17-09-2025,Digital Detox Week,Work-Life,Healthy Workforce Initiative,Attended,166,94.9,15,24.5,Wellness Kit
EVT02563,EMP144,Finance,17-09-2025,Digital Detox Week,Work-Life,Employee Engagement Drive,Skipped,166,94.9,0,9.5,Gift Voucher
EVT02564,EMP061,Tech,17-09-2025,Digital Detox Week,Work-Life,Wellness Month,Attended,166,94.9,15,24.5,Wellness Kit
EVT02565,EMP199,Operations,17-09-2025,Digital Detox Week,Work-Life,Wellness Month,Skipped,166,94.9,0,9.5,Gift Voucher
EVT02566,EMP148,Finance,17-09-2025,Digital Detox Week,Work-Life,Mental Health Awareness Campaign,Attended,166,94.9,15,24.5,Wellness Kit
EVT02567,EMP230,Sales,17-09-2025,Digital Detox Week,Work-Life,Mental Health Awareness Campaign,Attended,166,94.9,15,24.5,Wellness Kit
EVT02568,EMP126,Marketing,17-09-2025,Digital Detox Week,Work-Life,Healthy Workforce Initiative,Attended,166,94.9,15,24.5,Wellness Kit
EVT02569,EMP175,Operations,17-09-2025,Digital Detox Week,Work-Life,Mental Health Awareness Campaign,Attended,166,94.9,15,24.5,Wellness Kit
EVT02570,EMP012,Tech,17-09-2025,Digital Detox Week,Work-Life,Employee Engagement Drive,Attended,166,94.9,15,24.5,Wellness Kit
EVT02571,EMP248,Sales,17-09-2025,Digital Detox Week,Work-Life,Employee Engagement Drive,Attended,166,94.9,15,24.5,Wellness Kit
EVT02572,EMP136,Marketing,17-09-2025,Digital Detox Week,Work-Life,Employee Engagement Drive,Skipped,166,94.9,0,9.5,Gift Voucher
EVT02573,EMP067,Tech,17-09-2025,Digital Detox Week,Work-Life,Mental Health Awareness Campaign,Skipped,166,94.9,0,9.5,Gift Voucher
EVT02574,EMP074,HR,17-09-2025,Digital Detox Week,Work-Life,Wellness Month,Attended,166,94.9,15,24.5,Wellness Kit
EVT02575,EMP180,Operations,17-09-2025,Digital Detox Week,Work-Life,Employee Engagement Drive,Skipped,166,94.9,0,9.5,Gift Voucher
EVT02576,EMP129,Marketing,17-09-2025,Digital Detox Week,Work-Life,Healthy Workforce Initiative,Attended,166,94.9,15,24.5,Wellness Kit
EVT02577,EMP235,Sales,17-09-2025,Digital Detox Week,Work-Life,Employee Engagement Drive,Attended,166,94.9,15,24.5,Wellness Kit
EVT02578,EMP201,Operations,17-09-2025,Digital Detox Week,Work-Life,Healthy Workforce Initiative,Attended,166,94.9,15,24.5,Wellness Kit
EVT02579,EMP164,Finance,17-09-2025,Digital Detox Week,Work-Life,Employee Engagement Drive,Attended,166,94.9,15,24.5,Wellness Kit
EVT02580,EMP020,Tech,17-09-2025,Digital Detox Week,Work-Life,Mental Health Awareness Campaign,Attended,166,94.9,15,24.5,Wellness Kit
EVT02581,EMP106,Marketing,17-09-2025,Digital Detox Week,Work-Life,Employee Engagement Drive,Attended,166,94.9,15,24.5,Wellness Kit
EVT02582,EMP059,Tech,17-09-2025,Digital Detox Week,Work-Life,Employee Engagement Drive,Attended,166,94.9,15,24.5,Wellness Kit
EVT02583,EMP060,Tech,17-09-2025,Digital Detox Week,Work-Life,Healthy Workforce Initiative,Attended,166,94.9,15,24.5,Wellness Kit
EVT02584,EMP142,Finance,17-09-2025,Digital Detox Week,Work-Life,Wellness Month,Attended,166,94.9,15,24.5,Wellness Kit
EVT02585,EMP108,Marketing,17-09-2025,Digital Detox Week,Work-Life,Healthy Workforce Initiative,Attended,166,94.9,15,24.5,Wellness Kit
EVT02586,EMP110,Marketing,17-09-2025,Digital Detox Week,Work-Life,Mental Health Awareness Campaign,Skipped,166,94.9,0,9.5,Gift Voucher
EVT02587,EMP137,Marketing,17-09-2025,Digital Detox Week,Work-Life,Wellness Month,Attended,166,94.9,15,24.5,Wellness Kit
EVT02588,EMP149,Finance,17-09-2025,Digital Detox Week,Work-Life,Employee Engagement Drive,Skipped,166,94.9,0,9.5,Gift Voucher
EVT02589,EMP156,Finance,17-09-2025,Digital Detox Week,Work-Life,Employee Engagement Drive,Attended,166,94.9,15,24.5,Wellness Kit
EVT02590,EMP176,Operations,17-09-2025,Digital Detox Week,Work-Life,Healthy Workforce Initiative,Attended,166,94.9,15,24.5,Wellness Kit
EVT02591,EMP158,Finance,17-09-2025,Digital Detox Week,Work-Life,Employee Engagement Drive,Skipped,166,94.9,0,9.5,Gift Voucher
EVT02592,EMP250,Sales,17-09-2025,Digital Detox Week,Work-Life,Mental Health Awareness Campaign,Attended,166,94.9,15,24.5,Wellness Kit
EVT02593,EMP109,Marketing,17-09-2025,Digital Detox Week,Work-Life,Employee Engagement Drive,Skipped,166,94.9,0,9.5,Gift Voucher
EVT02594,EMP233,Sales,17-09-2025,Digital Detox Week,Work-Life,Employee Engagement Drive,Attended,166,94.9,15,24.5,Wellness Kit
EVT02595,EMP172,Operations,17-09-2025,Digital Detox Week,Work-Life,Wellness Month,Attended,166,94.9,15,24.5,Wellness Kit
EVT02596,EMP062,Tech,17-09-2025,Digital Detox Week,Work-Life,Mental Health Awareness Campaign,Attended,166,94.9,15,24.5,Wellness Kit
EVT02597,EMP029,Tech,17-09-2025,Digital Detox Week,Work-Life,Healthy Workforce Initiative,Attended,166,94.9,15,24.5,Wellness Kit
EVT02598,EMP049,Tech,17-09-2025,Digital Detox Week,Work-Life,Healthy Workforce Initiative,Skipped,166,94.9,0,9.5,Gift Voucher
EVT02599,EMP045,Tech,17-09-2025,Digital Detox Week,Work-Life,Mental Health Awareness Campaign,Skipped,166,94.9,0,9.5,Gift Voucher
EVT02600,EMP026,Tech,17-09-2025,Digital Detox Week,Work-Life,Wellness Month,Skipped,166,94.9,0,9.5,Gift Voucher
EVT02601,EMP153,Finance,17-09-2025,Digital Detox Week,Work-Life,Healthy Workforce Initiative,Attended,166,94.9,15,24.5,Wellness Kit
EVT02602,EMP193,Operations,17-09-2025,Digital Detox Week,Work-Life,Wellness Month,Attended,166,94.9,15,24.5,Wellness Kit
EVT02603,EMP016,Tech,17-09-2025,Digital Detox Week,Work-Life,Healthy Workforce Initiative,Attended,166,94.9,15,24.5,Wellness Kit
EVT02604,EMP124,Marketing,17-09-2025,Digital Detox Week,Work-Life,Wellness Month,Attended,166,94.9,15,24.5,Wellness Kit
EVT02605,EMP132,Marketing,17-09-2025,Digital Detox Week,Work-Life,Wellness Month,Attended,166,94.9,15,24.5,Wellness Kit
EVT02606,EMP102,Marketing,17-09-2025,Digital Detox Week,Work-Life,Mental Health Awareness Campaign,Skipped,166,94.9,0,9.5,Gift Voucher
EVT02607,EMP084,HR,17-09-2025,Digital Detox Week,Work-Life,Mental Health Awareness Campaign,Skipped,166,94.9,0,9.5,Gift Voucher
EVT02608,EMP152,Finance,17-09-2025,Digital Detox Week,Work-Life,Employee Engagement Drive,Attended,166,94.9,15,24.5,Wellness Kit
EVT02609,EMP123,Marketing,17-09-2025,Digital Detox Week,Work-Life,Wellness Month,Attended,166,94.9,15,24.5,Wellness Kit
EVT02610,EMP027,Tech,17-09-2025,Digital Detox Week,Work-Life,Wellness Month,Attended,166,94.9,15,24.5,Wellness Kit
EVT02611,EMP096,HR,17-09-2025,Digital Detox Week,Work-Life,Employee Engagement Drive,Skipped,166,94.9,0,9.5,Gift Voucher
EVT02612,EMP165,Finance,17-09-2025,Digital Detox Week,Work-Life,Wellness Month,Attended,166,94.9,15,24.5,Wellness Kit
EVT02613,EMP010,Tech,17-09-2025,Digital Detox Week,Work-Life,Healthy Workforce Initiative,Attended,166,94.9,15,24.5,Wellness Kit
EVT02614,EMP099,HR,17-09-2025,Digital Detox Week,Work-Life,Mental Health Awareness Campaign,Attended,166,94.9,15,24.5,Wellness Kit
EVT02615,EMP091,HR,17-09-2025,Digital Detox Week,Work-Life,Mental Health Awareness Campaign,Attended,166,94.9,15,24.5,Wellness Kit
EVT02616,EMP184,Operations,17-09-2025,Digital Detox Week,Work-Life,Healthy Workforce Initiative,Skipped,166,94.9,0,9.5,Gift Voucher
EVT02617,EMP120,Marketing,17-09-2025,Digital Detox Week,Work-Life,Mental Health Awareness Campaign,Skipped,166,94.9,0,9.5,Gift Voucher
EVT02618,EMP104,Marketing,17-09-2025,Digital Detox Week,Work-Life,Mental Health Awareness Campaign,Attended,166,94.9,15,24.5,Wellness Kit
EVT02619,EMP160,Finance,17-09-2025,Digital Detox Week,Work-Life,Healthy Workforce Initiative,Attended,166,94.9,15,24.5,Wellness Kit
EVT02620,EMP178,Operations,17-09-2025,Digital Detox Week,Work-Life,Employee Engagement Drive,Attended,166,94.9,15,24.5,Wellness Kit
EVT02621,EMP090,HR,17-09-2025,Digital Detox Week,Work-Life,Mental Health Awareness Campaign,Attended,166,94.9,15,24.5,Wellness Kit
EVT02622,EMP228,Sales,17-09-2025,Digital Detox Week,Work-Life,Employee Engagement Drive,Skipped,166,94.9,0,9.5,Gift Voucher
EVT02623,EMP056,Tech,17-09-2025,Digital Detox Week,Work-Life,Wellness Month,Attended,166,94.9,15,24.5,Wellness Kit
EVT02624,EMP088,HR,17-09-2025,Digital Detox Week,Work-Life,Healthy Workforce Initiative,Attended,166,94.9,15,24.5,Wellness Kit
EVT02625,EMP196,Operations,17-09-2025,Digital Detox Week,Work-Life,Wellness Month,Attended,166,94.9,15,24.5,Wellness Kit
EVT02626,EMP238,Sales,17-09-2025,Digital Detox Week,Work-Life,Employee Engagement Drive,Attended,166,94.9,15,24.5,Wellness Kit
EVT02627,EMP052,Tech,17-09-2025,Digital Detox Week,Work-Life,Wellness Month,Attended,166,94.9,15,24.5,Wellness Kit
EVT02628,EMP234,Sales,17-09-2025,Digital Detox Week,Work-Life,Mental Health Awareness Campaign,Attended,166,94.9,15,24.5,Wellness Kit
EVT02629,EMP242,Sales,17-09-2025,Digital Detox Week,Work-Life,Mental Health Awareness Campaign,Attended,166,94.9,15,24.5,Wellness Kit
EVT02630,EMP212,Sales,17-09-2025,Digital Detox Week,Work-Life,Wellness Month,Attended,166,94.9,15,24.5,Wellness Kit
EVT02631,EMP014,Tech,17-09-2025,Digital Detox Week,Work-Life,Healthy Workforce Initiative,Skipped,166,94.9,0,9.5,Gift Voucher
EVT02632,EMP216,Sales,17-09-2025,Digital Detox Week,Work-Life,Employee Engagement Drive,Attended,166,94.9,15,24.5,Wellness Kit
EVT02633,EMP171,Operations,17-09-2025,Digital Detox Week,Work-Life,Mental Health Awareness Campaign,Attended,166,94.9,15,24.5,Wellness Kit
EVT02634,EMP134,Marketing,17-09-2025,Digital Detox Week,Work-Life,Healthy Workforce Initiative,Attended,166,94.9,15,24.5,Wellness Kit
EVT02635,EMP066,Tech,17-09-2025,Digital Detox Week,Work-Life,Mental Health Awareness Campaign,Attended,166,94.9,15,24.5,Wellness Kit
EVT02636,EMP219,Sales,17-09-2025,Digital Detox Week,Work-Life,Employee Engagement Drive,Skipped,166,94.9,0,9.5,Gift Voucher
EVT02637,EMP185,Operations,17-09-2025,Digital Detox Week,Work-Life,Employee Engagement Drive,Attended,166,94.9,15,24.5,Wellness Kit
EVT02638,EMP197,Operations,17-09-2025,Digital Detox Week,Work-Life,Wellness Month,Attended,166,94.9,15,24.5,Wellness Kit
EVT02639,EMP093,HR,17-09-2025,Digital Detox Week,Work-Life,Healthy Workforce Initiative,Attended,166,94.9,15,24.5,Wellness Kit
EVT02640,EMP138,Marketing,17-09-2025,Digital Detox Week,Work-Life,Mental Health Awareness Campaign,Attended,166,94.9,15,24.5,Wellness Kit
EVT02641,EMP019,Tech,17-09-2025,Digital Detox Week,Work-Life,Healthy Workforce Initiative,Attended,166,94.9,15,24.5,Wellness Kit
EVT02642,EMP047,Tech,17-09-2025,Digital Detox Week,Work-Life,Wellness Month,Attended,166,94.9,15,24.5,Wellness Kit
EVT02643,EMP217,Sales,17-09-2025,Digital Detox Week,Work-Life,Employee Engagement Drive,Attended,166,94.9,15,24.5,Wellness Kit
EVT02644,EMP204,Operations,17-09-2025,Digital Detox Week,Work-Life,Employee Engagement Drive,Attended,166,94.9,15,24.5,Wellness Kit
EVT02645,EMP057,Tech,17-09-2025,Digital Detox Week,Work-Life,Employee Engagement Drive,Skipped,166,94.9,0,9.5,Gift Voucher
EVT02646,EMP039,Tech,17-09-2025,Digital Detox Week,Work-Life,Wellness Month,Skipped,166,94.9,0,9.5,Gift Voucher
EVT02647,EMP097,HR,17-09-2025,Digital Detox Week,Work-Life,Healthy Workforce Initiative,Attended,166,94.9,15,24.5,Wellness Kit
EVT02648,EMP214,Sales,17-09-2025,Digital Detox Week,Work-Life,Healthy Workforce Initiative,Attended,166,94.9,15,24.5,Wellness Kit
EVT02649,EMP182,Operations,17-09-2025,Digital Detox Week,Work-Life,Healthy Workforce Initiative,Skipped,166,94.9,0,9.5,Gift Voucher
EVT02650,EMP078,HR,17-09-2025,Digital Detox Week,Work-Life,Employee Engagement Drive,Skipped,166,94.9,0,9.5,Gift Voucher
EVT02651,EMP071,HR,17-09-2025,Digital Detox Week,Work-Life,Healthy Workforce Initiative,Skipped,166,94.9,0,9.5,Gift Voucher
EVT02652,EMP011,Tech,17-09-2025,Digital Detox Week,Work-Life,Healthy Workforce Initiative,Skipped,166,94.9,0,9.5,Gift Voucher
EVT02653,EMP229,Sales,17-09-2025,Digital Detox Week,Work-Life,Mental Health Awareness Campaign,Skipped,166,94.9,0,9.5,Gift Voucher
EVT02654,EMP069,Tech,17-09-2025,Digital Detox Week,Work-Life,Healthy Workforce Initiative,Attended,166,94.9,15,24.5,Wellness Kit
EVT02655,EMP166,Operations,17-09-2025,Digital Detox Week,Work-Life,Healthy Workforce Initiative,Attended,166,94.9,15,24.5,Wellness Kit
EVT02656,EMP202,Operations,17-09-2025,Digital Detox Week,Work-Life,Employee Engagement Drive,Attended,166,94.9,15,24.5,Wellness Kit
EVT02657,EMP198,Operations,17-09-2025,Digital Detox Week,Work-Life,Employee Engagement Drive,Skipped,166,94.9,0,9.5,Gift Voucher
EVT02658,EMP004,Tech,17-09-2025,Digital Detox Week,Work-Life,Employee Engagement Drive,Attended,166,94.9,15,24.5,Wellness Kit
EVT02659,EMP048,Tech,17-09-2025,Digital Detox Week,Work-Life,Mental Health Awareness Campaign,Attended,166,94.9,15,24.5,Wellness Kit
EVT02660,EMP145,Finance,17-09-2025,Digital Detox Week,Work-Life,Wellness Month,Attended,166,94.9,15,24.5,Wellness Kit
EVT02661,EMP163,Finance,17-09-2025,Digital Detox Week,Work-Life,Wellness Month,Attended,166,94.9,15,24.5,Wellness Kit
EVT02662,EMP244,Sales,17-09-2025,Digital Detox Week,Work-Life,Healthy Workforce Initiative,Attended,166,94.9,15,24.5,Wellness Kit
EVT02663,EMP085,HR,17-09-2025,Digital Detox Week,Work-Life,Wellness Month,Attended,166,94.9,15,24.5,Wellness Kit
EVT02664,EMP035,Tech,17-09-2025,Digital Detox Week,Work-Life,Mental Health Awareness Campaign,Attended,166,94.9,15,24.5,Wellness Kit
EVT02665,EMP141,Finance,17-09-2025,Digital Detox Week,Work-Life,Wellness Month,Attended,166,94.9,15,24.5,Wellness Kit
EVT02666,EMP115,Marketing,17-09-2025,Digital Detox Week,Work-Life,Wellness Month,Attended,166,94.9,15,24.5,Wellness Kit
EVT02667,EMP220,Sales,17-09-2025,Digital Detox Week,Work-Life,Mental Health Awareness Campaign,Skipped,166,94.9,0,9.5,Gift Voucher
EVT02668,EMP223,Sales,17-09-2025,Digital Detox Week,Work-Life,Wellness Month,Attended,166,94.9,15,24.5,Wellness Kit
EVT02669,EMP191,Operations,17-09-2025,Digital Detox Week,Work-Life,Employee Engagement Drive,Skipped,166,94.9,0,9.5,Gift Voucher
EVT02670,EMP028,Tech,17-09-2025,Digital Detox Week,Work-Life,Employee Engagement Drive,Skipped,166,94.9,0,9.5,Gift Voucher
EVT02671,EMP200,Operations,17-09-2025,Digital Detox Week,Work-Life,Wellness Month,Skipped,166,94.9,0,9.5,Gift Voucher
EVT02672,EMP103,Marketing,17-09-2025,Digital Detox Week,Work-Life,Mental Health Awareness Campaign,Attended,166,94.9,15,24.5,Wellness Kit
EVT02673,EMP046,Tech,17-09-2025,Digital Detox Week,Work-Life,Employee Engagement Drive,Attended,166,94.9,15,24.5,Wellness Kit
EVT02674,EMP024,Tech,17-09-2025,Digital Detox Week,Work-Life,Wellness Month,Attended,166,94.9,15,24.5,Wellness Kit
EVT02675,EMP245,Sales,17-09-2025,Digital Detox Week,Work-Life,Mental Health Awareness Campaign,Attended,166,94.9,15,24.5,Wellness Kit
EVT02676,EMP068,Tech,17-09-2025,Digital Detox Week,Work-Life,Healthy Workforce Initiative,Skipped,166,94.9,0,9.5,Gift Voucher
EVT02677,EMP015,Tech,17-09-2025,Digital Detox Week,Work-Life,Healthy Workforce Initiative,Attended,166,94.9,15,24.5,Wellness Kit
EVT02678,EMP002,Tech,17-09-2025,Digital Detox Week,Work-Life,Wellness Month,Attended,166,94.9,15,24.5,Wellness Kit
EVT02679,EMP177,Operations,17-09-2025,Digital Detox Week,Work-Life,Employee Engagement Drive,Attended,166,94.9,15,24.5,Wellness Kit
EVT02680,EMP155,Finance,17-09-2025,Digital Detox Week,Work-Life,Employee Engagement Drive,Attended,166,94.9,15,24.5,Wellness Kit
EVT02681,EMP098,HR,17-09-2025,Digital Detox Week,Work-Life,Mental Health Awareness Campaign,Skipped,166,94.9,0,9.5,Gift Voucher
EVT02682,EMP151,Finance,17-09-2025,Digital Detox Week,Work-Life,Healthy Workforce Initiative,Attended,166,94.9,15,24.5,Wellness Kit
EVT02683,EMP167,Operations,17-09-2025,Digital Detox Week,Work-Life,Wellness Month,Attended,166,94.9,15,24.5,Wellness Kit
EVT02684,EMP021,Tech,17-09-2025,Digital Detox Week,Work-Life,Mental Health Awareness Campaign,Attended,166,94.9,15,24.5,Wellness Kit
EVT02685,EMP122,Marketing,17-09-2025,Digital Detox Week,Work-Life,Wellness Month,Attended,166,94.9,15,24.5,Wellness Kit
EVT02686,EMP135,Marketing,17-09-2025,Digital Detox Week,Work-Life,Mental Health Awareness Campaign,Attended,166,94.9,15,24.5,Wellness Kit
EVT02687,EMP232,Sales,17-09-2025,Digital Detox Week,Work-Life,Healthy Workforce Initiative,Attended,166,94.9,15,24.5,Wellness Kit
EVT02688,EMP186,Operations,17-09-2025,Digital Detox Week,Work-Life,Wellness Month,Skipped,166,94.9,0,9.5,Gift Voucher
EVT02689,EMP092,HR,17-09-2025,Digital Detox Week,Work-Life,Employee Engagement Drive,Attended,166,94.9,15,24.5,Wellness Kit
EVT02690,EMP154,Finance,17-09-2025,Digital Detox Week,Work-Life,Healthy Workforce Initiative,Attended,166,94.9,15,24.5,Wellness Kit
EVT02691,EMP036,Tech,17-09-2025,Digital Detox Week,Work-Life,Wellness Month,Attended,166,94.9,15,24.5,Wellness Kit
EVT02692,EMP095,HR,17-09-2025,Digital Detox Week,Work-Life,Healthy Workforce Initiative,Skipped,166,94.9,0,9.5,Gift Voucher
EVT02693,EMP005,Tech,17-09-2025,Digital Detox Week,Work-Life,Healthy Workforce Initiative,Attended,166,94.9,15,24.5,Wellness Kit
EVT02694,EMP236,Sales,17-09-2025,Digital Detox Week,Work-Life,Employee Engagement Drive,Attended,166,94.9,15,24.5,Wellness Kit
EVT02695,EMP130,Marketing,17-09-2025,Digital Detox Week,Work-Life,Healthy Workforce Initiative,Skipped,166,94.9,0,9.5,Gift Voucher
EVT02696,EMP030,Tech,17-09-2025,Digital Detox Week,Work-Life,Employee Engagement Drive,Attended,166,94.9,15,24.5,Wellness Kit
EVT02697,EMP058,Tech,17-09-2025,Digital Detox Week,Work-Life,Mental Health Awareness Campaign,Attended,166,94.9,15,24.5,Wellness Kit
EVT02698,EMP223,Sales,15-09-2025,Step Challenge,Fitness,Wellness Month,Attended,62,35.4,20,23.5,Wellness Kit
EVT02699,EMP122,Marketing,15-09-2025,Step Challenge,Fitness,Wellness Month,Skipped,62,35.4,0,3.5,Gift Voucher
EVT02700,EMP004,Tech,15-09-2025,Step Challenge,Fitness,Healthy Workforce Initiative,Attended,62,35.4,20,23.5,Wellness Kit
EVT02701,EMP094,HR,15-09-2025,Step Challenge,Fitness,Employee Engagement Drive,Skipped,62,35.4,0,3.5,Gift Voucher
EVT02702,EMP007,Tech,15-09-2025,Step Challenge,Fitness,Healthy Workforce Initiative,Attended,62,35.4,20,23.5,Wellness Kit
EVT02703,EMP089,HR,15-09-2025,Step Challenge,Fitness,Wellness Month,Attended,62,35.4,20,23.5,Wellness Kit
EVT02704,EMP041,Tech,15-09-2025,Step Challenge,Fitness,Employee Engagement Drive,Attended,62,35.4,20,23.5,Wellness Kit
EVT02705,EMP145,Finance,15-09-2025,Step Challenge,Fitness,Wellness Month,Skipped,62,35.4,0,3.5,Gift Voucher
EVT02706,EMP184,Operations,15-09-2025,Step Challenge,Fitness,Wellness Month,Attended,62,35.4,20,23.5,Wellness Kit
EVT02707,EMP148,Finance,15-09-2025,Step Challenge,Fitness,Mental Health Awareness Campaign,Skipped,62,35.4,0,3.5,Gift Voucher
EVT02708,EMP071,HR,15-09-2025,Step Challenge,Fitness,Wellness Month,Attended,62,35.4,20,23.5,Wellness Kit
EVT02709,EMP190,Operations,15-09-2025,Step Challenge,Fitness,Mental Health Awareness Campaign,Attended,62,35.4,20,23.5,Wellness Kit
EVT02710,EMP157,Finance,15-09-2025,Step Challenge,Fitness,Mental Health Awareness Campaign,Skipped,62,35.4,0,3.5,Gift Voucher
EVT02711,EMP186,Operations,15-09-2025,Step Challenge,Fitness,Healthy Workforce Initiative,Attended,62,35.4,20,23.5,Wellness Kit
EVT02712,EMP199,Operations,15-09-2025,Step Challenge,Fitness,Wellness Month,Attended,62,35.4,20,23.5,Wellness Kit
EVT02713,EMP187,Operations,15-09-2025,Step Challenge,Fitness,Employee Engagement Drive,Attended,62,35.4,20,23.5,Wellness Kit
EVT02714,EMP106,Marketing,15-09-2025,Step Challenge,Fitness,Wellness Month,Skipped,62,35.4,0,3.5,Gift Voucher
EVT02715,EMP156,Finance,15-09-2025,Step Challenge,Fitness,Mental Health Awareness Campaign,Attended,62,35.4,20,23.5,Wellness Kit
EVT02716,EMP064,Tech,15-09-2025,Step Challenge,Fitness,Employee Engagement Drive,Attended,62,35.4,20,23.5,Wellness Kit
EVT02717,EMP051,Tech,15-09-2025,Step Challenge,Fitness,Employee Engagement Drive,Skipped,62,35.4,0,3.5,Gift Voucher
EVT02718,EMP056,Tech,15-09-2025,Step Challenge,Fitness,Employee Engagement Drive,Attended,62,35.4,20,23.5,Wellness Kit
EVT02719,EMP027,Tech,15-09-2025,Step Challenge,Fitness,Mental Health Awareness Campaign,Attended,62,35.4,20,23.5,Wellness Kit
EVT02720,EMP011,Tech,15-09-2025,Step Challenge,Fitness,Employee Engagement Drive,Attended,62,35.4,20,23.5,Wellness Kit
EVT02721,EMP028,Tech,15-09-2025,Step Challenge,Fitness,Healthy Workforce Initiative,Attended,62,35.4,20,23.5,Wellness Kit
EVT02722,EMP168,Operations,15-09-2025,Step Challenge,Fitness,Mental Health Awareness Campaign,Attended,62,35.4,20,23.5,Wellness Kit
EVT02723,EMP102,Marketing,15-09-2025,Step Challenge,Fitness,Employee Engagement Drive,Attended,62,35.4,20,23.5,Wellness Kit
EVT02724,EMP181,Operations,15-09-2025,Step Challenge,Fitness,Employee Engagement Drive,Attended,62,35.4,20,23.5,Wellness Kit
EVT02725,EMP240,Sales,15-09-2025,Step Challenge,Fitness,Mental Health Awareness Campaign,Attended,62,35.4,20,23.5,Wellness Kit
EVT02726,EMP224,Sales,15-09-2025,Step Challenge,Fitness,Employee Engagement Drive,Attended,62,35.4,20,23.5,Wellness Kit
EVT02727,EMP140,Marketing,15-09-2025,Step Challenge,Fitness,Wellness Month,Attended,62,35.4,20,23.5,Wellness Kit
EVT02728,EMP229,Sales,15-09-2025,Step Challenge,Fitness,Mental Health Awareness Campaign,Attended,62,35.4,20,23.5,Wellness Kit
EVT02729,EMP043,Tech,15-09-2025,Step Challenge,Fitness,Healthy Workforce Initiative,Attended,62,35.4,20,23.5,Wellness Kit
EVT02730,EMP164,Finance,15-09-2025,Step Challenge,Fitness,Wellness Month,Attended,62,35.4,20,23.5,Wellness Kit
EVT02731,EMP063,Tech,15-09-2025,Step Challenge,Fitness,Employee Engagement Drive,Attended,62,35.4,20,23.5,Wellness Kit
EVT02732,EMP159,Finance,15-09-2025,Step Challenge,Fitness,Wellness Month,Skipped,62,35.4,0,3.5,Gift Voucher
EVT02733,EMP183,Operations,15-09-2025,Step Challenge,Fitness,Employee Engagement Drive,Skipped,62,35.4,0,3.5,Gift Voucher
EVT02734,EMP153,Finance,15-09-2025,Step Challenge,Fitness,Wellness Month,Attended,62,35.4,20,23.5,Wellness Kit
EVT02735,EMP030,Tech,15-09-2025,Step Challenge,Fitness,Healthy Workforce Initiative,Attended,62,35.4,20,23.5,Wellness Kit
EVT02736,EMP123,Marketing,15-09-2025,Step Challenge,Fitness,Wellness Month,Attended,62,35.4,20,23.5,Wellness Kit
EVT02737,EMP165,Finance,15-09-2025,Step Challenge,Fitness,Mental Health Awareness Campaign,Attended,62,35.4,20,23.5,Wellness Kit
EVT02738,EMP146,Finance,15-09-2025,Step Challenge,Fitness,Employee Engagement Drive,Skipped,62,35.4,0,3.5,Gift Voucher
EVT02739,EMP055,Tech,15-09-2025,Step Challenge,Fitness,Wellness Month,Attended,62,35.4,20,23.5,Wellness Kit
EVT02740,EMP130,Marketing,15-09-2025,Step Challenge,Fitness,Mental Health Awareness Campaign,Attended,62,35.4,20,23.5,Wellness Kit
EVT02741,EMP111,Marketing,15-09-2025,Step Challenge,Fitness,Wellness Month,Attended,62,35.4,20,23.5,Wellness Kit
EVT02742,EMP211,Sales,15-09-2025,Step Challenge,Fitness,Mental Health Awareness Campaign,Attended,62,35.4,20,23.5,Wellness Kit
EVT02743,EMP234,Sales,15-09-2025,Step Challenge,Fitness,Employee Engagement Drive,Attended,62,35.4,20,23.5,Wellness Kit
EVT02744,EMP059,Tech,15-09-2025,Step Challenge,Fitness,Mental Health Awareness Campaign,Attended,62,35.4,20,23.5,Wellness Kit
EVT02745,EMP126,Marketing,15-09-2025,Step Challenge,Fitness,Healthy Workforce Initiative,Attended,62,35.4,20,23.5,Wellness Kit
EVT02746,EMP103,Marketing,15-09-2025,Step Challenge,Fitness,Healthy Workforce Initiative,Skipped,62,35.4,0,3.5,Gift Voucher
EVT02747,EMP232,Sales,15-09-2025,Step Challenge,Fitness,Employee Engagement Drive,Attended,62,35.4,20,23.5,Wellness Kit
EVT02748,EMP250,Sales,15-09-2025,Step Challenge,Fitness,Mental Health Awareness Campaign,Attended,62,35.4,20,23.5,Wellness Kit
EVT02749,EMP117,Marketing,15-09-2025,Step Challenge,Fitness,Mental Health Awareness Campaign,Attended,62,35.4,20,23.5,Wellness Kit
EVT02750,EMP112,Marketing,15-09-2025,Step Challenge,Fitness,Healthy Workforce Initiative,Attended,62,35.4,20,23.5,Wellness Kit
EVT02751,EMP155,Finance,15-09-2025,Step Challenge,Fitness,Employee Engagement Drive,Attended,62,35.4,20,23.5,Wellness Kit
EVT02752,EMP001,Tech,15-09-2025,Step Challenge,Fitness,Mental Health Awareness Campaign,Skipped,62,35.4,0,3.5,Gift Voucher
EVT02753,EMP005,Tech,15-09-2025,Step Challenge,Fitness,Healthy Workforce Initiative,Attended,62,35.4,20,23.5,Wellness Kit
EVT02754,EMP185,Operations,15-09-2025,Step Challenge,Fitness,Mental Health Awareness Campaign,Attended,62,35.4,20,23.5,Wellness Kit
EVT02755,EMP118,Marketing,15-09-2025,Step Challenge,Fitness,Wellness Month,Attended,62,35.4,20,23.5,Wellness Kit
EVT02756,EMP247,Sales,15-09-2025,Step Challenge,Fitness,Employee Engagement Drive,Attended,62,35.4,20,23.5,Wellness Kit
EVT02757,EMP045,Tech,15-09-2025,Step Challenge,Fitness,Wellness Month,Skipped,62,35.4,0,3.5,Gift Voucher
EVT02758,EMP213,Sales,15-09-2025,Step Challenge,Fitness,Wellness Month,Attended,62,35.4,20,23.5,Wellness Kit
EVT02759,EMP152,Finance,15-09-2025,Step Challenge,Fitness,Employee Engagement Drive,Skipped,62,35.4,0,3.5,Gift Voucher
EVT02760,EMP084,HR,16-10-2025,Creative Workshop,Creative,Healthy Workforce Initiative,Attended,85,48.6,10,14.9,Gift Voucher
EVT02761,EMP029,Tech,16-10-2025,Creative Workshop,Creative,Wellness Month,Skipped,85,48.6,0,4.9,Gift Voucher
EVT02762,EMP198,Operations,16-10-2025,Creative Workshop,Creative,Healthy Workforce Initiative,Attended,85,48.6,10,14.9,Gift Voucher
EVT02763,EMP065,Tech,16-10-2025,Creative Workshop,Creative,Employee Engagement Drive,Attended,85,48.6,10,14.9,Gift Voucher
EVT02764,EMP164,Finance,16-10-2025,Creative Workshop,Creative,Healthy Workforce Initiative,Attended,85,48.6,10,14.9,Gift Voucher
EVT02765,EMP127,Marketing,16-10-2025,Creative Workshop,Creative,Mental Health Awareness Campaign,Attended,85,48.6,10,14.9,Gift Voucher
EVT02766,EMP071,HR,16-10-2025,Creative Workshop,Creative,Employee Engagement Drive,Skipped,85,48.6,0,4.9,Gift Voucher
EVT02767,EMP158,Finance,16-10-2025,Creative Workshop,Creative,Wellness Month,Skipped,85,48.6,0,4.9,Gift Voucher
EVT02768,EMP169,Operations,16-10-2025,Creative Workshop,Creative,Wellness Month,Attended,85,48.6,10,14.9,Gift Voucher
EVT02769,EMP153,Finance,16-10-2025,Creative Workshop,Creative,Wellness Month,Attended,85,48.6,10,14.9,Gift Voucher
EVT02770,EMP236,Sales,16-10-2025,Creative Workshop,Creative,Wellness Month,Skipped,85,48.6,0,4.9,Gift Voucher
EVT02771,EMP070,Tech,16-10-2025,Creative Workshop,Creative,Wellness Month,Attended,85,48.6,10,14.9,Gift Voucher
EVT02772,EMP040,Tech,16-10-2025,Creative Workshop,Creative,Wellness Month,Attended,85,48.6,10,14.9,Gift Voucher
EVT02773,EMP149,Finance,16-10-2025,Creative Workshop,Creative,Mental Health Awareness Campaign,Attended,85,48.6,10,14.9,Gift Voucher
EVT02774,EMP191,Operations,16-10-2025,Creative Workshop,Creative,Employee Engagement Drive,Attended,85,48.6,10,14.9,Gift Voucher
EVT02775,EMP080,HR,16-10-2025,Creative Workshop,Creative,Wellness Month,Attended,85,48.6,10,14.9,Gift Voucher
EVT02776,EMP201,Operations,16-10-2025,Creative Workshop,Creative,Wellness Month,Skipped,85,48.6,0,4.9,Gift Voucher
EVT02777,EMP243,Sales,16-10-2025,Creative Workshop,Creative,Wellness Month,Attended,85,48.6,10,14.9,Gift Voucher
EVT02778,EMP163,Finance,16-10-2025,Creative Workshop,Creative,Employee Engagement Drive,Attended,85,48.6,10,14.9,Gift Voucher
EVT02779,EMP060,Tech,16-10-2025,Creative Workshop,Creative,Wellness Month,Attended,85,48.6,10,14.9,Gift Voucher
EVT02780,EMP136,Marketing,16-10-2025,Creative Workshop,Creative,Healthy Workforce Initiative,Attended,85,48.6,10,14.9,Gift Voucher
EVT02781,EMP037,Tech,16-10-2025,Creative Workshop,Creative,Healthy Workforce Initiative,Attended,85,48.6,10,14.9,Gift Voucher
EVT02782,EMP172,Operations,16-10-2025,Creative Workshop,Creative,Wellness Month,Attended,85,48.6,10,14.9,Gift Voucher
EVT02783,EMP207,Operations,16-10-2025,Creative Workshop,Creative,Mental Health Awareness Campaign,Attended,85,48.6,10,14.9,Gift Voucher
EVT02784,EMP190,Operations,16-10-2025,Creative Workshop,Creative,Employee Engagement Drive,Attended,85,48.6,10,14.9,Gift Voucher
EVT02785,EMP242,Sales,16-10-2025,Creative Workshop,Creative,Mental Health Awareness Campaign,Skipped,85,48.6,0,4.9,Gift Voucher
EVT02786,EMP188,Operations,16-10-2025,Creative Workshop,Creative,Wellness Month,Skipped,85,48.6,0,4.9,Gift Voucher
EVT02787,EMP111,Marketing,16-10-2025,Creative Workshop,Creative,Mental Health Awareness Campaign,Attended,85,48.6,10,14.9,Gift Voucher
EVT02788,EMP200,Operations,16-10-2025,Creative Workshop,Creative,Employee Engagement Drive,Attended,85,48.6,10,14.9,Gift Voucher
EVT02789,EMP246,Sales,16-10-2025,Creative Workshop,Creative,Wellness Month,Attended,85,48.6,10,14.9,Gift Voucher
EVT02790,EMP001,Tech,16-10-2025,Creative Workshop,Creative,Wellness Month,Skipped,85,48.6,0,4.9,Gift Voucher
EVT02791,EMP214,Sales,16-10-2025,Creative Workshop,Creative,Healthy Workforce Initiative,Attended,85,48.6,10,14.9,Gift Voucher
EVT02792,EMP073,HR,16-10-2025,Creative Workshop,Creative,Healthy Workforce Initiative,Attended,85,48.6,10,14.9,Gift Voucher
EVT02793,EMP109,Marketing,16-10-2025,Creative Workshop,Creative,Mental Health Awareness Campaign,Attended,85,48.6,10,14.9,Gift Voucher
EVT02794,EMP030,Tech,16-10-2025,Creative Workshop,Creative,Mental Health Awareness Campaign,Skipped,85,48.6,0,4.9,Gift Voucher
EVT02795,EMP093,HR,16-10-2025,Creative Workshop,Creative,Employee Engagement Drive,Attended,85,48.6,10,14.9,Gift Voucher
EVT02796,EMP238,Sales,16-10-2025,Creative Workshop,Creative,Healthy Workforce Initiative,Attended,85,48.6,10,14.9,Gift Voucher
EVT02797,EMP045,Tech,16-10-2025,Creative Workshop,Creative,Mental Health Awareness Campaign,Skipped,85,48.6,0,4.9,Gift Voucher
EVT02798,EMP025,Tech,16-10-2025,Creative Workshop,Creative,Employee Engagement Drive,Attended,85,48.6,10,14.9,Gift Voucher
EVT02799,EMP155,Finance,16-10-2025,Creative Workshop,Creative,Healthy Workforce Initiative,Attended,85,48.6,10,14.9,Gift Voucher
EVT02800,EMP186,Operations,16-10-2025,Creative Workshop,Creative,Healthy Workforce Initiative,Attended,85,48.6,10,14.9,Gift Voucher
EVT02801,EMP043,Tech,16-10-2025,Creative Workshop,Creative,Wellness Month,Attended,85,48.6,10,14.9,Gift Voucher
EVT02802,EMP154,Finance,16-10-2025,Creative Workshop,Creative,Mental Health Awareness Campaign,Attended,85,48.6,10,14.9,Gift Voucher
EVT02803,EMP166,Operations,16-10-2025,Creative Workshop,Creative,Wellness Month,Attended,85,48.6,10,14.9,Gift Voucher
EVT02804,EMP221,Sales,16-10-2025,Creative Workshop,Creative,Employee Engagement Drive,Attended,85,48.6,10,14.9,Gift Voucher
EVT02805,EMP216,Sales,16-10-2025,Creative Workshop,Creative,Healthy Workforce Initiative,Attended,85,48.6,10,14.9,Gift Voucher
EVT02806,EMP086,HR,16-10-2025,Creative Workshop,Creative,Employee Engagement Drive,Skipped,85,48.6,0,4.9,Gift Voucher
EVT02807,EMP177,Operations,16-10-2025,Creative Workshop,Creative,Employee Engagement Drive,Attended,85,48.6,10,14.9,Gift Voucher
EVT02808,EMP189,Operations,16-10-2025,Creative Workshop,Creative,Mental Health Awareness Campaign,Attended,85,48.6,10,14.9,Gift Voucher
EVT02809,EMP178,Operations,16-10-2025,Creative Workshop,Creative,Wellness Month,Attended,85,48.6,10,14.9,Gift Voucher
EVT02810,EMP192,Operations,16-10-2025,Creative Workshop,Creative,Mental Health Awareness Campaign,Skipped,85,48.6,0,4.9,Gift Voucher
EVT02811,EMP083,HR,16-10-2025,Creative Workshop,Creative,Healthy Workforce Initiative,Skipped,85,48.6,0,4.9,Gift Voucher
EVT02812,EMP135,Marketing,16-10-2025,Creative Workshop,Creative,Healthy Workforce Initiative,Attended,85,48.6,10,14.9,Gift Voucher
EVT02813,EMP250,Sales,16-10-2025,Creative Workshop,Creative,Healthy Workforce Initiative,Attended,85,48.6,10,14.9,Gift Voucher
EVT02814,EMP112,Marketing,16-10-2025,Creative Workshop,Creative,Wellness Month,Skipped,85,48.6,0,4.9,Gift Voucher
EVT02815,EMP010,Tech,16-10-2025,Creative Workshop,Creative,Healthy Workforce Initiative,Attended,85,48.6,10,14.9,Gift Voucher
EVT02816,EMP233,Sales,16-10-2025,Creative Workshop,Creative,Mental Health Awareness Campaign,Attended,85,48.6,10,14.9,Gift Voucher
EVT02817,EMP048,Tech,16-10-2025,Creative Workshop,Creative,Healthy Workforce Initiative,Skipped,85,48.6,0,4.9,Gift Voucher
EVT02818,EMP076,HR,16-10-2025,Creative Workshop,Creative,Mental Health Awareness Campaign,Skipped,85,48.6,0,4.9,Gift Voucher
EVT02819,EMP085,HR,16-10-2025,Creative Workshop,Creative,Mental Health Awareness Campaign,Skipped,85,48.6,0,4.9,Gift Voucher
EVT02820,EMP101,Marketing,16-10-2025,Creative Workshop,Creative,Healthy Workforce Initiative,Attended,85,48.6,10,14.9,Gift Voucher
EVT02821,EMP052,Tech,16-10-2025,Creative Workshop,Creative,Wellness Month,Attended,85,48.6,10,14.9,Gift Voucher
EVT02822,EMP187,Operations,16-10-2025,Creative Workshop,Creative,Employee Engagement Drive,Attended,85,48.6,10,14.9,Gift Voucher
EVT02823,EMP231,Sales,16-10-2025,Creative Workshop,Creative,Employee Engagement Drive,Attended,85,48.6,10,14.9,Gift Voucher
EVT02824,EMP168,Operations,16-10-2025,Creative Workshop,Creative,Employee Engagement Drive,Attended,85,48.6,10,14.9,Gift Voucher
EVT02825,EMP094,HR,16-10-2025,Creative Workshop,Creative,Employee Engagement Drive,Skipped,85,48.6,0,4.9,Gift Voucher
EVT02826,EMP056,Tech,16-10-2025,Creative Workshop,Creative,Wellness Month,Attended,85,48.6,10,14.9,Gift Voucher
EVT02827,EMP013,Tech,16-10-2025,Creative Workshop,Creative,Wellness Month,Skipped,85,48.6,0,4.9,Gift Voucher
EVT02828,EMP036,Tech,16-10-2025,Creative Workshop,Creative,Healthy Workforce Initiative,Attended,85,48.6,10,14.9,Gift Voucher
EVT02829,EMP162,Finance,16-10-2025,Creative Workshop,Creative,Employee Engagement Drive,Attended,85,48.6,10,14.9,Gift Voucher
EVT02830,EMP241,Sales,16-10-2025,Creative Workshop,Creative,Wellness Month,Attended,85,48.6,10,14.9,Gift Voucher
EVT02831,EMP063,Tech,16-10-2025,Creative Workshop,Creative,Healthy Workforce Initiative,Attended,85,48.6,10,14.9,Gift Voucher
EVT02832,EMP141,Finance,16-10-2025,Creative Workshop,Creative,Employee Engagement Drive,Attended,85,48.6,10,14.9,Gift Voucher
EVT02833,EMP042,Tech,16-10-2025,Creative Workshop,Creative,Wellness Month,Skipped,85,48.6,0,4.9,Gift Voucher
EVT02834,EMP021,Tech,16-10-2025,Creative Workshop,Creative,Employee Engagement Drive,Attended,85,48.6,10,14.9,Gift Voucher
EVT02835,EMP204,Operations,16-10-2025,Creative Workshop,Creative,Wellness Month,Skipped,85,48.6,0,4.9,Gift Voucher
EVT02836,EMP002,Tech,16-10-2025,Creative Workshop,Creative,Wellness Month,Attended,85,48.6,10,14.9,Gift Voucher
EVT02837,EMP027,Tech,16-10-2025,Creative Workshop,Creative,Employee Engagement Drive,Attended,85,48.6,10,14.9,Gift Voucher
EVT02838,EMP210,Operations,16-10-2025,Creative Workshop,Creative,Healthy Workforce Initiative,Attended,85,48.6,10,14.9,Gift Voucher
EVT02839,EMP091,HR,16-10-2025,Creative Workshop,Creative,Employee Engagement Drive,Attended,85,48.6,10,14.9,Gift Voucher
EVT02840,EMP110,Marketing,16-10-2025,Creative Workshop,Creative,Healthy Workforce Initiative,Attended,85,48.6,10,14.9,Gift Voucher
EVT02841,EMP203,Operations,16-10-2025,Creative Workshop,Creative,Wellness Month,Skipped,85,48.6,0,4.9,Gift Voucher
EVT02842,EMP249,Sales,16-10-2025,Creative Workshop,Creative,Wellness Month,Attended,85,48.6,10,14.9,Gift Voucher
EVT02843,EMP011,Tech,16-10-2025,Creative Workshop,Creative,Healthy Workforce Initiative,Skipped,85,48.6,0,4.9,Gift Voucher
EVT02844,EMP119,Marketing,16-10-2025,Creative Workshop,Creative,Wellness Month,Attended,85,48.6,10,14.9,Gift Voucher
EVT02845,EMP017,Tech,27-10-2025,Digital Detox Week,Work-Life,Mental Health Awareness Campaign,Attended,53,30.3,15,18,Gift Voucher
EVT02846,EMP142,Finance,27-10-2025,Digital Detox Week,Work-Life,Employee Engagement Drive,Attended,53,30.3,15,18,Gift Voucher
EVT02847,EMP239,Sales,27-10-2025,Digital Detox Week,Work-Life,Mental Health Awareness Campaign,Attended,53,30.3,15,18,Gift Voucher
EVT02848,EMP058,Tech,27-10-2025,Digital Detox Week,Work-Life,Healthy Workforce Initiative,Attended,53,30.3,15,18,Gift Voucher
EVT02849,EMP097,HR,27-10-2025,Digital Detox Week,Work-Life,Healthy Workforce Initiative,Attended,53,30.3,15,18,Gift Voucher
EVT02850,EMP190,Operations,27-10-2025,Digital Detox Week,Work-Life,Healthy Workforce Initiative,Attended,53,30.3,15,18,Gift Voucher
EVT02851,EMP121,Marketing,27-10-2025,Digital Detox Week,Work-Life,Mental Health Awareness Campaign,Skipped,53,30.3,0,3,Gift Voucher
EVT02852,EMP047,Tech,27-10-2025,Digital Detox Week,Work-Life,Mental Health Awareness Campaign,Skipped,53,30.3,0,3,Gift Voucher
EVT02853,EMP233,Sales,27-10-2025,Digital Detox Week,Work-Life,Employee Engagement Drive,Attended,53,30.3,15,18,Gift Voucher
EVT02854,EMP214,Sales,27-10-2025,Digital Detox Week,Work-Life,Mental Health Awareness Campaign,Skipped,53,30.3,0,3,Gift Voucher
EVT02855,EMP225,Sales,27-10-2025,Digital Detox Week,Work-Life,Healthy Workforce Initiative,Skipped,53,30.3,0,3,Gift Voucher
EVT02856,EMP192,Operations,27-10-2025,Digital Detox Week,Work-Life,Employee Engagement Drive,Attended,53,30.3,15,18,Gift Voucher
EVT02857,EMP213,Sales,27-10-2025,Digital Detox Week,Work-Life,Employee Engagement Drive,Attended,53,30.3,15,18,Gift Voucher
EVT02858,EMP148,Finance,27-10-2025,Digital Detox Week,Work-Life,Healthy Workforce Initiative,Attended,53,30.3,15,18,Gift Voucher
EVT02859,EMP085,HR,27-10-2025,Digital Detox Week,Work-Life,Wellness Month,Attended,53,30.3,15,18,Gift Voucher
EVT02860,EMP091,HR,27-10-2025,Digital Detox Week,Work-Life,Wellness Month,Skipped,53,30.3,0,3,Gift Voucher
EVT02861,EMP158,Finance,27-10-2025,Digital Detox Week,Work-Life,Wellness Month,Attended,53,30.3,15,18,Gift Voucher
EVT02862,EMP232,Sales,27-10-2025,Digital Detox Week,Work-Life,Mental Health Awareness Campaign,Attended,53,30.3,15,18,Gift Voucher
EVT02863,EMP224,Sales,27-10-2025,Digital Detox Week,Work-Life,Mental Health Awareness Campaign,Skipped,53,30.3,0,3,Gift Voucher
EVT02864,EMP150,Finance,27-10-2025,Digital Detox Week,Work-Life,Wellness Month,Skipped,53,30.3,0,3,Gift Voucher
EVT02865,EMP072,HR,27-10-2025,Digital Detox Week,Work-Life,Healthy Workforce Initiative,Attended,53,30.3,15,18,Gift Voucher
EVT02866,EMP113,Marketing,27-10-2025,Digital Detox Week,Work-Life,Mental Health Awareness Campaign,Attended,53,30.3,15,18,Gift Voucher
EVT02867,EMP163,Finance,27-10-2025,Digital Detox Week,Work-Life,Healthy Workforce Initiative,Attended,53,30.3,15,18,Gift Voucher
EVT02868,EMP103,Marketing,27-10-2025,Digital Detox Week,Work-Life,Healthy Workforce Initiative,Attended,53,30.3,15,18,Gift Voucher
EVT02869,EMP062,Tech,27-10-2025,Digital Detox Week,Work-Life,Mental Health Awareness Campaign,Attended,53,30.3,15,18,Gift Voucher
EVT02870,EMP010,Tech,27-10-2025,Digital Detox Week,Work-Life,Employee Engagement Drive,Attended,53,30.3,15,18,Gift Voucher
EVT02871,EMP005,Tech,27-10-2025,Digital Detox Week,Work-Life,Wellness Month,Attended,53,30.3,15,18,Gift Voucher
EVT02872,EMP205,Operations,27-10-2025,Digital Detox Week,Work-Life,Mental Health Awareness Campaign,Attended,53,30.3,15,18,Gift Voucher
EVT02873,EMP016,Tech,27-10-2025,Digital Detox Week,Work-Life,Employee Engagement Drive,Skipped,53,30.3,0,3,Gift Voucher
EVT02874,EMP035,Tech,27-10-2025,Digital Detox Week,Work-Life,Wellness Month,Attended,53,30.3,15,18,Gift Voucher
EVT02875,EMP056,Tech,27-10-2025,Digital Detox Week,Work-Life,Healthy Workforce Initiative,Attended,53,30.3,15,18,Gift Voucher
EVT02876,EMP238,Sales,27-10-2025,Digital Detox Week,Work-Life,Mental Health Awareness Campaign,Attended,53,30.3,15,18,Gift Voucher
EVT02877,EMP055,Tech,27-10-2025,Digital Detox Week,Work-Life,Employee Engagement Drive,Attended,53,30.3,15,18,Gift Voucher
EVT02878,EMP102,Marketing,27-10-2025,Digital Detox Week,Work-Life,Mental Health Awareness Campaign,Attended,53,30.3,15,18,Gift Voucher
EVT02879,EMP078,HR,27-10-2025,Digital Detox Week,Work-Life,Wellness Month,Skipped,53,30.3,0,3,Gift Voucher
EVT02880,EMP207,Operations,27-10-2025,Digital Detox Week,Work-Life,Employee Engagement Drive,Skipped,53,30.3,0,3,Gift Voucher
EVT02881,EMP197,Operations,27-10-2025,Digital Detox Week,Work-Life,Employee Engagement Drive,Attended,53,30.3,15,18,Gift Voucher
EVT02882,EMP027,Tech,27-10-2025,Digital Detox Week,Work-Life,Employee Engagement Drive,Attended,53,30.3,15,18,Gift Voucher
EVT02883,EMP073,HR,27-10-2025,Digital Detox Week,Work-Life,Employee Engagement Drive,Attended,53,30.3,15,18,Gift Voucher
EVT02884,EMP218,Sales,27-10-2025,Digital Detox Week,Work-Life,Mental Health Awareness Campaign,Attended,53,30.3,15,18,Gift Voucher
EVT02885,EMP241,Sales,27-10-2025,Digital Detox Week,Work-Life,Wellness Month,Attended,53,30.3,15,18,Gift Voucher
EVT02886,EMP028,Tech,27-10-2025,Digital Detox Week,Work-Life,Mental Health Awareness Campaign,Skipped,53,30.3,0,3,Gift Voucher
EVT02887,EMP160,Finance,27-10-2025,Digital Detox Week,Work-Life,Mental Health Awareness Campaign,Attended,53,30.3,15,18,Gift Voucher
EVT02888,EMP053,Tech,27-10-2025,Digital Detox Week,Work-Life,Mental Health Awareness Campaign,Attended,53,30.3,15,18,Gift Voucher
EVT02889,EMP229,Sales,27-10-2025,Digital Detox Week,Work-Life,Employee Engagement Drive,Attended,53,30.3,15,18,Gift Voucher
EVT02890,EMP081,HR,27-10-2025,Digital Detox Week,Work-Life,Healthy Workforce Initiative,Attended,53,30.3,15,18,Gift Voucher
EVT02891,EMP221,Sales,27-10-2025,Digital Detox Week,Work-Life,Employee Engagement Drive,Attended,53,30.3,15,18,Gift Voucher
EVT02892,EMP157,Finance,27-10-2025,Digital Detox Week,Work-Life,Wellness Month,Attended,53,30.3,15,18,Gift Voucher
EVT02893,EMP236,Sales,27-10-2025,Digital Detox Week,Work-Life,Wellness Month,Attended,53,30.3,15,18,Gift Voucher
EVT02894,EMP046,Tech,27-10-2025,Digital Detox Week,Work-Life,Healthy Workforce Initiative,Attended,53,30.3,15,18,Gift Voucher
EVT02895,EMP008,Tech,27-10-2025,Digital Detox Week,Work-Life,Healthy Workforce Initiative,Skipped,53,30.3,0,3,Gift Voucher
EVT02896,EMP173,Operations,27-10-2025,Digital Detox Week,Work-Life,Employee Engagement Drive,Attended,53,30.3,15,18,Gift Voucher
EVT02897,EMP057,Tech,27-10-2025,Digital Detox Week,Work-Life,Healthy Workforce Initiative,Skipped,53,30.3,0,3,Gift Voucher
EVT02898,EMP068,Tech,16-10-2025,Wellness Retreat,Social,Employee Engagement Drive,Attended,133,76,15,22.6,Wellness Kit
EVT02899,EMP156,Finance,16-10-2025,Wellness Retreat,Social,Mental Health Awareness Campaign,Attended,133,76,15,22.6,Wellness Kit
EVT02900,EMP010,Tech,16-10-2025,Wellness Retreat,Social,Employee Engagement Drive,Attended,133,76,15,22.6,Wellness Kit
EVT02901,EMP091,HR,16-10-2025,Wellness Retreat,Social,Wellness Month,Skipped,133,76,0,7.6,Gift Voucher
EVT02902,EMP246,Sales,16-10-2025,Wellness Retreat,Social,Employee Engagement Drive,Attended,133,76,15,22.6,Wellness Kit
EVT02903,EMP023,Tech,16-10-2025,Wellness Retreat,Social,Healthy Workforce Initiative,Attended,133,76,15,22.6,Wellness Kit
EVT02904,EMP119,Marketing,16-10-2025,Wellness Retreat,Social,Wellness Month,Attended,133,76,15,22.6,Wellness Kit
EVT02905,EMP034,Tech,16-10-2025,Wellness Retreat,Social,Healthy Workforce Initiative,Attended,133,76,15,22.6,Wellness Kit
EVT02906,EMP037,Tech,16-10-2025,Wellness Retreat,Social,Wellness Month,Attended,133,76,15,22.6,Wellness Kit
EVT02907,EMP241,Sales,16-10-2025,Wellness Retreat,Social,Mental Health Awareness Campaign,Attended,133,76,15,22.6,Wellness Kit
EVT02908,EMP250,Sales,16-10-2025,Wellness Retreat,Social,Wellness Month,Attended,133,76,15,22.6,Wellness Kit
EVT02909,EMP017,Tech,16-10-2025,Wellness Retreat,Social,Employee Engagement Drive,Attended,133,76,15,22.6,Wellness Kit
EVT02910,EMP205,Operations,16-10-2025,Wellness Retreat,Social,Mental Health Awareness Campaign,Skipped,133,76,0,7.6,Gift Voucher
EVT02911,EMP107,Marketing,16-10-2025,Wellness Retreat,Social,Employee Engagement Drive,Attended,133,76,15,22.6,Wellness Kit
EVT02912,EMP039,Tech,16-10-2025,Wellness Retreat,Social,Wellness Month,Attended,133,76,15,22.6,Wellness Kit
EVT02913,EMP206,Operations,16-10-2025,Wellness Retreat,Social,Employee Engagement Drive,Attended,133,76,15,22.6,Wellness Kit
EVT02914,EMP190,Operations,16-10-2025,Wellness Retreat,Social,Employee Engagement Drive,Attended,133,76,15,22.6,Wellness Kit
EVT02915,EMP065,Tech,16-10-2025,Wellness Retreat,Social,Mental Health Awareness Campaign,Attended,133,76,15,22.6,Wellness Kit
EVT02916,EMP132,Marketing,16-10-2025,Wellness Retreat,Social,Wellness Month,Attended,133,76,15,22.6,Wellness Kit
EVT02917,EMP015,Tech,16-10-2025,Wellness Retreat,Social,Wellness Month,Attended,133,76,15,22.6,Wellness Kit
EVT02918,EMP027,Tech,16-10-2025,Wellness Retreat,Social,Mental Health Awareness Campaign,Attended,133,76,15,22.6,Wellness Kit
EVT02919,EMP062,Tech,16-10-2025,Wellness Retreat,Social,Healthy Workforce Initiative,Attended,133,76,15,22.6,Wellness Kit
EVT02920,EMP183,Operations,16-10-2025,Wellness Retreat,Social,Wellness Month,Attended,133,76,15,22.6,Wellness Kit
EVT02921,EMP004,Tech,16-10-2025,Wellness Retreat,Social,Wellness Month,Attended,133,76,15,22.6,Wellness Kit
EVT02922,EMP175,Operations,16-10-2025,Wellness Retreat,Social,Healthy Workforce Initiative,Skipped,133,76,0,7.6,Gift Voucher
EVT02923,EMP083,HR,16-10-2025,Wellness Retreat,Social,Mental Health Awareness Campaign,Attended,133,76,15,22.6,Wellness Kit
EVT02924,EMP202,Operations,16-10-2025,Wellness Retreat,Social,Healthy Workforce Initiative,Attended,133,76,15,22.6,Wellness Kit
EVT02925,EMP012,Tech,16-10-2025,Wellness Retreat,Social,Healthy Workforce Initiative,Skipped,133,76,0,7.6,Gift Voucher
EVT02926,EMP070,Tech,16-10-2025,Wellness Retreat,Social,Wellness Month,Attended,133,76,15,22.6,Wellness Kit
EVT02927,EMP098,HR,16-10-2025,Wellness Retreat,Social,Mental Health Awareness Campaign,Skipped,133,76,0,7.6,Gift Voucher
EVT02928,EMP101,Marketing,16-10-2025,Wellness Retreat,Social,Healthy Workforce Initiative,Attended,133,76,15,22.6,Wellness Kit
EVT02929,EMP018,Tech,16-10-2025,Wellness Retreat,Social,Healthy Workforce Initiative,Attended,133,76,15,22.6,Wellness Kit
EVT02930,EMP110,Marketing,16-10-2025,Wellness Retreat,Social,Mental Health Awareness Campaign,Attended,133,76,15,22.6,Wellness Kit
EVT02931,EMP130,Marketing,16-10-2025,Wellness Retreat,Social,Employee Engagement Drive,Skipped,133,76,0,7.6,Gift Voucher
EVT02932,EMP229,Sales,16-10-2025,Wellness Retreat,Social,Healthy Workforce Initiative,Attended,133,76,15,22.6,Wellness Kit
EVT02933,EMP080,HR,16-10-2025,Wellness Retreat,Social,Mental Health Awareness Campaign,Skipped,133,76,0,7.6,Gift Voucher
EVT02934,EMP059,Tech,16-10-2025,Wellness Retreat,Social,Employee Engagement Drive,Attended,133,76,15,22.6,Wellness Kit
EVT02935,EMP038,Tech,16-10-2025,Wellness Retreat,Social,Employee Engagement Drive,Attended,133,76,15,22.6,Wellness Kit
EVT02936,EMP135,Marketing,16-10-2025,Wellness Retreat,Social,Employee Engagement Drive,Skipped,133,76,0,7.6,Gift Voucher
EVT02937,EMP182,Operations,16-10-2025,Wellness Retreat,Social,Employee Engagement Drive,Skipped,133,76,0,7.6,Gift Voucher
EVT02938,EMP028,Tech,16-10-2025,Wellness Retreat,Social,Mental Health Awareness Campaign,Skipped,133,76,0,7.6,Gift Voucher
EVT02939,EMP148,Finance,16-10-2025,Wellness Retreat,Social,Healthy Workforce Initiative,Skipped,133,76,0,7.6,Gift Voucher
EVT02940,EMP247,Sales,16-10-2025,Wellness Retreat,Social,Wellness Month,Skipped,133,76,0,7.6,Gift Voucher
EVT02941,EMP055,Tech,16-10-2025,Wellness Retreat,Social,Healthy Workforce Initiative,Attended,133,76,15,22.6,Wellness Kit
EVT02942,EMP219,Sales,16-10-2025,Wellness Retreat,Social,Mental Health Awareness Campaign,Attended,133,76,15,22.6,Wellness Kit
EVT02943,EMP228,Sales,16-10-2025,Wellness Retreat,Social,Mental Health Awareness Campaign,Attended,133,76,15,22.6,Wellness Kit
EVT02944,EMP049,Tech,16-10-2025,Wellness Retreat,Social,Wellness Month,Attended,133,76,15,22.6,Wellness Kit
EVT02945,EMP082,HR,16-10-2025,Wellness Retreat,Social,Healthy Workforce Initiative,Attended,133,76,15,22.6,Wellness Kit
EVT02946,EMP085,HR,16-10-2025,Wellness Retreat,Social,Mental Health Awareness Campaign,Attended,133,76,15,22.6,Wellness Kit
EVT02947,EMP075,HR,16-10-2025,Wellness Retreat,Social,Mental Health Awareness Campaign,Attended,133,76,15,22.6,Wellness Kit
EVT02948,EMP041,Tech,16-10-2025,Wellness Retreat,Social,Mental Health Awareness Campaign,Attended,133,76,15,22.6,Wellness Kit
EVT02949,EMP207,Operations,16-10-2025,Wellness Retreat,Social,Wellness Month,Attended,133,76,15,22.6,Wellness Kit
EVT02950,EMP185,Operations,16-10-2025,Wellness Retreat,Social,Employee Engagement Drive,Skipped,133,76,0,7.6,Gift Voucher
EVT02951,EMP026,Tech,16-10-2025,Wellness Retreat,Social,Mental Health Awareness Campaign,Attended,133,76,15,22.6,Wellness Kit
EVT02952,EMP140,Marketing,16-10-2025,Wellness Retreat,Social,Employee Engagement Drive,Attended,133,76,15,22.6,Wellness Kit
EVT02953,EMP077,HR,16-10-2025,Wellness Retreat,Social,Healthy Workforce Initiative,Skipped,133,76,0,7.6,Gift Voucher
EVT02954,EMP128,Marketing,16-10-2025,Wellness Retreat,Social,Wellness Month,Skipped,133,76,0,7.6,Gift Voucher
EVT02955,EMP124,Marketing,16-10-2025,Wellness Retreat,Social,Wellness Month,Attended,133,76,15,22.6,Wellness Kit
EVT02956,EMP149,Finance,16-10-2025,Wellness Retreat,Social,Employee Engagement Drive,Skipped,133,76,0,7.6,Gift Voucher
EVT02957,EMP163,Finance,16-10-2025,Wellness Retreat,Social,Wellness Month,Attended,133,76,15,22.6,Wellness Kit
EVT02958,EMP233,Sales,16-10-2025,Wellness Retreat,Social,Healthy Workforce Initiative,Attended,133,76,15,22.6,Wellness Kit
EVT02959,EMP050,Tech,16-10-2025,Wellness Retreat,Social,Healthy Workforce Initiative,Attended,133,76,15,22.6,Wellness Kit
EVT02960,EMP069,Tech,16-10-2025,Wellness Retreat,Social,Mental Health Awareness Campaign,Skipped,133,76,0,7.6,Gift Voucher
EVT02961,EMP197,Operations,16-10-2025,Wellness Retreat,Social,Mental Health Awareness Campaign,Attended,133,76,15,22.6,Wellness Kit
EVT02962,EMP031,Tech,16-10-2025,Wellness Retreat,Social,Employee Engagement Drive,Attended,133,76,15,22.6,Wellness Kit
EVT02963,EMP230,Sales,16-10-2025,Wellness Retreat,Social,Healthy Workforce Initiative,Attended,133,76,15,22.6,Wellness Kit
EVT02964,EMP043,Tech,16-10-2025,Wellness Retreat,Social,Healthy Workforce Initiative,Skipped,133,76,0,7.6,Gift Voucher
EVT02965,EMP189,Operations,16-10-2025,Wellness Retreat,Social,Mental Health Awareness Campaign,Attended,133,76,15,22.6,Wellness Kit
EVT02966,EMP063,Tech,16-10-2025,Wellness Retreat,Social,Healthy Workforce Initiative,Attended,133,76,15,22.6,Wellness Kit
EVT02967,EMP090,HR,16-10-2025,Wellness Retreat,Social,Wellness Month,Attended,133,76,15,22.6,Wellness Kit
EVT02968,EMP076,HR,16-10-2025,Wellness Retreat,Social,Healthy Workforce Initiative,Attended,133,76,15,22.6,Wellness Kit
EVT02969,EMP067,Tech,16-10-2025,Wellness Retreat,Social,Wellness Month,Attended,133,76,15,22.6,Wellness Kit
EVT02970,EMP006,Tech,16-10-2025,Wellness Retreat,Social,Healthy Workforce Initiative,Attended,133,76,15,22.6,Wellness Kit
EVT02971,EMP094,HR,16-10-2025,Wellness Retreat,Social,Healthy Workforce Initiative,Attended,133,76,15,22.6,Wellness Kit
EVT02972,EMP160,Finance,16-10-2025,Wellness Retreat,Social,Wellness Month,Attended,133,76,15,22.6,Wellness Kit
EVT02973,EMP220,Sales,16-10-2025,Wellness Retreat,Social,Healthy Workforce Initiative,Attended,133,76,15,22.6,Wellness Kit
EVT02974,EMP029,Tech,16-10-2025,Wellness Retreat,Social,Employee Engagement Drive,Skipped,133,76,0,7.6,Gift Voucher
EVT02975,EMP211,Sales,16-10-2025,Wellness Retreat,Social,Mental Health Awareness Campaign,Attended,133,76,15,22.6,Wellness Kit
EVT02976,EMP117,Marketing,16-10-2025,Wellness Retreat,Social,Employee Engagement Drive,Skipped,133,76,0,7.6,Gift Voucher
EVT02977,EMP173,Operations,16-10-2025,Wellness Retreat,Social,Healthy Workforce Initiative,Attended,133,76,15,22.6,Wellness Kit
EVT02978,EMP036,Tech,16-10-2025,Wellness Retreat,Social,Employee Engagement Drive,Attended,133,76,15,22.6,Wellness Kit
EVT02979,EMP138,Marketing,16-10-2025,Wellness Retreat,Social,Wellness Month,Attended,133,76,15,22.6,Wellness Kit
EVT02980,EMP223,Sales,16-10-2025,Wellness Retreat,Social,Wellness Month,Attended,133,76,15,22.6,Wellness Kit
EVT02981,EMP231,Sales,16-10-2025,Wellness Retreat,Social,Employee Engagement Drive,Attended,133,76,15,22.6,Wellness Kit
EVT02982,EMP177,Operations,16-10-2025,Wellness Retreat,Social,Wellness Month,Skipped,133,76,0,7.6,Gift Voucher
EVT02983,EMP147,Finance,16-10-2025,Wellness Retreat,Social,Wellness Month,Attended,133,76,15,22.6,Wellness Kit
EVT02984,EMP057,Tech,16-10-2025,Wellness Retreat,Social,Healthy Workforce Initiative,Skipped,133,76,0,7.6,Gift Voucher
EVT02985,EMP056,Tech,16-10-2025,Wellness Retreat,Social,Mental Health Awareness Campaign,Skipped,133,76,0,7.6,Gift Voucher
EVT02986,EMP168,Operations,16-10-2025,Wellness Retreat,Social,Healthy Workforce Initiative,Attended,133,76,15,22.6,Wellness Kit
EVT02987,EMP158,Finance,16-10-2025,Wellness Retreat,Social,Healthy Workforce Initiative,Attended,133,76,15,22.6,Wellness Kit
EVT02988,EMP106,Marketing,16-10-2025,Wellness Retreat,Social,Wellness Month,Attended,133,76,15,22.6,Wellness Kit
EVT02989,EMP126,Marketing,16-10-2025,Wellness Retreat,Social,Wellness Month,Attended,133,76,15,22.6,Wellness Kit
EVT02990,EMP093,HR,16-10-2025,Wellness Retreat,Social,Healthy Workforce Initiative,Attended,133,76,15,22.6,Wellness Kit
EVT02991,EMP022,Tech,16-10-2025,Wellness Retreat,Social,Healthy Workforce Initiative,Attended,133,76,15,22.6,Wellness Kit
EVT02992,EMP096,HR,16-10-2025,Wellness Retreat,Social,Employee Engagement Drive,Skipped,133,76,0,7.6,Gift Voucher
EVT02993,EMP137,Marketing,16-10-2025,Wellness Retreat,Social,Mental Health Awareness Campaign,Attended,133,76,15,22.6,Wellness Kit
EVT02994,EMP215,Sales,16-10-2025,Wellness Retreat,Social,Healthy Workforce Initiative,Attended,133,76,15,22.6,Wellness Kit
EVT02995,EMP152,Finance,16-10-2025,Wellness Retreat,Social,Wellness Month,Attended,133,76,15,22.6,Wellness Kit
EVT02996,EMP144,Finance,16-10-2025,Wellness Retreat,Social,Wellness Month,Attended,133,76,15,22.6,Wellness Kit
EVT02997,EMP195,Operations,16-10-2025,Wellness Retreat,Social,Employee Engagement Drive,Attended,133,76,15,22.6,Wellness Kit
EVT02998,EMP120,Marketing,16-10-2025,Wellness Retreat,Social,Mental Health Awareness Campaign,Attended,133,76,15,22.6,Wellness Kit
EVT02999,EMP159,Finance,16-10-2025,Wellness Retreat,Social,Healthy Workforce Initiative,Skipped,133,76,0,7.6,Gift Voucher
EVT03000,EMP081,HR,16-10-2025,Wellness Retreat,Social,Wellness Month,Skipped,133,76,0,7.6,Gift Voucher
EVT03001,EMP245,Sales,16-10-2025,Wellness Retreat,Social,Mental Health Awareness Campaign,Skipped,133,76,0,7.6,Gift Voucher
EVT03002,EMP225,Sales,16-10-2025,Wellness Retreat,Social,Healthy Workforce Initiative,Attended,133,76,15,22.6,Wellness Kit
EVT03003,EMP218,Sales,16-10-2025,Wellness Retreat,Social,Mental Health Awareness Campaign,Attended,133,76,15,22.6,Wellness Kit
EVT03004,EMP157,Finance,16-10-2025,Wellness Retreat,Social,Mental Health Awareness Campaign,Attended,133,76,15,22.6,Wellness Kit
EVT03005,EMP097,HR,16-10-2025,Wellness Retreat,Social,Wellness Month,Attended,133,76,15,22.6,Wellness Kit
EVT03006,EMP030,Tech,16-10-2025,Wellness Retreat,Social,Mental Health Awareness Campaign,Attended,133,76,15,22.6,Wellness Kit
EVT03007,EMP186,Operations,16-10-2025,Wellness Retreat,Social,Mental Health Awareness Campaign,Attended,133,76,15,22.6,Wellness Kit
EVT03008,EMP240,Sales,16-10-2025,Wellness Retreat,Social,Mental Health Awareness Campaign,Attended,133,76,15,22.6,Wellness Kit
EVT03009,EMP125,Marketing,16-10-2025,Wellness Retreat,Social,Mental Health Awareness Campaign,Skipped,133,76,0,7.6,Gift Voucher
EVT03010,EMP072,HR,16-10-2025,Wellness Retreat,Social,Wellness Month,Attended,133,76,15,22.6,Wellness Kit
EVT03011,EMP108,Marketing,16-10-2025,Wellness Retreat,Social,Employee Engagement Drive,Attended,133,76,15,22.6,Wellness Kit
EVT03012,EMP042,Tech,16-10-2025,Wellness Retreat,Social,Employee Engagement Drive,Attended,133,76,15,22.6,Wellness Kit
EVT03013,EMP121,Marketing,16-10-2025,Wellness Retreat,Social,Healthy Workforce Initiative,Attended,133,76,15,22.6,Wellness Kit
EVT03014,EMP210,Operations,16-10-2025,Wellness Retreat,Social,Mental Health Awareness Campaign,Attended,133,76,15,22.6,Wellness Kit
EVT03015,EMP198,Operations,16-10-2025,Wellness Retreat,Social,Employee Engagement Drive,Attended,133,76,15,22.6,Wellness Kit
EVT03016,EMP009,Tech,16-10-2025,Wellness Retreat,Social,Healthy Workforce Initiative,Attended,133,76,15,22.6,Wellness Kit
EVT03017,EMP109,Marketing,16-10-2025,Wellness Retreat,Social,Wellness Month,Attended,133,76,15,22.6,Wellness Kit
EVT03018,EMP153,Finance,16-10-2025,Wellness Retreat,Social,Mental Health Awareness Campaign,Attended,133,76,15,22.6,Wellness Kit
EVT03019,EMP116,Marketing,16-10-2025,Wellness Retreat,Social,Wellness Month,Attended,133,76,15,22.6,Wellness Kit
EVT03020,EMP224,Sales,16-10-2025,Wellness Retreat,Social,Employee Engagement Drive,Attended,133,76,15,22.6,Wellness Kit
EVT03021,EMP086,HR,16-10-2025,Wellness Retreat,Social,Healthy Workforce Initiative,Attended,133,76,15,22.6,Wellness Kit
EVT03022,EMP222,Sales,16-10-2025,Wellness Retreat,Social,Wellness Month,Attended,133,76,15,22.6,Wellness Kit
EVT03023,EMP048,Tech,16-10-2025,Wellness Retreat,Social,Wellness Month,Skipped,133,76,0,7.6,Gift Voucher
EVT03024,EMP171,Operations,16-10-2025,Wellness Retreat,Social,Mental Health Awareness Campaign,Skipped,133,76,0,7.6,Gift Voucher
EVT03025,EMP013,Tech,16-10-2025,Wellness Retreat,Social,Mental Health Awareness Campaign,Attended,133,76,15,22.6,Wellness Kit
EVT03026,EMP236,Sales,16-10-2025,Wellness Retreat,Social,Employee Engagement Drive,Attended,133,76,15,22.6,Wellness Kit
EVT03027,EMP114,Marketing,16-10-2025,Wellness Retreat,Social,Mental Health Awareness Campaign,Attended,133,76,15,22.6,Wellness Kit
EVT03028,EMP058,Tech,16-10-2025,Wellness Retreat,Social,Mental Health Awareness Campaign,Attended,133,76,15,22.6,Wellness Kit
EVT03029,EMP194,Operations,16-10-2025,Wellness Retreat,Social,Wellness Month,Skipped,133,76,0,7.6,Gift Voucher
EVT03030,EMP007,Tech,16-10-2025,Wellness Retreat,Social,Wellness Month,Attended,133,76,15,22.6,Wellness Kit
EVT03031,EMP209,Operations,24-11-2025,Wellness Retreat,Social,Healthy Workforce Initiative,Attended,142,81.1,15,23.1,Wellness Kit
EVT03032,EMP213,Sales,24-11-2025,Wellness Retreat,Social,Employee Engagement Drive,Attended,142,81.1,15,23.1,Wellness Kit
EVT03033,EMP077,HR,24-11-2025,Wellness Retreat,Social,Healthy Workforce Initiative,Attended,142,81.1,15,23.1,Wellness Kit
EVT03034,EMP051,Tech,24-11-2025,Wellness Retreat,Social,Wellness Month,Attended,142,81.1,15,23.1,Wellness Kit
EVT03035,EMP152,Finance,24-11-2025,Wellness Retreat,Social,Mental Health Awareness Campaign,Attended,142,81.1,15,23.1,Wellness Kit
EVT03036,EMP171,Operations,24-11-2025,Wellness Retreat,Social,Healthy Workforce Initiative,Attended,142,81.1,15,23.1,Wellness Kit
EVT03037,EMP097,HR,24-11-2025,Wellness Retreat,Social,Employee Engagement Drive,Skipped,142,81.1,0,8.1,Gift Voucher
EVT03038,EMP086,HR,24-11-2025,Wellness Retreat,Social,Employee Engagement Drive,Attended,142,81.1,15,23.1,Wellness Kit
EVT03039,EMP067,Tech,24-11-2025,Wellness Retreat,Social,Mental Health Awareness Campaign,Attended,142,81.1,15,23.1,Wellness Kit
EVT03040,EMP120,Marketing,24-11-2025,Wellness Retreat,Social,Employee Engagement Drive,Attended,142,81.1,15,23.1,Wellness Kit
EVT03041,EMP234,Sales,24-11-2025,Wellness Retreat,Social,Mental Health Awareness Campaign,Attended,142,81.1,15,23.1,Wellness Kit
EVT03042,EMP121,Marketing,24-11-2025,Wellness Retreat,Social,Employee Engagement Drive,Attended,142,81.1,15,23.1,Wellness Kit
EVT03043,EMP053,Tech,24-11-2025,Wellness Retreat,Social,Employee Engagement Drive,Attended,142,81.1,15,23.1,Wellness Kit
EVT03044,EMP025,Tech,24-11-2025,Wellness Retreat,Social,Wellness Month,Attended,142,81.1,15,23.1,Wellness Kit
EVT03045,EMP225,Sales,24-11-2025,Wellness Retreat,Social,Healthy Workforce Initiative,Skipped,142,81.1,0,8.1,Gift Voucher
EVT03046,EMP202,Operations,24-11-2025,Wellness Retreat,Social,Healthy Workforce Initiative,Attended,142,81.1,15,23.1,Wellness Kit
EVT03047,EMP150,Finance,24-11-2025,Wellness Retreat,Social,Employee Engagement Drive,Attended,142,81.1,15,23.1,Wellness Kit
EVT03048,EMP221,Sales,24-11-2025,Wellness Retreat,Social,Mental Health Awareness Campaign,Attended,142,81.1,15,23.1,Wellness Kit
EVT03049,EMP104,Marketing,24-11-2025,Wellness Retreat,Social,Wellness Month,Attended,142,81.1,15,23.1,Wellness Kit
EVT03050,EMP030,Tech,24-11-2025,Wellness Retreat,Social,Wellness Month,Attended,142,81.1,15,23.1,Wellness Kit
EVT03051,EMP220,Sales,24-11-2025,Wellness Retreat,Social,Healthy Workforce Initiative,Skipped,142,81.1,0,8.1,Gift Voucher
EVT03052,EMP155,Finance,24-11-2025,Wellness Retreat,Social,Mental Health Awareness Campaign,Skipped,142,81.1,0,8.1,Gift Voucher
EVT03053,EMP144,Finance,24-11-2025,Wellness Retreat,Social,Wellness Month,Attended,142,81.1,15,23.1,Wellness Kit
EVT03054,EMP026,Tech,24-11-2025,Wellness Retreat,Social,Healthy Workforce Initiative,Attended,142,81.1,15,23.1,Wellness Kit
EVT03055,EMP003,Tech,24-11-2025,Wellness Retreat,Social,Healthy Workforce Initiative,Attended,142,81.1,15,23.1,Wellness Kit
EVT03056,EMP140,Marketing,24-11-2025,Wellness Retreat,Social,Healthy Workforce Initiative,Skipped,142,81.1,0,8.1,Gift Voucher
EVT03057,EMP250,Sales,24-11-2025,Wellness Retreat,Social,Employee Engagement Drive,Skipped,142,81.1,0,8.1,Gift Voucher
EVT03058,EMP045,Tech,24-11-2025,Wellness Retreat,Social,Wellness Month,Attended,142,81.1,15,23.1,Wellness Kit
EVT03059,EMP233,Sales,24-11-2025,Wellness Retreat,Social,Mental Health Awareness Campaign,Attended,142,81.1,15,23.1,Wellness Kit
EVT03060,EMP117,Marketing,24-11-2025,Wellness Retreat,Social,Mental Health Awareness Campaign,Attended,142,81.1,15,23.1,Wellness Kit
EVT03061,EMP095,HR,24-11-2025,Wellness Retreat,Social,Mental Health Awareness Campaign,Attended,142,81.1,15,23.1,Wellness Kit
EVT03062,EMP087,HR,24-11-2025,Wellness Retreat,Social,Employee Engagement Drive,Attended,142,81.1,15,23.1,Wellness Kit
EVT03063,EMP246,Sales,24-11-2025,Wellness Retreat,Social,Mental Health Awareness Campaign,Skipped,142,81.1,0,8.1,Gift Voucher
EVT03064,EMP112,Marketing,24-11-2025,Wellness Retreat,Social,Wellness Month,Attended,142,81.1,15,23.1,Wellness Kit
EVT03065,EMP109,Marketing,24-11-2025,Wellness Retreat,Social,Employee Engagement Drive,Attended,142,81.1,15,23.1,Wellness Kit
EVT03066,EMP085,HR,24-11-2025,Wellness Retreat,Social,Mental Health Awareness Campaign,Skipped,142,81.1,0,8.1,Gift Voucher
EVT03067,EMP042,Tech,24-11-2025,Wellness Retreat,Social,Mental Health Awareness Campaign,Attended,142,81.1,15,23.1,Wellness Kit
EVT03068,EMP044,Tech,24-11-2025,Wellness Retreat,Social,Mental Health Awareness Campaign,Attended,142,81.1,15,23.1,Wellness Kit
EVT03069,EMP151,Finance,24-11-2025,Wellness Retreat,Social,Employee Engagement Drive,Skipped,142,81.1,0,8.1,Gift Voucher
EVT03070,EMP226,Sales,24-11-2025,Wellness Retreat,Social,Mental Health Awareness Campaign,Attended,142,81.1,15,23.1,Wellness Kit
EVT03071,EMP056,Tech,24-11-2025,Wellness Retreat,Social,Mental Health Awareness Campaign,Attended,142,81.1,15,23.1,Wellness Kit
EVT03072,EMP212,Sales,24-11-2025,Wellness Retreat,Social,Healthy Workforce Initiative,Attended,142,81.1,15,23.1,Wellness Kit
EVT03073,EMP138,Marketing,24-11-2025,Wellness Retreat,Social,Mental Health Awareness Campaign,Attended,142,81.1,15,23.1,Wellness Kit
EVT03074,EMP004,Tech,24-11-2025,Wellness Retreat,Social,Healthy Workforce Initiative,Attended,142,81.1,15,23.1,Wellness Kit
EVT03075,EMP019,Tech,24-11-2025,Wellness Retreat,Social,Healthy Workforce Initiative,Attended,142,81.1,15,23.1,Wellness Kit
EVT03076,EMP175,Operations,24-11-2025,Wellness Retreat,Social,Employee Engagement Drive,Attended,142,81.1,15,23.1,Wellness Kit
EVT03077,EMP005,Tech,24-11-2025,Wellness Retreat,Social,Wellness Month,Attended,142,81.1,15,23.1,Wellness Kit
EVT03078,EMP249,Sales,24-11-2025,Wellness Retreat,Social,Employee Engagement Drive,Attended,142,81.1,15,23.1,Wellness Kit
EVT03079,EMP193,Operations,24-11-2025,Wellness Retreat,Social,Healthy Workforce Initiative,Attended,142,81.1,15,23.1,Wellness Kit
EVT03080,EMP061,Tech,24-11-2025,Wellness Retreat,Social,Healthy Workforce Initiative,Attended,142,81.1,15,23.1,Wellness Kit
EVT03081,EMP074,HR,24-11-2025,Wellness Retreat,Social,Wellness Month,Attended,142,81.1,15,23.1,Wellness Kit
EVT03082,EMP170,Operations,24-11-2025,Wellness Retreat,Social,Healthy Workforce Initiative,Attended,142,81.1,15,23.1,Wellness Kit
EVT03083,EMP096,HR,24-11-2025,Wellness Retreat,Social,Wellness Month,Attended,142,81.1,15,23.1,Wellness Kit
EVT03084,EMP021,Tech,24-11-2025,Wellness Retreat,Social,Wellness Month,Attended,142,81.1,15,23.1,Wellness Kit
EVT03085,EMP099,HR,24-11-2025,Wellness Retreat,Social,Employee Engagement Drive,Skipped,142,81.1,0,8.1,Gift Voucher
EVT03086,EMP136,Marketing,24-11-2025,Wellness Retreat,Social,Mental Health Awareness Campaign,Skipped,142,81.1,0,8.1,Gift Voucher
EVT03087,EMP070,Tech,24-11-2025,Wellness Retreat,Social,Employee Engagement Drive,Attended,142,81.1,15,23.1,Wellness Kit
EVT03088,EMP147,Finance,24-11-2025,Wellness Retreat,Social,Employee Engagement Drive,Attended,142,81.1,15,23.1,Wellness Kit
EVT03089,EMP207,Operations,24-11-2025,Wellness Retreat,Social,Mental Health Awareness Campaign,Attended,142,81.1,15,23.1,Wellness Kit
EVT03090,EMP216,Sales,24-11-2025,Wellness Retreat,Social,Wellness Month,Skipped,142,81.1,0,8.1,Gift Voucher
EVT03091,EMP001,Tech,24-11-2025,Wellness Retreat,Social,Mental Health Awareness Campaign,Attended,142,81.1,15,23.1,Wellness Kit
EVT03092,EMP048,Tech,24-11-2025,Wellness Retreat,Social,Employee Engagement Drive,Attended,142,81.1,15,23.1,Wellness Kit
EVT03093,EMP194,Operations,24-11-2025,Wellness Retreat,Social,Wellness Month,Attended,142,81.1,15,23.1,Wellness Kit
EVT03094,EMP125,Marketing,24-11-2025,Wellness Retreat,Social,Mental Health Awareness Campaign,Attended,142,81.1,15,23.1,Wellness Kit
EVT03095,EMP158,Finance,24-11-2025,Wellness Retreat,Social,Mental Health Awareness Campaign,Attended,142,81.1,15,23.1,Wellness Kit
EVT03096,EMP013,Tech,24-11-2025,Wellness Retreat,Social,Employee Engagement Drive,Attended,142,81.1,15,23.1,Wellness Kit
EVT03097,EMP139,Marketing,24-11-2025,Wellness Retreat,Social,Employee Engagement Drive,Skipped,142,81.1,0,8.1,Gift Voucher
EVT03098,EMP169,Operations,24-11-2025,Wellness Retreat,Social,Mental Health Awareness Campaign,Attended,142,81.1,15,23.1,Wellness Kit
EVT03099,EMP081,HR,24-11-2025,Wellness Retreat,Social,Employee Engagement Drive,Skipped,142,81.1,0,8.1,Gift Voucher
EVT03100,EMP159,Finance,24-11-2025,Wellness Retreat,Social,Employee Engagement Drive,Attended,142,81.1,15,23.1,Wellness Kit
EVT03101,EMP148,Finance,24-11-2025,Wellness Retreat,Social,Wellness Month,Skipped,142,81.1,0,8.1,Gift Voucher
EVT03102,EMP143,Finance,24-11-2025,Wellness Retreat,Social,Healthy Workforce Initiative,Attended,142,81.1,15,23.1,Wellness Kit
EVT03103,EMP124,Marketing,24-11-2025,Wellness Retreat,Social,Healthy Workforce Initiative,Attended,142,81.1,15,23.1,Wellness Kit
EVT03104,EMP102,Marketing,24-11-2025,Wellness Retreat,Social,Mental Health Awareness Campaign,Attended,142,81.1,15,23.1,Wellness Kit
EVT03105,EMP247,Sales,24-11-2025,Wellness Retreat,Social,Wellness Month,Attended,142,81.1,15,23.1,Wellness Kit
EVT03106,EMP135,Marketing,24-11-2025,Wellness Retreat,Social,Employee Engagement Drive,Attended,142,81.1,15,23.1,Wellness Kit
EVT03107,EMP016,Tech,24-11-2025,Wellness Retreat,Social,Wellness Month,Attended,142,81.1,15,23.1,Wellness Kit
EVT03108,EMP079,HR,24-11-2025,Wellness Retreat,Social,Healthy Workforce Initiative,Attended,142,81.1,15,23.1,Wellness Kit
EVT03109,EMP062,Tech,24-11-2025,Wellness Retreat,Social,Mental Health Awareness Campaign,Attended,142,81.1,15,23.1,Wellness Kit
EVT03110,EMP242,Sales,24-11-2025,Wellness Retreat,Social,Healthy Workforce Initiative,Attended,142,81.1,15,23.1,Wellness Kit
EVT03111,EMP145,Finance,24-11-2025,Wellness Retreat,Social,Wellness Month,Attended,142,81.1,15,23.1,Wellness Kit
EVT03112,EMP118,Marketing,24-11-2025,Wellness Retreat,Social,Mental Health Awareness Campaign,Attended,142,81.1,15,23.1,Wellness Kit
EVT03113,EMP229,Sales,24-11-2025,Wellness Retreat,Social,Wellness Month,Skipped,142,81.1,0,8.1,Gift Voucher
EVT03114,EMP162,Finance,24-11-2025,Wellness Retreat,Social,Mental Health Awareness Campaign,Attended,142,81.1,15,23.1,Wellness Kit
EVT03115,EMP196,Operations,24-11-2025,Wellness Retreat,Social,Wellness Month,Skipped,142,81.1,0,8.1,Gift Voucher
EVT03116,EMP231,Sales,24-11-2025,Wellness Retreat,Social,Employee Engagement Drive,Attended,142,81.1,15,23.1,Wellness Kit
EVT03117,EMP178,Operations,24-11-2025,Wellness Retreat,Social,Mental Health Awareness Campaign,Attended,142,81.1,15,23.1,Wellness Kit
EVT03118,EMP132,Marketing,24-11-2025,Wellness Retreat,Social,Wellness Month,Attended,142,81.1,15,23.1,Wellness Kit
EVT03119,EMP114,Marketing,24-11-2025,Wellness Retreat,Social,Healthy Workforce Initiative,Attended,142,81.1,15,23.1,Wellness Kit
EVT03120,EMP093,HR,24-11-2025,Wellness Retreat,Social,Mental Health Awareness Campaign,Attended,142,81.1,15,23.1,Wellness Kit
EVT03121,EMP208,Operations,24-11-2025,Wellness Retreat,Social,Wellness Month,Attended,142,81.1,15,23.1,Wellness Kit
EVT03122,EMP142,Finance,24-11-2025,Wellness Retreat,Social,Mental Health Awareness Campaign,Attended,142,81.1,15,23.1,Wellness Kit
EVT03123,EMP103,Marketing,24-11-2025,Wellness Retreat,Social,Healthy Workforce Initiative,Attended,142,81.1,15,23.1,Wellness Kit
EVT03124,EMP149,Finance,24-11-2025,Wellness Retreat,Social,Wellness Month,Skipped,142,81.1,0,8.1,Gift Voucher
EVT03125,EMP228,Sales,24-11-2025,Wellness Retreat,Social,Wellness Month,Attended,142,81.1,15,23.1,Wellness Kit
EVT03126,EMP131,Marketing,24-11-2025,Wellness Retreat,Social,Wellness Month,Attended,142,81.1,15,23.1,Wellness Kit
EVT03127,EMP205,Operations,24-11-2025,Wellness Retreat,Social,Wellness Month,Attended,142,81.1,15,23.1,Wellness Kit
EVT03128,EMP108,Marketing,24-11-2025,Wellness Retreat,Social,Healthy Workforce Initiative,Attended,142,81.1,15,23.1,Wellness Kit
EVT03129,EMP198,Operations,24-11-2025,Wellness Retreat,Social,Healthy Workforce Initiative,Attended,142,81.1,15,23.1,Wellness Kit
EVT03130,EMP010,Tech,24-11-2025,Wellness Retreat,Social,Wellness Month,Skipped,142,81.1,0,8.1,Gift Voucher
EVT03131,EMP055,Tech,24-11-2025,Wellness Retreat,Social,Wellness Month,Skipped,142,81.1,0,8.1,Gift Voucher
EVT03132,EMP203,Operations,24-11-2025,Wellness Retreat,Social,Wellness Month,Skipped,142,81.1,0,8.1,Gift Voucher
EVT03133,EMP083,HR,24-11-2025,Wellness Retreat,Social,Healthy Workforce Initiative,Attended,142,81.1,15,23.1,Wellness Kit
EVT03134,EMP040,Tech,24-11-2025,Wellness Retreat,Social,Wellness Month,Skipped,142,81.1,0,8.1,Gift Voucher
EVT03135,EMP047,Tech,24-11-2025,Wellness Retreat,Social,Healthy Workforce Initiative,Skipped,142,81.1,0,8.1,Gift Voucher
EVT03136,EMP168,Operations,24-11-2025,Wellness Retreat,Social,Healthy Workforce Initiative,Attended,142,81.1,15,23.1,Wellness Kit
EVT03137,EMP237,Sales,24-11-2025,Wellness Retreat,Social,Mental Health Awareness Campaign,Attended,142,81.1,15,23.1,Wellness Kit
EVT03138,EMP041,Tech,24-11-2025,Wellness Retreat,Social,Mental Health Awareness Campaign,Attended,142,81.1,15,23.1,Wellness Kit
EVT03139,EMP107,Marketing,24-11-2025,Wellness Retreat,Social,Healthy Workforce Initiative,Attended,142,81.1,15,23.1,Wellness Kit
EVT03140,EMP217,Sales,24-11-2025,Wellness Retreat,Social,Healthy Workforce Initiative,Skipped,142,81.1,0,8.1,Gift Voucher
EVT03141,EMP036,Tech,24-11-2025,Wellness Retreat,Social,Employee Engagement Drive,Skipped,142,81.1,0,8.1,Gift Voucher
EVT03142,EMP105,Marketing,24-11-2025,Wellness Retreat,Social,Employee Engagement Drive,Attended,142,81.1,15,23.1,Wellness Kit
EVT03143,EMP033,Tech,24-11-2025,Wellness Retreat,Social,Wellness Month,Skipped,142,81.1,0,8.1,Gift Voucher
EVT03144,EMP035,Tech,24-11-2025,Wellness Retreat,Social,Mental Health Awareness Campaign,Attended,142,81.1,15,23.1,Wellness Kit
EVT03145,EMP153,Finance,24-11-2025,Wellness Retreat,Social,Mental Health Awareness Campaign,Skipped,142,81.1,0,8.1,Gift Voucher
EVT03146,EMP072,HR,24-11-2025,Wellness Retreat,Social,Employee Engagement Drive,Skipped,142,81.1,0,8.1,Gift Voucher
EVT03147,EMP156,Finance,24-11-2025,Wellness Retreat,Social,Wellness Month,Skipped,142,81.1,0,8.1,Gift Voucher
EVT03148,EMP012,Tech,24-11-2025,Wellness Retreat,Social,Healthy Workforce Initiative,Attended,142,81.1,15,23.1,Wellness Kit
EVT03149,EMP130,Marketing,24-11-2025,Wellness Retreat,Social,Wellness Month,Attended,142,81.1,15,23.1,Wellness Kit
EVT03150,EMP146,Finance,24-11-2025,Wellness Retreat,Social,Mental Health Awareness Campaign,Attended,142,81.1,15,23.1,Wellness Kit
EVT03151,EMP224,Sales,24-11-2025,Wellness Retreat,Social,Healthy Workforce Initiative,Attended,142,81.1,15,23.1,Wellness Kit
EVT03152,EMP014,Tech,24-11-2025,Wellness Retreat,Social,Wellness Month,Attended,142,81.1,15,23.1,Wellness Kit
EVT03153,EMP232,Sales,24-11-2025,Wellness Retreat,Social,Mental Health Awareness Campaign,Skipped,142,81.1,0,8.1,Gift Voucher
EVT03154,EMP020,Tech,24-11-2025,Wellness Retreat,Social,Healthy Workforce Initiative,Skipped,142,81.1,0,8.1,Gift Voucher
EVT03155,EMP240,Sales,24-11-2025,Wellness Retreat,Social,Employee Engagement Drive,Attended,142,81.1,15,23.1,Wellness Kit
EVT03156,EMP126,Marketing,24-11-2025,Wellness Retreat,Social,Healthy Workforce Initiative,Attended,142,81.1,15,23.1,Wellness Kit
EVT03157,EMP166,Operations,24-11-2025,Wellness Retreat,Social,Healthy Workforce Initiative,Attended,142,81.1,15,23.1,Wellness Kit
EVT03158,EMP241,Sales,24-11-2025,Wellness Retreat,Social,Wellness Month,Skipped,142,81.1,0,8.1,Gift Voucher
EVT03159,EMP054,Tech,24-11-2025,Wellness Retreat,Social,Mental Health Awareness Campaign,Attended,142,81.1,15,23.1,Wellness Kit
EVT03160,EMP210,Operations,24-11-2025,Wellness Retreat,Social,Employee Engagement Drive,Attended,142,81.1,15,23.1,Wellness Kit
EVT03161,EMP163,Finance,24-11-2025,Wellness Retreat,Social,Wellness Month,Skipped,142,81.1,0,8.1,Gift Voucher
EVT03162,EMP235,Sales,24-11-2025,Wellness Retreat,Social,Healthy Workforce Initiative,Skipped,142,81.1,0,8.1,Gift Voucher
EVT03163,EMP206,Operations,24-11-2025,Wellness Retreat,Social,Mental Health Awareness Campaign,Attended,142,81.1,15,23.1,Wellness Kit
EVT03164,EMP127,Marketing,24-11-2025,Wellness Retreat,Social,Wellness Month,Skipped,142,81.1,0,8.1,Gift Voucher
EVT03165,EMP064,Tech,24-11-2025,Wellness Retreat,Social,Healthy Workforce Initiative,Attended,142,81.1,15,23.1,Wellness Kit
EVT03166,EMP037,Tech,24-11-2025,Wellness Retreat,Social,Healthy Workforce Initiative,Attended,142,81.1,15,23.1,Wellness Kit
EVT03167,EMP128,Marketing,24-11-2025,Wellness Retreat,Social,Healthy Workforce Initiative,Attended,142,81.1,15,23.1,Wellness Kit
EVT03168,EMP187,Operations,24-11-2025,Wellness Retreat,Social,Employee Engagement Drive,Attended,142,81.1,15,23.1,Wellness Kit
EVT03169,EMP134,Marketing,24-11-2025,Wellness Retreat,Social,Wellness Month,Attended,142,81.1,15,23.1,Wellness Kit
EVT03170,EMP106,Marketing,24-11-2025,Wellness Retreat,Social,Healthy Workforce Initiative,Attended,142,81.1,15,23.1,Wellness Kit
EVT03171,EMP188,Operations,24-11-2025,Wellness Retreat,Social,Wellness Month,Attended,142,81.1,15,23.1,Wellness Kit
EVT03172,EMP133,Marketing,24-11-2025,Wellness Retreat,Social,Wellness Month,Attended,142,81.1,15,23.1,Wellness Kit
EVT03173,EMP121,Marketing,03-11-2025,Yoga Week,Mental,Healthy Workforce Initiative,Attended,81,46.3,20,24.6,Wellness Kit
EVT03174,EMP033,Tech,03-11-2025,Yoga Week,Mental,Healthy Workforce Initiative,Attended,81,46.3,20,24.6,Wellness Kit
EVT03175,EMP123,Marketing,03-11-2025,Yoga Week,Mental,Mental Health Awareness Campaign,Attended,81,46.3,20,24.6,Wellness Kit
EVT03176,EMP044,Tech,03-11-2025,Yoga Week,Mental,Wellness Month,Skipped,81,46.3,0,4.6,Gift Voucher
EVT03177,EMP006,Tech,03-11-2025,Yoga Week,Mental,Employee Engagement Drive,Attended,81,46.3,20,24.6,Wellness Kit
EVT03178,EMP075,HR,03-11-2025,Yoga Week,Mental,Healthy Workforce Initiative,Skipped,81,46.3,0,4.6,Gift Voucher
EVT03179,EMP012,Tech,03-11-2025,Yoga Week,Mental,Employee Engagement Drive,Attended,81,46.3,20,24.6,Wellness Kit
EVT03180,EMP130,Marketing,03-11-2025,Yoga Week,Mental,Mental Health Awareness Campaign,Attended,81,46.3,20,24.6,Wellness Kit
EVT03181,EMP171,Operations,03-11-2025,Yoga Week,Mental,Mental Health Awareness Campaign,Attended,81,46.3,20,24.6,Wellness Kit
EVT03182,EMP081,HR,03-11-2025,Yoga Week,Mental,Healthy Workforce Initiative,Attended,81,46.3,20,24.6,Wellness Kit
EVT03183,EMP116,Marketing,03-11-2025,Yoga Week,Mental,Employee Engagement Drive,Attended,81,46.3,20,24.6,Wellness Kit
EVT03184,EMP068,Tech,03-11-2025,Yoga Week,Mental,Employee Engagement Drive,Attended,81,46.3,20,24.6,Wellness Kit
EVT03185,EMP160,Finance,03-11-2025,Yoga Week,Mental,Mental Health Awareness Campaign,Attended,81,46.3,20,24.6,Wellness Kit
EVT03186,EMP190,Operations,03-11-2025,Yoga Week,Mental,Mental Health Awareness Campaign,Skipped,81,46.3,0,4.6,Gift Voucher
EVT03187,EMP166,Operations,03-11-2025,Yoga Week,Mental,Wellness Month,Attended,81,46.3,20,24.6,Wellness Kit
EVT03188,EMP207,Operations,03-11-2025,Yoga Week,Mental,Wellness Month,Attended,81,46.3,20,24.6,Wellness Kit
EVT03189,EMP180,Operations,03-11-2025,Yoga Week,Mental,Mental Health Awareness Campaign,Attended,81,46.3,20,24.6,Wellness Kit
EVT03190,EMP210,Operations,03-11-2025,Yoga Week,Mental,Healthy Workforce Initiative,Attended,81,46.3,20,24.6,Wellness Kit
EVT03191,EMP045,Tech,03-11-2025,Yoga Week,Mental,Mental Health Awareness Campaign,Attended,81,46.3,20,24.6,Wellness Kit
EVT03192,EMP151,Finance,03-11-2025,Yoga Week,Mental,Employee Engagement Drive,Attended,81,46.3,20,24.6,Wellness Kit
EVT03193,EMP213,Sales,03-11-2025,Yoga Week,Mental,Wellness Month,Attended,81,46.3,20,24.6,Wellness Kit
EVT03194,EMP020,Tech,03-11-2025,Yoga Week,Mental,Wellness Month,Skipped,81,46.3,0,4.6,Gift Voucher
EVT03195,EMP241,Sales,03-11-2025,Yoga Week,Mental,Employee Engagement Drive,Attended,81,46.3,20,24.6,Wellness Kit
EVT03196,EMP245,Sales,03-11-2025,Yoga Week,Mental,Wellness Month,Attended,81,46.3,20,24.6,Wellness Kit
EVT03197,EMP024,Tech,03-11-2025,Yoga Week,Mental,Mental Health Awareness Campaign,Attended,81,46.3,20,24.6,Wellness Kit
EVT03198,EMP039,Tech,03-11-2025,Yoga Week,Mental,Mental Health Awareness Campaign,Skipped,81,46.3,0,4.6,Gift Voucher
EVT03199,EMP179,Operations,03-11-2025,Yoga Week,Mental,Employee Engagement Drive,Attended,81,46.3,20,24.6,Wellness Kit
EVT03200,EMP191,Operations,03-11-2025,Yoga Week,Mental,Wellness Month,Attended,81,46.3,20,24.6,Wellness Kit
EVT03201,EMP119,Marketing,03-11-2025,Yoga Week,Mental,Employee Engagement Drive,Attended,81,46.3,20,24.6,Wellness Kit
EVT03202,EMP002,Tech,03-11-2025,Yoga Week,Mental,Wellness Month,Skipped,81,46.3,0,4.6,Gift Voucher
EVT03203,EMP030,Tech,03-11-2025,Yoga Week,Mental,Employee Engagement Drive,Attended,81,46.3,20,24.6,Wellness Kit
EVT03204,EMP225,Sales,03-11-2025,Yoga Week,Mental,Mental Health Awareness Campaign,Attended,81,46.3,20,24.6,Wellness Kit
EVT03205,EMP203,Operations,03-11-2025,Yoga Week,Mental,Healthy Workforce Initiative,Attended,81,46.3,20,24.6,Wellness Kit
EVT03206,EMP040,Tech,03-11-2025,Yoga Week,Mental,Mental Health Awareness Campaign,Attended,81,46.3,20,24.6,Wellness Kit
EVT03207,EMP076,HR,03-11-2025,Yoga Week,Mental,Wellness Month,Attended,81,46.3,20,24.6,Wellness Kit
EVT03208,EMP229,Sales,03-11-2025,Yoga Week,Mental,Wellness Month,Skipped,81,46.3,0,4.6,Gift Voucher
EVT03209,EMP230,Sales,03-11-2025,Yoga Week,Mental,Employee Engagement Drive,Attended,81,46.3,20,24.6,Wellness Kit
EVT03210,EMP219,Sales,03-11-2025,Yoga Week,Mental,Employee Engagement Drive,Attended,81,46.3,20,24.6,Wellness Kit
EVT03211,EMP032,Tech,03-11-2025,Yoga Week,Mental,Healthy Workforce Initiative,Attended,81,46.3,20,24.6,Wellness Kit
EVT03212,EMP082,HR,03-11-2025,Yoga Week,Mental,Healthy Workforce Initiative,Attended,81,46.3,20,24.6,Wellness Kit
EVT03213,EMP109,Marketing,03-11-2025,Yoga Week,Mental,Healthy Workforce Initiative,Attended,81,46.3,20,24.6,Wellness Kit
EVT03214,EMP084,HR,03-11-2025,Yoga Week,Mental,Wellness Month,Skipped,81,46.3,0,4.6,Gift Voucher
EVT03215,EMP031,Tech,03-11-2025,Yoga Week,Mental,Mental Health Awareness Campaign,Attended,81,46.3,20,24.6,Wellness Kit
EVT03216,EMP009,Tech,03-11-2025,Yoga Week,Mental,Mental Health Awareness Campaign,Attended,81,46.3,20,24.6,Wellness Kit
EVT03217,EMP095,HR,03-11-2025,Yoga Week,Mental,Mental Health Awareness Campaign,Attended,81,46.3,20,24.6,Wellness Kit
EVT03218,EMP036,Tech,03-11-2025,Yoga Week,Mental,Mental Health Awareness Campaign,Attended,81,46.3,20,24.6,Wellness Kit
EVT03219,EMP128,Marketing,03-11-2025,Yoga Week,Mental,Wellness Month,Attended,81,46.3,20,24.6,Wellness Kit
EVT03220,EMP140,Marketing,03-11-2025,Yoga Week,Mental,Healthy Workforce Initiative,Attended,81,46.3,20,24.6,Wellness Kit
EVT03221,EMP216,Sales,03-11-2025,Yoga Week,Mental,Mental Health Awareness Campaign,Attended,81,46.3,20,24.6,Wellness Kit
EVT03222,EMP178,Operations,03-11-2025,Yoga Week,Mental,Healthy Workforce Initiative,Skipped,81,46.3,0,4.6,Gift Voucher
EVT03223,EMP133,Marketing,03-11-2025,Yoga Week,Mental,Employee Engagement Drive,Attended,81,46.3,20,24.6,Wellness Kit
EVT03224,EMP167,Operations,03-11-2025,Yoga Week,Mental,Mental Health Awareness Campaign,Attended,81,46.3,20,24.6,Wellness Kit
EVT03225,EMP018,Tech,03-11-2025,Yoga Week,Mental,Employee Engagement Drive,Attended,81,46.3,20,24.6,Wellness Kit
EVT03226,EMP237,Sales,03-11-2025,Yoga Week,Mental,Employee Engagement Drive,Skipped,81,46.3,0,4.6,Gift Voucher
EVT03227,EMP091,HR,03-11-2025,Yoga Week,Mental,Employee Engagement Drive,Attended,81,46.3,20,24.6,Wellness Kit
EVT03228,EMP217,Sales,03-11-2025,Yoga Week,Mental,Healthy Workforce Initiative,Attended,81,46.3,20,24.6,Wellness Kit
EVT03229,EMP056,Tech,03-11-2025,Yoga Week,Mental,Employee Engagement Drive,Attended,81,46.3,20,24.6,Wellness Kit
EVT03230,EMP112,Marketing,03-11-2025,Yoga Week,Mental,Wellness Month,Attended,81,46.3,20,24.6,Wellness Kit
EVT03231,EMP004,Tech,03-11-2025,Yoga Week,Mental,Wellness Month,Skipped,81,46.3,0,4.6,Gift Voucher
EVT03232,EMP246,Sales,03-11-2025,Yoga Week,Mental,Mental Health Awareness Campaign,Attended,81,46.3,20,24.6,Wellness Kit
EVT03233,EMP239,Sales,03-11-2025,Yoga Week,Mental,Mental Health Awareness Campaign,Attended,81,46.3,20,24.6,Wellness Kit
EVT03234,EMP062,Tech,03-11-2025,Yoga Week,Mental,Mental Health Awareness Campaign,Skipped,81,46.3,0,4.6,Gift Voucher
EVT03235,EMP085,HR,03-11-2025,Yoga Week,Mental,Healthy Workforce Initiative,Skipped,81,46.3,0,4.6,Gift Voucher
EVT03236,EMP147,Finance,03-11-2025,Yoga Week,Mental,Mental Health Awareness Campaign,Attended,81,46.3,20,24.6,Wellness Kit
EVT03237,EMP206,Operations,03-11-2025,Yoga Week,Mental,Mental Health Awareness Campaign,Skipped,81,46.3,0,4.6,Gift Voucher
EVT03238,EMP236,Sales,03-11-2025,Yoga Week,Mental,Healthy Workforce Initiative,Attended,81,46.3,20,24.6,Wellness Kit
EVT03239,EMP097,HR,03-11-2025,Yoga Week,Mental,Employee Engagement Drive,Attended,81,46.3,20,24.6,Wellness Kit
EVT03240,EMP143,Finance,03-11-2025,Yoga Week,Mental,Employee Engagement Drive,Skipped,81,46.3,0,4.6,Gift Voucher
EVT03241,EMP157,Finance,03-11-2025,Yoga Week,Mental,Mental Health Awareness Campaign,Attended,81,46.3,20,24.6,Wellness Kit
EVT03242,EMP114,Marketing,03-11-2025,Yoga Week,Mental,Healthy Workforce Initiative,Attended,81,46.3,20,24.6,Wellness Kit
EVT03243,EMP026,Tech,03-11-2025,Yoga Week,Mental,Mental Health Awareness Campaign,Skipped,81,46.3,0,4.6,Gift Voucher
EVT03244,EMP047,Tech,03-11-2025,Yoga Week,Mental,Healthy Workforce Initiative,Attended,81,46.3,20,24.6,Wellness Kit
EVT03245,EMP053,Tech,03-11-2025,Yoga Week,Mental,Healthy Workforce Initiative,Skipped,81,46.3,0,4.6,Gift Voucher
EVT03246,EMP218,Sales,03-11-2025,Yoga Week,Mental,Mental Health Awareness Campaign,Attended,81,46.3,20,24.6,Wellness Kit
EVT03247,EMP146,Finance,03-11-2025,Yoga Week,Mental,Employee Engagement Drive,Attended,81,46.3,20,24.6,Wellness Kit
EVT03248,EMP224,Sales,03-11-2025,Yoga Week,Mental,Wellness Month,Skipped,81,46.3,0,4.6,Gift Voucher
EVT03249,EMP192,Operations,03-11-2025,Yoga Week,Mental,Wellness Month,Attended,81,46.3,20,24.6,Wellness Kit
EVT03250,EMP238,Sales,03-11-2025,Yoga Week,Mental,Wellness Month,Skipped,81,46.3,0,4.6,Gift Voucher
EVT03251,EMP023,Tech,03-11-2025,Yoga Week,Mental,Mental Health Awareness Campaign,Attended,81,46.3,20,24.6,Wellness Kit
EVT03252,EMP086,HR,03-11-2025,Yoga Week,Mental,Mental Health Awareness Campaign,Attended,81,46.3,20,24.6,Wellness Kit
EVT03253,EMP193,Operations,03-11-2025,Yoga Week,Mental,Mental Health Awareness Campaign,Attended,81,46.3,20,24.6,Wellness Kit
EVT03254,EMP193,Operations,27-11-2025,Step Challenge,Fitness,Mental Health Awareness Campaign,Attended,161,92,20,29.2,Wellness Kit
EVT03255,EMP178,Operations,27-11-2025,Step Challenge,Fitness,Mental Health Awareness Campaign,Attended,161,92,20,29.2,Wellness Kit
EVT03256,EMP230,Sales,27-11-2025,Step Challenge,Fitness,Employee Engagement Drive,Attended,161,92,20,29.2,Wellness Kit
EVT03257,EMP221,Sales,27-11-2025,Step Challenge,Fitness,Mental Health Awareness Campaign,Attended,161,92,20,29.2,Wellness Kit
EVT03258,EMP157,Finance,27-11-2025,Step Challenge,Fitness,Healthy Workforce Initiative,Attended,161,92,20,29.2,Wellness Kit
EVT03259,EMP032,Tech,27-11-2025,Step Challenge,Fitness,Mental Health Awareness Campaign,Attended,161,92,20,29.2,Wellness Kit
EVT03260,EMP099,HR,27-11-2025,Step Challenge,Fitness,Healthy Workforce Initiative,Attended,161,92,20,29.2,Wellness Kit
EVT03261,EMP093,HR,27-11-2025,Step Challenge,Fitness,Wellness Month,Attended,161,92,20,29.2,Wellness Kit
EVT03262,EMP249,Sales,27-11-2025,Step Challenge,Fitness,Healthy Workforce Initiative,Attended,161,92,20,29.2,Wellness Kit
EVT03263,EMP191,Operations,27-11-2025,Step Challenge,Fitness,Employee Engagement Drive,Attended,161,92,20,29.2,Wellness Kit
EVT03264,EMP155,Finance,27-11-2025,Step Challenge,Fitness,Wellness Month,Attended,161,92,20,29.2,Wellness Kit
EVT03265,EMP164,Finance,27-11-2025,Step Challenge,Fitness,Wellness Month,Skipped,161,92,0,9.2,Gift Voucher
EVT03266,EMP033,Tech,27-11-2025,Step Challenge,Fitness,Mental Health Awareness Campaign,Attended,161,92,20,29.2,Wellness Kit
EVT03267,EMP079,HR,27-11-2025,Step Challenge,Fitness,Healthy Workforce Initiative,Skipped,161,92,0,9.2,Gift Voucher
EVT03268,EMP081,HR,27-11-2025,Step Challenge,Fitness,Healthy Workforce Initiative,Attended,161,92,20,29.2,Wellness Kit
EVT03269,EMP195,Operations,27-11-2025,Step Challenge,Fitness,Healthy Workforce Initiative,Skipped,161,92,0,9.2,Gift Voucher
EVT03270,EMP059,Tech,27-11-2025,Step Challenge,Fitness,Wellness Month,Attended,161,92,20,29.2,Wellness Kit
EVT03271,EMP098,HR,27-11-2025,Step Challenge,Fitness,Wellness Month,Attended,161,92,20,29.2,Wellness Kit
EVT03272,EMP076,HR,27-11-2025,Step Challenge,Fitness,Mental Health Awareness Campaign,Skipped,161,92,0,9.2,Gift Voucher
EVT03273,EMP125,Marketing,27-11-2025,Step Challenge,Fitness,Mental Health Awareness Campaign,Skipped,161,92,0,9.2,Gift Voucher
EVT03274,EMP146,Finance,27-11-2025,Step Challenge,Fitness,Wellness Month,Attended,161,92,20,29.2,Wellness Kit
EVT03275,EMP135,Marketing,27-11-2025,Step Challenge,Fitness,Healthy Workforce Initiative,Attended,161,92,20,29.2,Wellness Kit
EVT03276,EMP209,Operations,27-11-2025,Step Challenge,Fitness,Healthy Workforce Initiative,Attended,161,92,20,29.2,Wellness Kit
EVT03277,EMP223,Sales,27-11-2025,Step Challenge,Fitness,Employee Engagement Drive,Attended,161,92,20,29.2,Wellness Kit
EVT03278,EMP072,HR,27-11-2025,Step Challenge,Fitness,Mental Health Awareness Campaign,Attended,161,92,20,29.2,Wellness Kit
EVT03279,EMP017,Tech,27-11-2025,Step Challenge,Fitness,Wellness Month,Attended,161,92,20,29.2,Wellness Kit
EVT03280,EMP055,Tech,27-11-2025,Step Challenge,Fitness,Healthy Workforce Initiative,Attended,161,92,20,29.2,Wellness Kit
EVT03281,EMP245,Sales,27-11-2025,Step Challenge,Fitness,Wellness Month,Attended,161,92,20,29.2,Wellness Kit
EVT03282,EMP070,Tech,27-11-2025,Step Challenge,Fitness,Mental Health Awareness Campaign,Attended,161,92,20,29.2,Wellness Kit
EVT03283,EMP192,Operations,27-11-2025,Step Challenge,Fitness,Healthy Workforce Initiative,Attended,161,92,20,29.2,Wellness Kit
EVT03284,EMP105,Marketing,27-11-2025,Step Challenge,Fitness,Wellness Month,Attended,161,92,20,29.2,Wellness Kit
EVT03285,EMP174,Operations,27-11-2025,Step Challenge,Fitness,Employee Engagement Drive,Skipped,161,92,0,9.2,Gift Voucher
EVT03286,EMP063,Tech,27-11-2025,Step Challenge,Fitness,Employee Engagement Drive,Attended,161,92,20,29.2,Wellness Kit
EVT03287,EMP228,Sales,27-11-2025,Step Challenge,Fitness,Healthy Workforce Initiative,Skipped,161,92,0,9.2,Gift Voucher
EVT03288,EMP242,Sales,27-11-2025,Step Challenge,Fitness,Healthy Workforce Initiative,Attended,161,92,20,29.2,Wellness Kit
EVT03289,EMP042,Tech,27-11-2025,Step Challenge,Fitness,Healthy Workforce Initiative,Attended,161,92,20,29.2,Wellness Kit
EVT03290,EMP030,Tech,27-11-2025,Step Challenge,Fitness,Healthy Workforce Initiative,Attended,161,92,20,29.2,Wellness Kit
EVT03291,EMP051,Tech,27-11-2025,Step Challenge,Fitness,Mental Health Awareness Campaign,Attended,161,92,20,29.2,Wellness Kit
EVT03292,EMP234,Sales,27-11-2025,Step Challenge,Fitness,Healthy Workforce Initiative,Skipped,161,92,0,9.2,Gift Voucher
EVT03293,EMP013,Tech,27-11-2025,Step Challenge,Fitness,Wellness Month,Attended,161,92,20,29.2,Wellness Kit
EVT03294,EMP012,Tech,27-11-2025,Step Challenge,Fitness,Healthy Workforce Initiative,Attended,161,92,20,29.2,Wellness Kit
EVT03295,EMP232,Sales,27-11-2025,Step Challenge,Fitness,Healthy Workforce Initiative,Attended,161,92,20,29.2,Wellness Kit
EVT03296,EMP131,Marketing,27-11-2025,Step Challenge,Fitness,Wellness Month,Attended,161,92,20,29.2,Wellness Kit
EVT03297,EMP075,HR,27-11-2025,Step Challenge,Fitness,Mental Health Awareness Campaign,Skipped,161,92,0,9.2,Gift Voucher
EVT03298,EMP111,Marketing,27-11-2025,Step Challenge,Fitness,Wellness Month,Attended,161,92,20,29.2,Wellness Kit
EVT03299,EMP198,Operations,27-11-2025,Step Challenge,Fitness,Healthy Workforce Initiative,Skipped,161,92,0,9.2,Gift Voucher
EVT03300,EMP058,Tech,27-11-2025,Step Challenge,Fitness,Wellness Month,Skipped,161,92,0,9.2,Gift Voucher
EVT03301,EMP020,Tech,27-11-2025,Step Challenge,Fitness,Employee Engagement Drive,Attended,161,92,20,29.2,Wellness Kit
EVT03302,EMP212,Sales,27-11-2025,Step Challenge,Fitness,Healthy Workforce Initiative,Attended,161,92,20,29.2,Wellness Kit
EVT03303,EMP043,Tech,27-11-2025,Step Challenge,Fitness,Mental Health Awareness Campaign,Skipped,161,92,0,9.2,Gift Voucher
EVT03304,EMP023,Tech,27-11-2025,Step Challenge,Fitness,Mental Health Awareness Campaign,Attended,161,92,20,29.2,Wellness Kit
EVT03305,EMP250,Sales,27-11-2025,Step Challenge,Fitness,Wellness Month,Skipped,161,92,0,9.2,Gift Voucher
EVT03306,EMP019,Tech,27-11-2025,Step Challenge,Fitness,Employee Engagement Drive,Attended,161,92,20,29.2,Wellness Kit
EVT03307,EMP148,Finance,27-11-2025,Step Challenge,Fitness,Employee Engagement Drive,Attended,161,92,20,29.2,Wellness Kit
EVT03308,EMP054,Tech,27-11-2025,Step Challenge,Fitness,Employee Engagement Drive,Attended,161,92,20,29.2,Wellness Kit
EVT03309,EMP003,Tech,27-11-2025,Step Challenge,Fitness,Wellness Month,Attended,161,92,20,29.2,Wellness Kit
EVT03310,EMP067,Tech,27-11-2025,Step Challenge,Fitness,Wellness Month,Attended,161,92,20,29.2,Wellness Kit
EVT03311,EMP029,Tech,27-11-2025,Step Challenge,Fitness,Employee Engagement Drive,Attended,161,92,20,29.2,Wellness Kit
EVT03312,EMP027,Tech,27-11-2025,Step Challenge,Fitness,Healthy Workforce Initiative,Skipped,161,92,0,9.2,Gift Voucher
EVT03313,EMP127,Marketing,27-11-2025,Step Challenge,Fitness,Healthy Workforce Initiative,Skipped,161,92,0,9.2,Gift Voucher
EVT03314,EMP121,Marketing,27-11-2025,Step Challenge,Fitness,Wellness Month,Attended,161,92,20,29.2,Wellness Kit
EVT03315,EMP110,Marketing,27-11-2025,Step Challenge,Fitness,Wellness Month,Attended,161,92,20,29.2,Wellness Kit
EVT03316,EMP137,Marketing,27-11-2025,Step Challenge,Fitness,Mental Health Awareness Campaign,Attended,161,92,20,29.2,Wellness Kit
EVT03317,EMP103,Marketing,27-11-2025,Step Challenge,Fitness,Mental Health Awareness Campaign,Attended,161,92,20,29.2,Wellness Kit
EVT03318,EMP218,Sales,27-11-2025,Step Challenge,Fitness,Employee Engagement Drive,Attended,161,92,20,29.2,Wellness Kit
EVT03319,EMP085,HR,27-11-2025,Step Challenge,Fitness,Healthy Workforce Initiative,Attended,161,92,20,29.2,Wellness Kit
EVT03320,EMP087,HR,27-11-2025,Step Challenge,Fitness,Employee Engagement Drive,Attended,161,92,20,29.2,Wellness Kit
EVT03321,EMP120,Marketing,27-11-2025,Step Challenge,Fitness,Employee Engagement Drive,Attended,161,92,20,29.2,Wellness Kit
EVT03322,EMP024,Tech,27-11-2025,Step Challenge,Fitness,Employee Engagement Drive,Attended,161,92,20,29.2,Wellness Kit
EVT03323,EMP011,Tech,27-11-2025,Step Challenge,Fitness,Healthy Workforce Initiative,Attended,161,92,20,29.2,Wellness Kit
EVT03324,EMP123,Marketing,27-11-2025,Step Challenge,Fitness,Mental Health Awareness Campaign,Attended,161,92,20,29.2,Wellness Kit
EVT03325,EMP038,Tech,27-11-2025,Step Challenge,Fitness,Wellness Month,Attended,161,92,20,29.2,Wellness Kit
EVT03326,EMP068,Tech,27-11-2025,Step Challenge,Fitness,Mental Health Awareness Campaign,Attended,161,92,20,29.2,Wellness Kit
EVT03327,EMP001,Tech,27-11-2025,Step Challenge,Fitness,Wellness Month,Skipped,161,92,0,9.2,Gift Voucher
EVT03328,EMP199,Operations,27-11-2025,Step Challenge,Fitness,Healthy Workforce Initiative,Skipped,161,92,0,9.2,Gift Voucher
EVT03329,EMP126,Marketing,27-11-2025,Step Challenge,Fitness,Employee Engagement Drive,Skipped,161,92,0,9.2,Gift Voucher
EVT03330,EMP037,Tech,27-11-2025,Step Challenge,Fitness,Healthy Workforce Initiative,Attended,161,92,20,29.2,Wellness Kit
EVT03331,EMP177,Operations,27-11-2025,Step Challenge,Fitness,Healthy Workforce Initiative,Skipped,161,92,0,9.2,Gift Voucher
EVT03332,EMP007,Tech,27-11-2025,Step Challenge,Fitness,Mental Health Awareness Campaign,Skipped,161,92,0,9.2,Gift Voucher
EVT03333,EMP154,Finance,27-11-2025,Step Challenge,Fitness,Healthy Workforce Initiative,Attended,161,92,20,29.2,Wellness Kit
EVT03334,EMP015,Tech,27-11-2025,Step Challenge,Fitness,Wellness Month,Attended,161,92,20,29.2,Wellness Kit
EVT03335,EMP138,Marketing,27-11-2025,Step Challenge,Fitness,Healthy Workforce Initiative,Attended,161,92,20,29.2,Wellness Kit
EVT03336,EMP236,Sales,27-11-2025,Step Challenge,Fitness,Mental Health Awareness Campaign,Attended,161,92,20,29.2,Wellness Kit
EVT03337,EMP219,Sales,27-11-2025,Step Challenge,Fitness,Employee Engagement Drive,Attended,161,92,20,29.2,Wellness Kit
EVT03338,EMP034,Tech,27-11-2025,Step Challenge,Fitness,Employee Engagement Drive,Attended,161,92,20,29.2,Wellness Kit
EVT03339,EMP224,Sales,27-11-2025,Step Challenge,Fitness,Employee Engagement Drive,Attended,161,92,20,29.2,Wellness Kit
EVT03340,EMP112,Marketing,27-11-2025,Step Challenge,Fitness,Employee Engagement Drive,Attended,161,92,20,29.2,Wellness Kit
EVT03341,EMP048,Tech,27-11-2025,Step Challenge,Fitness,Mental Health Awareness Campaign,Attended,161,92,20,29.2,Wellness Kit
EVT03342,EMP247,Sales,27-11-2025,Step Challenge,Fitness,Employee Engagement Drive,Attended,161,92,20,29.2,Wellness Kit
EVT03343,EMP168,Operations,27-11-2025,Step Challenge,Fitness,Healthy Workforce Initiative,Attended,161,92,20,29.2,Wellness Kit
EVT03344,EMP122,Marketing,27-11-2025,Step Challenge,Fitness,Employee Engagement Drive,Attended,161,92,20,29.2,Wellness Kit
EVT03345,EMP151,Finance,27-11-2025,Step Challenge,Fitness,Mental Health Awareness Campaign,Attended,161,92,20,29.2,Wellness Kit
EVT03346,EMP145,Finance,27-11-2025,Step Challenge,Fitness,Employee Engagement Drive,Skipped,161,92,0,9.2,Gift Voucher
EVT03347,EMP026,Tech,27-11-2025,Step Challenge,Fitness,Wellness Month,Attended,161,92,20,29.2,Wellness Kit
EVT03348,EMP106,Marketing,27-11-2025,Step Challenge,Fitness,Employee Engagement Drive,Attended,161,92,20,29.2,Wellness Kit
EVT03349,EMP104,Marketing,27-11-2025,Step Challenge,Fitness,Employee Engagement Drive,Attended,161,92,20,29.2,Wellness Kit
EVT03350,EMP162,Finance,27-11-2025,Step Challenge,Fitness,Employee Engagement Drive,Skipped,161,92,0,9.2,Gift Voucher
EVT03351,EMP208,Operations,27-11-2025,Step Challenge,Fitness,Healthy Workforce Initiative,Attended,161,92,20,29.2,Wellness Kit
EVT03352,EMP036,Tech,27-11-2025,Step Challenge,Fitness,Healthy Workforce Initiative,Attended,161,92,20,29.2,Wellness Kit
EVT03353,EMP132,Marketing,27-11-2025,Step Challenge,Fitness,Healthy Workforce Initiative,Attended,161,92,20,29.2,Wellness Kit
EVT03354,EMP010,Tech,27-11-2025,Step Challenge,Fitness,Wellness Month,Attended,161,92,20,29.2,Wellness Kit
EVT03355,EMP082,HR,27-11-2025,Step Challenge,Fitness,Healthy Workforce Initiative,Attended,161,92,20,29.2,Wellness Kit
EVT03356,EMP147,Finance,27-11-2025,Step Challenge,Fitness,Mental Health Awareness Campaign,Attended,161,92,20,29.2,Wellness Kit
EVT03357,EMP213,Sales,27-11-2025,Step Challenge,Fitness,Wellness Month,Skipped,161,92,0,9.2,Gift Voucher
EVT03358,EMP052,Tech,27-11-2025,Step Challenge,Fitness,Wellness Month,Attended,161,92,20,29.2,Wellness Kit
EVT03359,EMP086,HR,27-11-2025,Step Challenge,Fitness,Wellness Month,Skipped,161,92,0,9.2,Gift Voucher
EVT03360,EMP222,Sales,27-11-2025,Step Challenge,Fitness,Employee Engagement Drive,Skipped,161,92,0,9.2,Gift Voucher
EVT03361,EMP207,Operations,27-11-2025,Step Challenge,Fitness,Mental Health Awareness Campaign,Attended,161,92,20,29.2,Wellness Kit
EVT03362,EMP214,Sales,27-11-2025,Step Challenge,Fitness,Wellness Month,Attended,161,92,20,29.2,Wellness Kit
EVT03363,EMP004,Tech,27-11-2025,Step Challenge,Fitness,Employee Engagement Drive,Skipped,161,92,0,9.2,Gift Voucher
EVT03364,EMP226,Sales,27-11-2025,Step Challenge,Fitness,Healthy Workforce Initiative,Attended,161,92,20,29.2,Wellness Kit
EVT03365,EMP083,HR,27-11-2025,Step Challenge,Fitness,Mental Health Awareness Campaign,Attended,161,92,20,29.2,Wellness Kit
EVT03366,EMP119,Marketing,27-11-2025,Step Challenge,Fitness,Wellness Month,Skipped,161,92,0,9.2,Gift Voucher
EVT03367,EMP028,Tech,27-11-2025,Step Challenge,Fitness,Employee Engagement Drive,Attended,161,92,20,29.2,Wellness Kit
EVT03368,EMP161,Finance,27-11-2025,Step Challenge,Fitness,Employee Engagement Drive,Attended,161,92,20,29.2,Wellness Kit
EVT03369,EMP165,Finance,27-11-2025,Step Challenge,Fitness,Employee Engagement Drive,Skipped,161,92,0,9.2,Gift Voucher
EVT03370,EMP205,Operations,27-11-2025,Step Challenge,Fitness,Wellness Month,Attended,161,92,20,29.2,Wellness Kit
EVT03371,EMP061,Tech,27-11-2025,Step Challenge,Fitness,Wellness Month,Skipped,161,92,0,9.2,Gift Voucher
EVT03372,EMP118,Marketing,27-11-2025,Step Challenge,Fitness,Wellness Month,Attended,161,92,20,29.2,Wellness Kit
EVT03373,EMP141,Finance,27-11-2025,Step Challenge,Fitness,Wellness Month,Attended,161,92,20,29.2,Wellness Kit
EVT03374,EMP201,Operations,27-11-2025,Step Challenge,Fitness,Wellness Month,Skipped,161,92,0,9.2,Gift Voucher
EVT03375,EMP006,Tech,27-11-2025,Step Challenge,Fitness,Wellness Month,Attended,161,92,20,29.2,Wellness Kit
EVT03376,EMP046,Tech,27-11-2025,Step Challenge,Fitness,Wellness Month,Attended,161,92,20,29.2,Wellness Kit
EVT03377,EMP114,Marketing,27-11-2025,Step Challenge,Fitness,Wellness Month,Attended,161,92,20,29.2,Wellness Kit
EVT03378,EMP190,Operations,27-11-2025,Step Challenge,Fitness,Employee Engagement Drive,Attended,161,92,20,29.2,Wellness Kit
EVT03379,EMP185,Operations,27-11-2025,Step Challenge,Fitness,Employee Engagement Drive,Attended,161,92,20,29.2,Wellness Kit
EVT03380,EMP109,Marketing,27-11-2025,Step Challenge,Fitness,Mental Health Awareness Campaign,Attended,161,92,20,29.2,Wellness Kit
EVT03381,EMP069,Tech,27-11-2025,Step Challenge,Fitness,Employee Engagement Drive,Attended,161,92,20,29.2,Wellness Kit
EVT03382,EMP163,Finance,27-11-2025,Step Challenge,Fitness,Wellness Month,Attended,161,92,20,29.2,Wellness Kit
EVT03383,EMP088,HR,27-11-2025,Step Challenge,Fitness,Wellness Month,Attended,161,92,20,29.2,Wellness Kit
EVT03384,EMP166,Operations,27-11-2025,Step Challenge,Fitness,Wellness Month,Attended,161,92,20,29.2,Wellness Kit
EVT03385,EMP225,Sales,27-11-2025,Step Challenge,Fitness,Mental Health Awareness Campaign,Attended,161,92,20,29.2,Wellness Kit
EVT03386,EMP197,Operations,27-11-2025,Step Challenge,Fitness,Mental Health Awareness Campaign,Attended,161,92,20,29.2,Wellness Kit
EVT03387,EMP149,Finance,27-11-2025,Step Challenge,Fitness,Wellness Month,Attended,161,92,20,29.2,Wellness Kit
EVT03388,EMP016,Tech,27-11-2025,Step Challenge,Fitness,Healthy Workforce Initiative,Attended,161,92,20,29.2,Wellness Kit
EVT03389,EMP102,Marketing,27-11-2025,Step Challenge,Fitness,Healthy Workforce Initiative,Attended,161,92,20,29.2,Wellness Kit
EVT03390,EMP153,Finance,27-11-2025,Step Challenge,Fitness,Mental Health Awareness Campaign,Skipped,161,92,0,9.2,Gift Voucher
EVT03391,EMP231,Sales,27-11-2025,Step Challenge,Fitness,Wellness Month,Attended,161,92,20,29.2,Wellness Kit
EVT03392,EMP100,HR,27-11-2025,Step Challenge,Fitness,Wellness Month,Skipped,161,92,0,9.2,Gift Voucher
EVT03393,EMP244,Sales,27-11-2025,Step Challenge,Fitness,Wellness Month,Attended,161,92,20,29.2,Wellness Kit
EVT03394,EMP101,Marketing,27-11-2025,Step Challenge,Fitness,Mental Health Awareness Campaign,Attended,161,92,20,29.2,Wellness Kit
EVT03395,EMP071,HR,27-11-2025,Step Challenge,Fitness,Healthy Workforce Initiative,Skipped,161,92,0,9.2,Gift Voucher
EVT03396,EMP091,HR,27-11-2025,Step Challenge,Fitness,Mental Health Awareness Campaign,Skipped,161,92,0,9.2,Gift Voucher
EVT03397,EMP065,Tech,27-11-2025,Step Challenge,Fitness,Healthy Workforce Initiative,Skipped,161,92,0,9.2,Gift Voucher
EVT03398,EMP211,Sales,27-11-2025,Step Challenge,Fitness,Healthy Workforce Initiative,Attended,161,92,20,29.2,Wellness Kit
EVT03399,EMP169,Operations,27-11-2025,Step Challenge,Fitness,Wellness Month,Skipped,161,92,0,9.2,Gift Voucher
EVT03400,EMP050,Tech,27-11-2025,Step Challenge,Fitness,Wellness Month,Attended,161,92,20,29.2,Wellness Kit
EVT03401,EMP018,Tech,27-11-2025,Step Challenge,Fitness,Mental Health Awareness Campaign,Attended,161,92,20,29.2,Wellness Kit
EVT03402,EMP084,HR,27-11-2025,Step Challenge,Fitness,Employee Engagement Drive,Attended,161,92,20,29.2,Wellness Kit
EVT03403,EMP136,Marketing,27-11-2025,Step Challenge,Fitness,Employee Engagement Drive,Attended,161,92,20,29.2,Wellness Kit
EVT03404,EMP203,Operations,27-11-2025,Step Challenge,Fitness,Healthy Workforce Initiative,Attended,161,92,20,29.2,Wellness Kit
EVT03405,EMP005,Tech,27-11-2025,Step Challenge,Fitness,Healthy Workforce Initiative,Skipped,161,92,0,9.2,Gift Voucher
EVT03406,EMP035,Tech,27-11-2025,Step Challenge,Fitness,Mental Health Awareness Campaign,Skipped,161,92,0,9.2,Gift Voucher
EVT03407,EMP097,HR,27-11-2025,Step Challenge,Fitness,Wellness Month,Skipped,161,92,0,9.2,Gift Voucher
EVT03408,EMP188,Operations,27-11-2025,Step Challenge,Fitness,Healthy Workforce Initiative,Attended,161,92,20,29.2,Wellness Kit
EVT03409,EMP062,Tech,27-11-2025,Step Challenge,Fitness,Employee Engagement Drive,Attended,161,92,20,29.2,Wellness Kit
EVT03410,EMP167,Operations,27-11-2025,Step Challenge,Fitness,Mental Health Awareness Campaign,Skipped,161,92,0,9.2,Gift Voucher
EVT03411,EMP044,Tech,27-11-2025,Step Challenge,Fitness,Mental Health Awareness Campaign,Skipped,161,92,0,9.2,Gift Voucher
EVT03412,EMP216,Sales,27-11-2025,Step Challenge,Fitness,Healthy Workforce Initiative,Skipped,161,92,0,9.2,Gift Voucher
EVT03413,EMP045,Tech,27-11-2025,Step Challenge,Fitness,Mental Health Awareness Campaign,Attended,161,92,20,29.2,Wellness Kit
EVT03414,EMP220,Sales,27-11-2025,Step Challenge,Fitness,Mental Health Awareness Campaign,Attended,161,92,20,29.2,Wellness Kit
EVT03415,EMP006,Tech,27-12-2025,Step Challenge,Fitness,Mental Health Awareness Campaign,Attended,83,47.4,20,24.7,Wellness Kit
EVT03416,EMP150,Finance,27-12-2025,Step Challenge,Fitness,Mental Health Awareness Campaign,Skipped,83,47.4,0,4.7,Gift Voucher
EVT03417,EMP032,Tech,27-12-2025,Step Challenge,Fitness,Mental Health Awareness Campaign,Skipped,83,47.4,0,4.7,Gift Voucher
EVT03418,EMP112,Marketing,27-12-2025,Step Challenge,Fitness,Mental Health Awareness Campaign,Attended,83,47.4,20,24.7,Wellness Kit
EVT03419,EMP169,Operations,27-12-2025,Step Challenge,Fitness,Wellness Month,Skipped,83,47.4,0,4.7,Gift Voucher
EVT03420,EMP090,HR,27-12-2025,Step Challenge,Fitness,Mental Health Awareness Campaign,Attended,83,47.4,20,24.7,Wellness Kit
EVT03421,EMP050,Tech,27-12-2025,Step Challenge,Fitness,Employee Engagement Drive,Skipped,83,47.4,0,4.7,Gift Voucher
EVT03422,EMP047,Tech,27-12-2025,Step Challenge,Fitness,Healthy Workforce Initiative,Attended,83,47.4,20,24.7,Wellness Kit
EVT03423,EMP184,Operations,27-12-2025,Step Challenge,Fitness,Wellness Month,Attended,83,47.4,20,24.7,Wellness Kit
EVT03424,EMP100,HR,27-12-2025,Step Challenge,Fitness,Healthy Workforce Initiative,Attended,83,47.4,20,24.7,Wellness Kit
EVT03425,EMP249,Sales,27-12-2025,Step Challenge,Fitness,Healthy Workforce Initiative,Skipped,83,47.4,0,4.7,Gift Voucher
EVT03426,EMP023,Tech,27-12-2025,Step Challenge,Fitness,Healthy Workforce Initiative,Attended,83,47.4,20,24.7,Wellness Kit
EVT03427,EMP159,Finance,27-12-2025,Step Challenge,Fitness,Wellness Month,Attended,83,47.4,20,24.7,Wellness Kit
EVT03428,EMP056,Tech,27-12-2025,Step Challenge,Fitness,Wellness Month,Attended,83,47.4,20,24.7,Wellness Kit
EVT03429,EMP082,HR,27-12-2025,Step Challenge,Fitness,Mental Health Awareness Campaign,Attended,83,47.4,20,24.7,Wellness Kit
EVT03430,EMP121,Marketing,27-12-2025,Step Challenge,Fitness,Healthy Workforce Initiative,Attended,83,47.4,20,24.7,Wellness Kit
EVT03431,EMP059,Tech,27-12-2025,Step Challenge,Fitness,Employee Engagement Drive,Attended,83,47.4,20,24.7,Wellness Kit
EVT03432,EMP164,Finance,27-12-2025,Step Challenge,Fitness,Employee Engagement Drive,Attended,83,47.4,20,24.7,Wellness Kit
EVT03433,EMP200,Operations,27-12-2025,Step Challenge,Fitness,Employee Engagement Drive,Attended,83,47.4,20,24.7,Wellness Kit
EVT03434,EMP072,HR,27-12-2025,Step Challenge,Fitness,Mental Health Awareness Campaign,Attended,83,47.4,20,24.7,Wellness Kit
EVT03435,EMP046,Tech,27-12-2025,Step Challenge,Fitness,Mental Health Awareness Campaign,Skipped,83,47.4,0,4.7,Gift Voucher
EVT03436,EMP017,Tech,27-12-2025,Step Challenge,Fitness,Wellness Month,Attended,83,47.4,20,24.7,Wellness Kit
EVT03437,EMP051,Tech,27-12-2025,Step Challenge,Fitness,Healthy Workforce Initiative,Attended,83,47.4,20,24.7,Wellness Kit
EVT03438,EMP206,Operations,27-12-2025,Step Challenge,Fitness,Healthy Workforce Initiative,Attended,83,47.4,20,24.7,Wellness Kit
EVT03439,EMP215,Sales,27-12-2025,Step Challenge,Fitness,Healthy Workforce Initiative,Attended,83,47.4,20,24.7,Wellness Kit
EVT03440,EMP062,Tech,27-12-2025,Step Challenge,Fitness,Employee Engagement Drive,Attended,83,47.4,20,24.7,Wellness Kit
EVT03441,EMP084,HR,27-12-2025,Step Challenge,Fitness,Healthy Workforce Initiative,Attended,83,47.4,20,24.7,Wellness Kit
EVT03442,EMP152,Finance,27-12-2025,Step Challenge,Fitness,Mental Health Awareness Campaign,Skipped,83,47.4,0,4.7,Gift Voucher
EVT03443,EMP239,Sales,27-12-2025,Step Challenge,Fitness,Healthy Workforce Initiative,Skipped,83,47.4,0,4.7,Gift Voucher
EVT03444,EMP124,Marketing,27-12-2025,Step Challenge,Fitness,Healthy Workforce Initiative,Attended,83,47.4,20,24.7,Wellness Kit
EVT03445,EMP166,Operations,27-12-2025,Step Challenge,Fitness,Employee Engagement Drive,Attended,83,47.4,20,24.7,Wellness Kit
EVT03446,EMP060,Tech,27-12-2025,Step Challenge,Fitness,Healthy Workforce Initiative,Attended,83,47.4,20,24.7,Wellness Kit
EVT03447,EMP244,Sales,27-12-2025,Step Challenge,Fitness,Mental Health Awareness Campaign,Attended,83,47.4,20,24.7,Wellness Kit
EVT03448,EMP145,Finance,27-12-2025,Step Challenge,Fitness,Wellness Month,Attended,83,47.4,20,24.7,Wellness Kit
EVT03449,EMP229,Sales,27-12-2025,Step Challenge,Fitness,Mental Health Awareness Campaign,Attended,83,47.4,20,24.7,Wellness Kit
EVT03450,EMP015,Tech,27-12-2025,Step Challenge,Fitness,Wellness Month,Attended,83,47.4,20,24.7,Wellness Kit
EVT03451,EMP245,Sales,27-12-2025,Step Challenge,Fitness,Wellness Month,Attended,83,47.4,20,24.7,Wellness Kit
EVT03452,EMP223,Sales,27-12-2025,Step Challenge,Fitness,Healthy Workforce Initiative,Attended,83,47.4,20,24.7,Wellness Kit
EVT03453,EMP207,Operations,27-12-2025,Step Challenge,Fitness,Wellness Month,Attended,83,47.4,20,24.7,Wellness Kit
EVT03454,EMP016,Tech,27-12-2025,Step Challenge,Fitness,Employee Engagement Drive,Skipped,83,47.4,0,4.7,Gift Voucher
EVT03455,EMP181,Operations,27-12-2025,Step Challenge,Fitness,Wellness Month,Attended,83,47.4,20,24.7,Wellness Kit
EVT03456,EMP002,Tech,27-12-2025,Step Challenge,Fitness,Healthy Workforce Initiative,Attended,83,47.4,20,24.7,Wellness Kit
EVT03457,EMP197,Operations,27-12-2025,Step Challenge,Fitness,Healthy Workforce Initiative,Attended,83,47.4,20,24.7,Wellness Kit
EVT03458,EMP123,Marketing,27-12-2025,Step Challenge,Fitness,Wellness Month,Attended,83,47.4,20,24.7,Wellness Kit
EVT03459,EMP125,Marketing,27-12-2025,Step Challenge,Fitness,Mental Health Awareness Campaign,Attended,83,47.4,20,24.7,Wellness Kit
EVT03460,EMP020,Tech,27-12-2025,Step Challenge,Fitness,Employee Engagement Drive,Attended,83,47.4,20,24.7,Wellness Kit
EVT03461,EMP161,Finance,27-12-2025,Step Challenge,Fitness,Mental Health Awareness Campaign,Attended,83,47.4,20,24.7,Wellness Kit
EVT03462,EMP135,Marketing,27-12-2025,Step Challenge,Fitness,Mental Health Awareness Campaign,Attended,83,47.4,20,24.7,Wellness Kit
EVT03463,EMP226,Sales,27-12-2025,Step Challenge,Fitness,Employee Engagement Drive,Skipped,83,47.4,0,4.7,Gift Voucher
EVT03464,EMP004,Tech,27-12-2025,Step Challenge,Fitness,Healthy Workforce Initiative,Attended,83,47.4,20,24.7,Wellness Kit
EVT03465,EMP098,HR,27-12-2025,Step Challenge,Fitness,Healthy Workforce Initiative,Attended,83,47.4,20,24.7,Wellness Kit
EVT03466,EMP052,Tech,27-12-2025,Step Challenge,Fitness,Wellness Month,Attended,83,47.4,20,24.7,Wellness Kit
EVT03467,EMP148,Finance,27-12-2025,Step Challenge,Fitness,Employee Engagement Drive,Skipped,83,47.4,0,4.7,Gift Voucher
EVT03468,EMP128,Marketing,27-12-2025,Step Challenge,Fitness,Healthy Workforce Initiative,Attended,83,47.4,20,24.7,Wellness Kit
EVT03469,EMP178,Operations,27-12-2025,Step Challenge,Fitness,Mental Health Awareness Campaign,Skipped,83,47.4,0,4.7,Gift Voucher
EVT03470,EMP136,Marketing,27-12-2025,Step Challenge,Fitness,Mental Health Awareness Campaign,Attended,83,47.4,20,24.7,Wellness Kit
EVT03471,EMP097,HR,27-12-2025,Step Challenge,Fitness,Wellness Month,Attended,83,47.4,20,24.7,Wellness Kit
EVT03472,EMP069,Tech,27-12-2025,Step Challenge,Fitness,Mental Health Awareness Campaign,Attended,83,47.4,20,24.7,Wellness Kit
EVT03473,EMP080,HR,27-12-2025,Step Challenge,Fitness,Wellness Month,Attended,83,47.4,20,24.7,Wellness Kit
EVT03474,EMP175,Operations,27-12-2025,Step Challenge,Fitness,Healthy Workforce Initiative,Attended,83,47.4,20,24.7,Wellness Kit
EVT03475,EMP231,Sales,27-12-2025,Step Challenge,Fitness,Mental Health Awareness Campaign,Attended,83,47.4,20,24.7,Wellness Kit
EVT03476,EMP139,Marketing,27-12-2025,Step Challenge,Fitness,Wellness Month,Skipped,83,47.4,0,4.7,Gift Voucher
EVT03477,EMP137,Marketing,27-12-2025,Step Challenge,Fitness,Healthy Workforce Initiative,Skipped,83,47.4,0,4.7,Gift Voucher
EVT03478,EMP014,Tech,27-12-2025,Step Challenge,Fitness,Mental Health Awareness Campaign,Attended,83,47.4,20,24.7,Wellness Kit
EVT03479,EMP120,Marketing,27-12-2025,Step Challenge,Fitness,Healthy Workforce Initiative,Attended,83,47.4,20,24.7,Wellness Kit
EVT03480,EMP057,Tech,27-12-2025,Step Challenge,Fitness,Employee Engagement Drive,Attended,83,47.4,20,24.7,Wellness Kit
EVT03481,EMP191,Operations,27-12-2025,Step Challenge,Fitness,Employee Engagement Drive,Skipped,83,47.4,0,4.7,Gift Voucher
EVT03482,EMP140,Marketing,27-12-2025,Step Challenge,Fitness,Healthy Workforce Initiative,Attended,83,47.4,20,24.7,Wellness Kit
EVT03483,EMP240,Sales,27-12-2025,Step Challenge,Fitness,Employee Engagement Drive,Attended,83,47.4,20,24.7,Wellness Kit
EVT03484,EMP117,Marketing,27-12-2025,Step Challenge,Fitness,Wellness Month,Attended,83,47.4,20,24.7,Wellness Kit
EVT03485,EMP160,Finance,27-12-2025,Step Challenge,Fitness,Healthy Workforce Initiative,Attended,83,47.4,20,24.7,Wellness Kit
EVT03486,EMP079,HR,27-12-2025,Step Challenge,Fitness,Wellness Month,Attended,83,47.4,20,24.7,Wellness Kit
EVT03487,EMP230,Sales,27-12-2025,Step Challenge,Fitness,Wellness Month,Attended,83,47.4,20,24.7,Wellness Kit
EVT03488,EMP070,Tech,27-12-2025,Step Challenge,Fitness,Healthy Workforce Initiative,Attended,83,47.4,20,24.7,Wellness Kit
EVT03489,EMP158,Finance,27-12-2025,Step Challenge,Fitness,Wellness Month,Skipped,83,47.4,0,4.7,Gift Voucher
EVT03490,EMP250,Sales,27-12-2025,Step Challenge,Fitness,Wellness Month,Attended,83,47.4,20,24.7,Wellness Kit
EVT03491,EMP209,Operations,27-12-2025,Step Challenge,Fitness,Mental Health Awareness Campaign,Skipped,83,47.4,0,4.7,Gift Voucher
EVT03492,EMP208,Operations,27-12-2025,Step Challenge,Fitness,Wellness Month,Attended,83,47.4,20,24.7,Wellness Kit
EVT03493,EMP222,Sales,27-12-2025,Step Challenge,Fitness,Wellness Month,Attended,83,47.4,20,24.7,Wellness Kit
EVT03494,EMP182,Operations,27-12-2025,Step Challenge,Fitness,Employee Engagement Drive,Attended,83,47.4,20,24.7,Wellness Kit
EVT03495,EMP134,Marketing,27-12-2025,Step Challenge,Fitness,Healthy Workforce Initiative,Attended,83,47.4,20,24.7,Wellness Kit
EVT03496,EMP190,Operations,27-12-2025,Step Challenge,Fitness,Wellness Month,Attended,83,47.4,20,24.7,Wellness Kit
EVT03497,EMP107,Marketing,27-12-2025,Step Challenge,Fitness,Healthy Workforce Initiative,Attended,83,47.4,20,24.7,Wellness Kit
EVT03498,EMP163,Finance,19-12-2025,Creative Workshop,Creative,Wellness Month,Attended,155,88.6,10,18.9,Gift Voucher
EVT03499,EMP050,Tech,19-12-2025,Creative Workshop,Creative,Wellness Month,Attended,155,88.6,10,18.9,Gift Voucher
EVT03500,EMP100,HR,19-12-2025,Creative Workshop,Creative,Mental Health Awareness Campaign,Attended,155,88.6,10,18.9,Gift Voucher
EVT03501,EMP222,Sales,19-12-2025,Creative Workshop,Creative,Employee Engagement Drive,Attended,155,88.6,10,18.9,Gift Voucher
EVT03502,EMP173,Operations,19-12-2025,Creative Workshop,Creative,Wellness Month,Attended,155,88.6,10,18.9,Gift Voucher
EVT03503,EMP239,Sales,19-12-2025,Creative Workshop,Creative,Wellness Month,Skipped,155,88.6,0,8.9,Gift Voucher
EVT03504,EMP055,Tech,19-12-2025,Creative Workshop,Creative,Mental Health Awareness Campaign,Attended,155,88.6,10,18.9,Gift Voucher
EVT03505,EMP133,Marketing,19-12-2025,Creative Workshop,Creative,Wellness Month,Skipped,155,88.6,0,8.9,Gift Voucher
EVT03506,EMP168,Operations,19-12-2025,Creative Workshop,Creative,Mental Health Awareness Campaign,Skipped,155,88.6,0,8.9,Gift Voucher
EVT03507,EMP228,Sales,19-12-2025,Creative Workshop,Creative,Wellness Month,Skipped,155,88.6,0,8.9,Gift Voucher
EVT03508,EMP105,Marketing,19-12-2025,Creative Workshop,Creative,Healthy Workforce Initiative,Attended,155,88.6,10,18.9,Gift Voucher
EVT03509,EMP135,Marketing,19-12-2025,Creative Workshop,Creative,Wellness Month,Skipped,155,88.6,0,8.9,Gift Voucher
EVT03510,EMP229,Sales,19-12-2025,Creative Workshop,Creative,Healthy Workforce Initiative,Attended,155,88.6,10,18.9,Gift Voucher
EVT03511,EMP107,Marketing,19-12-2025,Creative Workshop,Creative,Employee Engagement Drive,Attended,155,88.6,10,18.9,Gift Voucher
EVT03512,EMP116,Marketing,19-12-2025,Creative Workshop,Creative,Mental Health Awareness Campaign,Attended,155,88.6,10,18.9,Gift Voucher
EVT03513,EMP240,Sales,19-12-2025,Creative Workshop,Creative,Wellness Month,Skipped,155,88.6,0,8.9,Gift Voucher
EVT03514,EMP191,Operations,19-12-2025,Creative Workshop,Creative,Mental Health Awareness Campaign,Attended,155,88.6,10,18.9,Gift Voucher
EVT03515,EMP016,Tech,19-12-2025,Creative Workshop,Creative,Mental Health Awareness Campaign,Skipped,155,88.6,0,8.9,Gift Voucher
EVT03516,EMP076,HR,19-12-2025,Creative Workshop,Creative,Wellness Month,Attended,155,88.6,10,18.9,Gift Voucher
EVT03517,EMP125,Marketing,19-12-2025,Creative Workshop,Creative,Mental Health Awareness Campaign,Attended,155,88.6,10,18.9,Gift Voucher
EVT03518,EMP059,Tech,19-12-2025,Creative Workshop,Creative,Employee Engagement Drive,Skipped,155,88.6,0,8.9,Gift Voucher
EVT03519,EMP172,Operations,19-12-2025,Creative Workshop,Creative,Employee Engagement Drive,Skipped,155,88.6,0,8.9,Gift Voucher
EVT03520,EMP045,Tech,19-12-2025,Creative Workshop,Creative,Mental Health Awareness Campaign,Attended,155,88.6,10,18.9,Gift Voucher
EVT03521,EMP132,Marketing,19-12-2025,Creative Workshop,Creative,Mental Health Awareness Campaign,Attended,155,88.6,10,18.9,Gift Voucher
EVT03522,EMP029,Tech,19-12-2025,Creative Workshop,Creative,Employee Engagement Drive,Attended,155,88.6,10,18.9,Gift Voucher
EVT03523,EMP140,Marketing,19-12-2025,Creative Workshop,Creative,Healthy Workforce Initiative,Skipped,155,88.6,0,8.9,Gift Voucher
EVT03524,EMP102,Marketing,19-12-2025,Creative Workshop,Creative,Wellness Month,Attended,155,88.6,10,18.9,Gift Voucher
EVT03525,EMP177,Operations,19-12-2025,Creative Workshop,Creative,Healthy Workforce Initiative,Attended,155,88.6,10,18.9,Gift Voucher
EVT03526,EMP018,Tech,19-12-2025,Creative Workshop,Creative,Wellness Month,Attended,155,88.6,10,18.9,Gift Voucher
EVT03527,EMP200,Operations,19-12-2025,Creative Workshop,Creative,Employee Engagement Drive,Attended,155,88.6,10,18.9,Gift Voucher
EVT03528,EMP120,Marketing,19-12-2025,Creative Workshop,Creative,Mental Health Awareness Campaign,Attended,155,88.6,10,18.9,Gift Voucher
EVT03529,EMP142,Finance,19-12-2025,Creative Workshop,Creative,Healthy Workforce Initiative,Attended,155,88.6,10,18.9,Gift Voucher
EVT03530,EMP218,Sales,19-12-2025,Creative Workshop,Creative,Mental Health Awareness Campaign,Attended,155,88.6,10,18.9,Gift Voucher
EVT03531,EMP219,Sales,19-12-2025,Creative Workshop,Creative,Employee Engagement Drive,Skipped,155,88.6,0,8.9,Gift Voucher
EVT03532,EMP052,Tech,19-12-2025,Creative Workshop,Creative,Healthy Workforce Initiative,Attended,155,88.6,10,18.9,Gift Voucher
EVT03533,EMP046,Tech,19-12-2025,Creative Workshop,Creative,Healthy Workforce Initiative,Attended,155,88.6,10,18.9,Gift Voucher
EVT03534,EMP094,HR,19-12-2025,Creative Workshop,Creative,Wellness Month,Attended,155,88.6,10,18.9,Gift Voucher
EVT03535,EMP123,Marketing,19-12-2025,Creative Workshop,Creative,Employee Engagement Drive,Skipped,155,88.6,0,8.9,Gift Voucher
EVT03536,EMP205,Operations,19-12-2025,Creative Workshop,Creative,Wellness Month,Attended,155,88.6,10,18.9,Gift Voucher
EVT03537,EMP071,HR,19-12-2025,Creative Workshop,Creative,Employee Engagement Drive,Attended,155,88.6,10,18.9,Gift Voucher
EVT03538,EMP056,Tech,19-12-2025,Creative Workshop,Creative,Wellness Month,Skipped,155,88.6,0,8.9,Gift Voucher
EVT03539,EMP109,Marketing,19-12-2025,Creative Workshop,Creative,Healthy Workforce Initiative,Skipped,155,88.6,0,8.9,Gift Voucher
EVT03540,EMP248,Sales,19-12-2025,Creative Workshop,Creative,Mental Health Awareness Campaign,Attended,155,88.6,10,18.9,Gift Voucher
EVT03541,EMP225,Sales,19-12-2025,Creative Workshop,Creative,Wellness Month,Attended,155,88.6,10,18.9,Gift Voucher
EVT03542,EMP043,Tech,19-12-2025,Creative Workshop,Creative,Healthy Workforce Initiative,Attended,155,88.6,10,18.9,Gift Voucher
EVT03543,EMP067,Tech,19-12-2025,Creative Workshop,Creative,Employee Engagement Drive,Attended,155,88.6,10,18.9,Gift Voucher
EVT03544,EMP190,Operations,19-12-2025,Creative Workshop,Creative,Healthy Workforce Initiative,Attended,155,88.6,10,18.9,Gift Voucher
EVT03545,EMP144,Finance,19-12-2025,Creative Workshop,Creative,Healthy Workforce Initiative,Skipped,155,88.6,0,8.9,Gift Voucher
EVT03546,EMP202,Operations,19-12-2025,Creative Workshop,Creative,Healthy Workforce Initiative,Attended,155,88.6,10,18.9,Gift Voucher
EVT03547,EMP036,Tech,19-12-2025,Creative Workshop,Creative,Mental Health Awareness Campaign,Attended,155,88.6,10,18.9,Gift Voucher
EVT03548,EMP146,Finance,19-12-2025,Creative Workshop,Creative,Employee Engagement Drive,Attended,155,88.6,10,18.9,Gift Voucher
EVT03549,EMP238,Sales,19-12-2025,Creative Workshop,Creative,Wellness Month,Attended,155,88.6,10,18.9,Gift Voucher
EVT03550,EMP224,Sales,19-12-2025,Creative Workshop,Creative,Wellness Month,Attended,155,88.6,10,18.9,Gift Voucher
EVT03551,EMP033,Tech,19-12-2025,Creative Workshop,Creative,Employee Engagement Drive,Skipped,155,88.6,0,8.9,Gift Voucher
EVT03552,EMP035,Tech,19-12-2025,Creative Workshop,Creative,Mental Health Awareness Campaign,Attended,155,88.6,10,18.9,Gift Voucher
EVT03553,EMP246,Sales,19-12-2025,Creative Workshop,Creative,Employee Engagement Drive,Attended,155,88.6,10,18.9,Gift Voucher
EVT03554,EMP087,HR,19-12-2025,Creative Workshop,Creative,Healthy Workforce Initiative,Skipped,155,88.6,0,8.9,Gift Voucher
EVT03555,EMP204,Operations,19-12-2025,Creative Workshop,Creative,Wellness Month,Attended,155,88.6,10,18.9,Gift Voucher
EVT03556,EMP122,Marketing,19-12-2025,Creative Workshop,Creative,Healthy Workforce Initiative,Skipped,155,88.6,0,8.9,Gift Voucher
EVT03557,EMP152,Finance,19-12-2025,Creative Workshop,Creative,Employee Engagement Drive,Skipped,155,88.6,0,8.9,Gift Voucher
EVT03558,EMP091,HR,19-12-2025,Creative Workshop,Creative,Mental Health Awareness Campaign,Attended,155,88.6,10,18.9,Gift Voucher
EVT03559,EMP143,Finance,19-12-2025,Creative Workshop,Creative,Employee Engagement Drive,Attended,155,88.6,10,18.9,Gift Voucher
EVT03560,EMP001,Tech,19-12-2025,Creative Workshop,Creative,Employee Engagement Drive,Attended,155,88.6,10,18.9,Gift Voucher
EVT03561,EMP217,Sales,19-12-2025,Creative Workshop,Creative,Wellness Month,Attended,155,88.6,10,18.9,Gift Voucher
EVT03562,EMP042,Tech,19-12-2025,Creative Workshop,Creative,Mental Health Awareness Campaign,Attended,155,88.6,10,18.9,Gift Voucher
EVT03563,EMP227,Sales,19-12-2025,Creative Workshop,Creative,Employee Engagement Drive,Attended,155,88.6,10,18.9,Gift Voucher
EVT03564,EMP032,Tech,19-12-2025,Creative Workshop,Creative,Employee Engagement Drive,Skipped,155,88.6,0,8.9,Gift Voucher
EVT03565,EMP236,Sales,19-12-2025,Creative Workshop,Creative,Healthy Workforce Initiative,Attended,155,88.6,10,18.9,Gift Voucher
EVT03566,EMP193,Operations,19-12-2025,Creative Workshop,Creative,Mental Health Awareness Campaign,Attended,155,88.6,10,18.9,Gift Voucher
EVT03567,EMP077,HR,19-12-2025,Creative Workshop,Creative,Healthy Workforce Initiative,Attended,155,88.6,10,18.9,Gift Voucher
EVT03568,EMP211,Sales,19-12-2025,Creative Workshop,Creative,Wellness Month,Attended,155,88.6,10,18.9,Gift Voucher
EVT03569,EMP012,Tech,19-12-2025,Creative Workshop,Creative,Mental Health Awareness Campaign,Attended,155,88.6,10,18.9,Gift Voucher
EVT03570,EMP108,Marketing,19-12-2025,Creative Workshop,Creative,Mental Health Awareness Campaign,Skipped,155,88.6,0,8.9,Gift Voucher
EVT03571,EMP074,HR,19-12-2025,Creative Workshop,Creative,Wellness Month,Skipped,155,88.6,0,8.9,Gift Voucher
EVT03572,EMP184,Operations,19-12-2025,Creative Workshop,Creative,Wellness Month,Attended,155,88.6,10,18.9,Gift Voucher
EVT03573,EMP106,Marketing,19-12-2025,Creative Workshop,Creative,Employee Engagement Drive,Attended,155,88.6,10,18.9,Gift Voucher
EVT03574,EMP118,Marketing,19-12-2025,Creative Workshop,Creative,Wellness Month,Attended,155,88.6,10,18.9,Gift Voucher
EVT03575,EMP080,HR,19-12-2025,Creative Workshop,Creative,Mental Health Awareness Campaign,Attended,155,88.6,10,18.9,Gift Voucher
EVT03576,EMP158,Finance,19-12-2025,Creative Workshop,Creative,Healthy Workforce Initiative,Attended,155,88.6,10,18.9,Gift Voucher
EVT03577,EMP081,HR,19-12-2025,Creative Workshop,Creative,Employee Engagement Drive,Attended,155,88.6,10,18.9,Gift Voucher
EVT03578,EMP089,HR,19-12-2025,Creative Workshop,Creative,Employee Engagement Drive,Attended,155,88.6,10,18.9,Gift Voucher
EVT03579,EMP022,Tech,19-12-2025,Creative Workshop,Creative,Mental Health Awareness Campaign,Skipped,155,88.6,0,8.9,Gift Voucher
EVT03580,EMP231,Sales,19-12-2025,Creative Workshop,Creative,Employee Engagement Drive,Attended,155,88.6,10,18.9,Gift Voucher
EVT03581,EMP051,Tech,19-12-2025,Creative Workshop,Creative,Mental Health Awareness Campaign,Attended,155,88.6,10,18.9,Gift Voucher
EVT03582,EMP214,Sales,19-12-2025,Creative Workshop,Creative,Employee Engagement Drive,Attended,155,88.6,10,18.9,Gift Voucher
EVT03583,EMP004,Tech,19-12-2025,Creative Workshop,Creative,Healthy Workforce Initiative,Attended,155,88.6,10,18.9,Gift Voucher
EVT03584,EMP027,Tech,19-12-2025,Creative Workshop,Creative,Employee Engagement Drive,Attended,155,88.6,10,18.9,Gift Voucher
EVT03585,EMP215,Sales,19-12-2025,Creative Workshop,Creative,Mental Health Awareness Campaign,Skipped,155,88.6,0,8.9,Gift Voucher
EVT03586,EMP206,Operations,19-12-2025,Creative Workshop,Creative,Employee Engagement Drive,Skipped,155,88.6,0,8.9,Gift Voucher
EVT03587,EMP159,Finance,19-12-2025,Creative Workshop,Creative,Healthy Workforce Initiative,Attended,155,88.6,10,18.9,Gift Voucher
EVT03588,EMP085,HR,19-12-2025,Creative Workshop,Creative,Wellness Month,Attended,155,88.6,10,18.9,Gift Voucher
EVT03589,EMP104,Marketing,19-12-2025,Creative Workshop,Creative,Mental Health Awareness Campaign,Attended,155,88.6,10,18.9,Gift Voucher
EVT03590,EMP174,Operations,19-12-2025,Creative Workshop,Creative,Employee Engagement Drive,Skipped,155,88.6,0,8.9,Gift Voucher
EVT03591,EMP250,Sales,19-12-2025,Creative Workshop,Creative,Wellness Month,Skipped,155,88.6,0,8.9,Gift Voucher
EVT03592,EMP021,Tech,19-12-2025,Creative Workshop,Creative,Healthy Workforce Initiative,Attended,155,88.6,10,18.9,Gift Voucher
EVT03593,EMP121,Marketing,19-12-2025,Creative Workshop,Creative,Healthy Workforce Initiative,Attended,155,88.6,10,18.9,Gift Voucher
EVT03594,EMP235,Sales,19-12-2025,Creative Workshop,Creative,Employee Engagement Drive,Attended,155,88.6,10,18.9,Gift Voucher
EVT03595,EMP201,Operations,19-12-2025,Creative Workshop,Creative,Employee Engagement Drive,Attended,155,88.6,10,18.9,Gift Voucher
EVT03596,EMP126,Marketing,19-12-2025,Creative Workshop,Creative,Healthy Workforce Initiative,Attended,155,88.6,10,18.9,Gift Voucher
EVT03597,EMP064,Tech,19-12-2025,Creative Workshop,Creative,Healthy Workforce Initiative,Attended,155,88.6,10,18.9,Gift Voucher
EVT03598,EMP127,Marketing,19-12-2025,Creative Workshop,Creative,Healthy Workforce Initiative,Attended,155,88.6,10,18.9,Gift Voucher
EVT03599,EMP187,Operations,19-12-2025,Creative Workshop,Creative,Healthy Workforce Initiative,Attended,155,88.6,10,18.9,Gift Voucher
EVT03600,EMP010,Tech,19-12-2025,Creative Workshop,Creative,Healthy Workforce Initiative,Skipped,155,88.6,0,8.9,Gift Voucher
EVT03601,EMP170,Operations,19-12-2025,Creative Workshop,Creative,Employee Engagement Drive,Attended,155,88.6,10,18.9,Gift Voucher
EVT03602,EMP072,HR,19-12-2025,Creative Workshop,Creative,Employee Engagement Drive,Attended,155,88.6,10,18.9,Gift Voucher
EVT03603,EMP024,Tech,19-12-2025,Creative Workshop,Creative,Healthy Workforce Initiative,Attended,155,88.6,10,18.9,Gift Voucher
EVT03604,EMP241,Sales,19-12-2025,Creative Workshop,Creative,Employee Engagement Drive,Attended,155,88.6,10,18.9,Gift Voucher
EVT03605,EMP151,Finance,19-12-2025,Creative Workshop,Creative,Wellness Month,Attended,155,88.6,10,18.9,Gift Voucher
EVT03606,EMP098,HR,19-12-2025,Creative Workshop,Creative,Healthy Workforce Initiative,Attended,155,88.6,10,18.9,Gift Voucher
EVT03607,EMP149,Finance,19-12-2025,Creative Workshop,Creative,Wellness Month,Attended,155,88.6,10,18.9,Gift Voucher
EVT03608,EMP196,Operations,19-12-2025,Creative Workshop,Creative,Healthy Workforce Initiative,Attended,155,88.6,10,18.9,Gift Voucher
EVT03609,EMP167,Operations,19-12-2025,Creative Workshop,Creative,Mental Health Awareness Campaign,Attended,155,88.6,10,18.9,Gift Voucher
EVT03610,EMP090,HR,19-12-2025,Creative Workshop,Creative,Mental Health Awareness Campaign,Attended,155,88.6,10,18.9,Gift Voucher
EVT03611,EMP005,Tech,19-12-2025,Creative Workshop,Creative,Mental Health Awareness Campaign,Attended,155,88.6,10,18.9,Gift Voucher
EVT03612,EMP232,Sales,19-12-2025,Creative Workshop,Creative,Mental Health Awareness Campaign,Attended,155,88.6,10,18.9,Gift Voucher
EVT03613,EMP164,Finance,19-12-2025,Creative Workshop,Creative,Healthy Workforce Initiative,Attended,155,88.6,10,18.9,Gift Voucher
EVT03614,EMP057,Tech,19-12-2025,Creative Workshop,Creative,Wellness Month,Skipped,155,88.6,0,8.9,Gift Voucher
EVT03615,EMP186,Operations,19-12-2025,Creative Workshop,Creative,Mental Health Awareness Campaign,Skipped,155,88.6,0,8.9,Gift Voucher
EVT03616,EMP037,Tech,19-12-2025,Creative Workshop,Creative,Employee Engagement Drive,Skipped,155,88.6,0,8.9,Gift Voucher
EVT03617,EMP112,Marketing,19-12-2025,Creative Workshop,Creative,Wellness Month,Attended,155,88.6,10,18.9,Gift Voucher
EVT03618,EMP213,Sales,19-12-2025,Creative Workshop,Creative,Healthy Workforce Initiative,Skipped,155,88.6,0,8.9,Gift Voucher
EVT03619,EMP136,Marketing,19-12-2025,Creative Workshop,Creative,Employee Engagement Drive,Attended,155,88.6,10,18.9,Gift Voucher
EVT03620,EMP114,Marketing,19-12-2025,Creative Workshop,Creative,Employee Engagement Drive,Attended,155,88.6,10,18.9,Gift Voucher
EVT03621,EMP247,Sales,19-12-2025,Creative Workshop,Creative,Healthy Workforce Initiative,Attended,155,88.6,10,18.9,Gift Voucher
EVT03622,EMP237,Sales,19-12-2025,Creative Workshop,Creative,Employee Engagement Drive,Attended,155,88.6,10,18.9,Gift Voucher
EVT03623,EMP015,Tech,19-12-2025,Creative Workshop,Creative,Mental Health Awareness Campaign,Attended,155,88.6,10,18.9,Gift Voucher
EVT03624,EMP006,Tech,19-12-2025,Creative Workshop,Creative,Wellness Month,Attended,155,88.6,10,18.9,Gift Voucher
EVT03625,EMP230,Sales,19-12-2025,Creative Workshop,Creative,Wellness Month,Attended,155,88.6,10,18.9,Gift Voucher
EVT03626,EMP097,HR,19-12-2025,Creative Workshop,Creative,Employee Engagement Drive,Attended,155,88.6,10,18.9,Gift Voucher
EVT03627,EMP028,Tech,19-12-2025,Creative Workshop,Creative,Employee Engagement Drive,Skipped,155,88.6,0,8.9,Gift Voucher
EVT03628,EMP044,Tech,19-12-2025,Creative Workshop,Creative,Employee Engagement Drive,Skipped,155,88.6,0,8.9,Gift Voucher
EVT03629,EMP160,Finance,19-12-2025,Creative Workshop,Creative,Employee Engagement Drive,Attended,155,88.6,10,18.9,Gift Voucher
EVT03630,EMP242,Sales,19-12-2025,Creative Workshop,Creative,Healthy Workforce Initiative,Attended,155,88.6,10,18.9,Gift Voucher
EVT03631,EMP110,Marketing,19-12-2025,Creative Workshop,Creative,Employee Engagement Drive,Attended,155,88.6,10,18.9,Gift Voucher
EVT03632,EMP113,Marketing,19-12-2025,Creative Workshop,Creative,Employee Engagement Drive,Attended,155,88.6,10,18.9,Gift Voucher
EVT03633,EMP068,Tech,19-12-2025,Creative Workshop,Creative,Employee Engagement Drive,Attended,155,88.6,10,18.9,Gift Voucher
EVT03634,EMP216,Sales,19-12-2025,Creative Workshop,Creative,Mental Health Awareness Campaign,Attended,155,88.6,10,18.9,Gift Voucher
EVT03635,EMP175,Operations,19-12-2025,Creative Workshop,Creative,Wellness Month,Skipped,155,88.6,0,8.9,Gift Voucher
EVT03636,EMP145,Finance,19-12-2025,Creative Workshop,Creative,Employee Engagement Drive,Skipped,155,88.6,0,8.9,Gift Voucher
EVT03637,EMP182,Operations,19-12-2025,Creative Workshop,Creative,Healthy Workforce Initiative,Skipped,155,88.6,0,8.9,Gift Voucher
EVT03638,EMP115,Marketing,19-12-2025,Creative Workshop,Creative,Mental Health Awareness Campaign,Skipped,155,88.6,0,8.9,Gift Voucher
EVT03639,EMP008,Tech,19-12-2025,Creative Workshop,Creative,Employee Engagement Drive,Attended,155,88.6,10,18.9,Gift Voucher
EVT03640,EMP199,Operations,19-12-2025,Creative Workshop,Creative,Mental Health Awareness Campaign,Skipped,155,88.6,0,8.9,Gift Voucher
EVT03641,EMP101,Marketing,19-12-2025,Creative Workshop,Creative,Healthy Workforce Initiative,Attended,155,88.6,10,18.9,Gift Voucher
EVT03642,EMP111,Marketing,19-12-2025,Creative Workshop,Creative,Mental Health Awareness Campaign,Attended,155,88.6,10,18.9,Gift Voucher
EVT03643,EMP208,Operations,19-12-2025,Creative Workshop,Creative,Healthy Workforce Initiative,Attended,155,88.6,10,18.9,Gift Voucher
EVT03644,EMP147,Finance,19-12-2025,Creative Workshop,Creative,Employee Engagement Drive,Attended,155,88.6,10,18.9,Gift Voucher
EVT03645,EMP002,Tech,19-12-2025,Creative Workshop,Creative,Healthy Workforce Initiative,Attended,155,88.6,10,18.9,Gift Voucher
EVT03646,EMP082,HR,19-12-2025,Creative Workshop,Creative,Healthy Workforce Initiative,Skipped,155,88.6,0,8.9,Gift Voucher
EVT03647,EMP166,Operations,19-12-2025,Creative Workshop,Creative,Mental Health Awareness Campaign,Attended,155,88.6,10,18.9,Gift Voucher
EVT03648,EMP019,Tech,19-12-2025,Creative Workshop,Creative,Healthy Workforce Initiative,Attended,155,88.6,10,18.9,Gift Voucher
EVT03649,EMP233,Sales,19-12-2025,Creative Workshop,Creative,Healthy Workforce Initiative,Attended,155,88.6,10,18.9,Gift Voucher
EVT03650,EMP244,Sales,19-12-2025,Creative Workshop,Creative,Mental Health Awareness Campaign,Attended,155,88.6,10,18.9,Gift Voucher
EVT03651,EMP203,Operations,19-12-2025,Creative Workshop,Creative,Employee Engagement Drive,Skipped,155,88.6,0,8.9,Gift Voucher
EVT03652,EMP162,Finance,19-12-2025,Creative Workshop,Creative,Healthy Workforce Initiative,Attended,155,88.6,10,18.9,Gift Voucher
EVT03653,EMP029,Tech,27-12-2025,Digital Detox Week,Work-Life,Healthy Workforce Initiative,Attended,160,91.4,15,24.1,Wellness Kit
EVT03654,EMP187,Operations,27-12-2025,Digital Detox Week,Work-Life,Employee Engagement Drive,Attended,160,91.4,15,24.1,Wellness Kit
EVT03655,EMP214,Sales,27-12-2025,Digital Detox Week,Work-Life,Mental Health Awareness Campaign,Attended,160,91.4,15,24.1,Wellness Kit
EVT03656,EMP123,Marketing,27-12-2025,Digital Detox Week,Work-Life,Mental Health Awareness Campaign,Attended,160,91.4,15,24.1,Wellness Kit
EVT03657,EMP228,Sales,27-12-2025,Digital Detox Week,Work-Life,Wellness Month,Attended,160,91.4,15,24.1,Wellness Kit
EVT03658,EMP236,Sales,27-12-2025,Digital Detox Week,Work-Life,Healthy Workforce Initiative,Attended,160,91.4,15,24.1,Wellness Kit
EVT03659,EMP063,Tech,27-12-2025,Digital Detox Week,Work-Life,Mental Health Awareness Campaign,Attended,160,91.4,15,24.1,Wellness Kit
EVT03660,EMP237,Sales,27-12-2025,Digital Detox Week,Work-Life,Mental Health Awareness Campaign,Attended,160,91.4,15,24.1,Wellness Kit
EVT03661,EMP215,Sales,27-12-2025,Digital Detox Week,Work-Life,Wellness Month,Attended,160,91.4,15,24.1,Wellness Kit
EVT03662,EMP017,Tech,27-12-2025,Digital Detox Week,Work-Life,Employee Engagement Drive,Skipped,160,91.4,0,9.1,Gift Voucher
EVT03663,EMP143,Finance,27-12-2025,Digital Detox Week,Work-Life,Wellness Month,Attended,160,91.4,15,24.1,Wellness Kit
EVT03664,EMP227,Sales,27-12-2025,Digital Detox Week,Work-Life,Mental Health Awareness Campaign,Skipped,160,91.4,0,9.1,Gift Voucher
EVT03665,EMP041,Tech,27-12-2025,Digital Detox Week,Work-Life,Mental Health Awareness Campaign,Attended,160,91.4,15,24.1,Wellness Kit
EVT03666,EMP013,Tech,27-12-2025,Digital Detox Week,Work-Life,Mental Health Awareness Campaign,Skipped,160,91.4,0,9.1,Gift Voucher
EVT03667,EMP155,Finance,27-12-2025,Digital Detox Week,Work-Life,Mental Health Awareness Campaign,Attended,160,91.4,15,24.1,Wellness Kit
EVT03668,EMP240,Sales,27-12-2025,Digital Detox Week,Work-Life,Mental Health Awareness Campaign,Attended,160,91.4,15,24.1,Wellness Kit
EVT03669,EMP182,Operations,27-12-2025,Digital Detox Week,Work-Life,Healthy Workforce Initiative,Skipped,160,91.4,0,9.1,Gift Voucher
EVT03670,EMP126,Marketing,27-12-2025,Digital Detox Week,Work-Life,Mental Health Awareness Campaign,Attended,160,91.4,15,24.1,Wellness Kit
EVT03671,EMP168,Operations,27-12-2025,Digital Detox Week,Work-Life,Mental Health Awareness Campaign,Attended,160,91.4,15,24.1,Wellness Kit
EVT03672,EMP019,Tech,27-12-2025,Digital Detox Week,Work-Life,Healthy Workforce Initiative,Attended,160,91.4,15,24.1,Wellness Kit
EVT03673,EMP119,Marketing,27-12-2025,Digital Detox Week,Work-Life,Healthy Workforce Initiative,Attended,160,91.4,15,24.1,Wellness Kit
EVT03674,EMP060,Tech,27-12-2025,Digital Detox Week,Work-Life,Employee Engagement Drive,Attended,160,91.4,15,24.1,Wellness Kit
EVT03675,EMP222,Sales,27-12-2025,Digital Detox Week,Work-Life,Wellness Month,Attended,160,91.4,15,24.1,Wellness Kit
EVT03676,EMP089,HR,27-12-2025,Digital Detox Week,Work-Life,Mental Health Awareness Campaign,Skipped,160,91.4,0,9.1,Gift Voucher
EVT03677,EMP076,HR,27-12-2025,Digital Detox Week,Work-Life,Mental Health Awareness Campaign,Attended,160,91.4,15,24.1,Wellness Kit
EVT03678,EMP020,Tech,27-12-2025,Digital Detox Week,Work-Life,Employee Engagement Drive,Attended,160,91.4,15,24.1,Wellness Kit
EVT03679,EMP006,Tech,27-12-2025,Digital Detox Week,Work-Life,Employee Engagement Drive,Attended,160,91.4,15,24.1,Wellness Kit
EVT03680,EMP081,HR,27-12-2025,Digital Detox Week,Work-Life,Employee Engagement Drive,Attended,160,91.4,15,24.1,Wellness Kit
EVT03681,EMP217,Sales,27-12-2025,Digital Detox Week,Work-Life,Healthy Workforce Initiative,Skipped,160,91.4,0,9.1,Gift Voucher
EVT03682,EMP052,Tech,27-12-2025,Digital Detox Week,Work-Life,Mental Health Awareness Campaign,Skipped,160,91.4,0,9.1,Gift Voucher
EVT03683,EMP194,Operations,27-12-2025,Digital Detox Week,Work-Life,Healthy Workforce Initiative,Skipped,160,91.4,0,9.1,Gift Voucher
EVT03684,EMP027,Tech,27-12-2025,Digital Detox Week,Work-Life,Mental Health Awareness Campaign,Attended,160,91.4,15,24.1,Wellness Kit
EVT03685,EMP201,Operations,27-12-2025,Digital Detox Week,Work-Life,Mental Health Awareness Campaign,Attended,160,91.4,15,24.1,Wellness Kit
EVT03686,EMP232,Sales,27-12-2025,Digital Detox Week,Work-Life,Mental Health Awareness Campaign,Attended,160,91.4,15,24.1,Wellness Kit
EVT03687,EMP125,Marketing,27-12-2025,Digital Detox Week,Work-Life,Employee Engagement Drive,Attended,160,91.4,15,24.1,Wellness Kit
EVT03688,EMP202,Operations,27-12-2025,Digital Detox Week,Work-Life,Healthy Workforce Initiative,Skipped,160,91.4,0,9.1,Gift Voucher
EVT03689,EMP193,Operations,27-12-2025,Digital Detox Week,Work-Life,Healthy Workforce Initiative,Attended,160,91.4,15,24.1,Wellness Kit
EVT03690,EMP082,HR,27-12-2025,Digital Detox Week,Work-Life,Mental Health Awareness Campaign,Attended,160,91.4,15,24.1,Wellness Kit
EVT03691,EMP137,Marketing,27-12-2025,Digital Detox Week,Work-Life,Wellness Month,Attended,160,91.4,15,24.1,Wellness Kit
EVT03692,EMP158,Finance,27-12-2025,Digital Detox Week,Work-Life,Healthy Workforce Initiative,Attended,160,91.4,15,24.1,Wellness Kit
EVT03693,EMP075,HR,27-12-2025,Digital Detox Week,Work-Life,Healthy Workforce Initiative,Attended,160,91.4,15,24.1,Wellness Kit
EVT03694,EMP028,Tech,27-12-2025,Digital Detox Week,Work-Life,Wellness Month,Attended,160,91.4,15,24.1,Wellness Kit
EVT03695,EMP171,Operations,27-12-2025,Digital Detox Week,Work-Life,Mental Health Awareness Campaign,Attended,160,91.4,15,24.1,Wellness Kit
EVT03696,EMP175,Operations,27-12-2025,Digital Detox Week,Work-Life,Healthy Workforce Initiative,Skipped,160,91.4,0,9.1,Gift Voucher
EVT03697,EMP177,Operations,27-12-2025,Digital Detox Week,Work-Life,Employee Engagement Drive,Attended,160,91.4,15,24.1,Wellness Kit
EVT03698,EMP053,Tech,27-12-2025,Digital Detox Week,Work-Life,Mental Health Awareness Campaign,Skipped,160,91.4,0,9.1,Gift Voucher
EVT03699,EMP178,Operations,27-12-2025,Digital Detox Week,Work-Life,Employee Engagement Drive,Skipped,160,91.4,0,9.1,Gift Voucher
EVT03700,EMP073,HR,27-12-2025,Digital Detox Week,Work-Life,Wellness Month,Attended,160,91.4,15,24.1,Wellness Kit
EVT03701,EMP055,Tech,27-12-2025,Digital Detox Week,Work-Life,Mental Health Awareness Campaign,Attended,160,91.4,15,24.1,Wellness Kit
EVT03702,EMP150,Finance,27-12-2025,Digital Detox Week,Work-Life,Wellness Month,Skipped,160,91.4,0,9.1,Gift Voucher
EVT03703,EMP050,Tech,27-12-2025,Digital Detox Week,Work-Life,Mental Health Awareness Campaign,Skipped,160,91.4,0,9.1,Gift Voucher
EVT03704,EMP096,HR,27-12-2025,Digital Detox Week,Work-Life,Healthy Workforce Initiative,Attended,160,91.4,15,24.1,Wellness Kit
EVT03705,EMP118,Marketing,27-12-2025,Digital Detox Week,Work-Life,Healthy Workforce Initiative,Attended,160,91.4,15,24.1,Wellness Kit
EVT03706,EMP087,HR,27-12-2025,Digital Detox Week,Work-Life,Wellness Month,Attended,160,91.4,15,24.1,Wellness Kit
EVT03707,EMP093,HR,27-12-2025,Digital Detox Week,Work-Life,Wellness Month,Attended,160,91.4,15,24.1,Wellness Kit
EVT03708,EMP003,Tech,27-12-2025,Digital Detox Week,Work-Life,Employee Engagement Drive,Attended,160,91.4,15,24.1,Wellness Kit
EVT03709,EMP031,Tech,27-12-2025,Digital Detox Week,Work-Life,Healthy Workforce Initiative,Attended,160,91.4,15,24.1,Wellness Kit
EVT03710,EMP219,Sales,27-12-2025,Digital Detox Week,Work-Life,Mental Health Awareness Campaign,Attended,160,91.4,15,24.1,Wellness Kit
EVT03711,EMP099,HR,27-12-2025,Digital Detox Week,Work-Life,Wellness Month,Attended,160,91.4,15,24.1,Wellness Kit
EVT03712,EMP083,HR,27-12-2025,Digital Detox Week,Work-Life,Wellness Month,Attended,160,91.4,15,24.1,Wellness Kit
EVT03713,EMP090,HR,27-12-2025,Digital Detox Week,Work-Life,Employee Engagement Drive,Attended,160,91.4,15,24.1,Wellness Kit
EVT03714,EMP102,Marketing,27-12-2025,Digital Detox Week,Work-Life,Healthy Workforce Initiative,Attended,160,91.4,15,24.1,Wellness Kit
EVT03715,EMP023,Tech,27-12-2025,Digital Detox Week,Work-Life,Wellness Month,Attended,160,91.4,15,24.1,Wellness Kit
EVT03716,EMP128,Marketing,27-12-2025,Digital Detox Week,Work-Life,Mental Health Awareness Campaign,Attended,160,91.4,15,24.1,Wellness Kit
EVT03717,EMP105,Marketing,27-12-2025,Digital Detox Week,Work-Life,Mental Health Awareness Campaign,Attended,160,91.4,15,24.1,Wellness Kit
EVT03718,EMP164,Finance,27-12-2025,Digital Detox Week,Work-Life,Wellness Month,Attended,160,91.4,15,24.1,Wellness Kit
EVT03719,EMP239,Sales,27-12-2025,Digital Detox Week,Work-Life,Mental Health Awareness Campaign,Attended,160,91.4,15,24.1,Wellness Kit
EVT03720,EMP122,Marketing,27-12-2025,Digital Detox Week,Work-Life,Mental Health Awareness Campaign,Attended,160,91.4,15,24.1,Wellness Kit
EVT03721,EMP130,Marketing,27-12-2025,Digital Detox Week,Work-Life,Healthy Workforce Initiative,Skipped,160,91.4,0,9.1,Gift Voucher
EVT03722,EMP162,Finance,27-12-2025,Digital Detox Week,Work-Life,Wellness Month,Attended,160,91.4,15,24.1,Wellness Kit
EVT03723,EMP146,Finance,27-12-2025,Digital Detox Week,Work-Life,Healthy Workforce Initiative,Skipped,160,91.4,0,9.1,Gift Voucher
EVT03724,EMP192,Operations,27-12-2025,Digital Detox Week,Work-Life,Employee Engagement Drive,Skipped,160,91.4,0,9.1,Gift Voucher
EVT03725,EMP014,Tech,27-12-2025,Digital Detox Week,Work-Life,Mental Health Awareness Campaign,Attended,160,91.4,15,24.1,Wellness Kit
EVT03726,EMP145,Finance,27-12-2025,Digital Detox Week,Work-Life,Mental Health Awareness Campaign,Attended,160,91.4,15,24.1,Wellness Kit
EVT03727,EMP160,Finance,27-12-2025,Digital Detox Week,Work-Life,Employee Engagement Drive,Attended,160,91.4,15,24.1,Wellness Kit
EVT03728,EMP147,Finance,27-12-2025,Digital Detox Week,Work-Life,Wellness Month,Attended,160,91.4,15,24.1,Wellness Kit
EVT03729,EMP144,Finance,27-12-2025,Digital Detox Week,Work-Life,Healthy Workforce Initiative,Attended,160,91.4,15,24.1,Wellness Kit
EVT03730,EMP191,Operations,27-12-2025,Digital Detox Week,Work-Life,Wellness Month,Attended,160,91.4,15,24.1,Wellness Kit
EVT03731,EMP148,Finance,27-12-2025,Digital Detox Week,Work-Life,Mental Health Awareness Campaign,Attended,160,91.4,15,24.1,Wellness Kit
EVT03732,EMP085,HR,27-12-2025,Digital Detox Week,Work-Life,Wellness Month,Attended,160,91.4,15,24.1,Wellness Kit
EVT03733,EMP135,Marketing,27-12-2025,Digital Detox Week,Work-Life,Wellness Month,Attended,160,91.4,15,24.1,Wellness Kit
EVT03734,EMP111,Marketing,27-12-2025,Digital Detox Week,Work-Life,Wellness Month,Attended,160,91.4,15,24.1,Wellness Kit
EVT03735,EMP138,Marketing,27-12-2025,Digital Detox Week,Work-Life,Healthy Workforce Initiative,Attended,160,91.4,15,24.1,Wellness Kit
EVT03736,EMP127,Marketing,27-12-2025,Digital Detox Week,Work-Life,Employee Engagement Drive,Attended,160,91.4,15,24.1,Wellness Kit
EVT03737,EMP183,Operations,27-12-2025,Digital Detox Week,Work-Life,Mental Health Awareness Campaign,Attended,160,91.4,15,24.1,Wellness Kit
EVT03738,EMP165,Finance,27-12-2025,Digital Detox Week,Work-Life,Healthy Workforce Initiative,Attended,160,91.4,15,24.1,Wellness Kit
EVT03739,EMP072,HR,27-12-2025,Digital Detox Week,Work-Life,Wellness Month,Attended,160,91.4,15,24.1,Wellness Kit
EVT03740,EMP204,Operations,27-12-2025,Digital Detox Week,Work-Life,Mental Health Awareness Campaign,Attended,160,91.4,15,24.1,Wellness Kit
EVT03741,EMP223,Sales,27-12-2025,Digital Detox Week,Work-Life,Healthy Workforce Initiative,Attended,160,91.4,15,24.1,Wellness Kit
EVT03742,EMP185,Operations,27-12-2025,Digital Detox Week,Work-Life,Wellness Month,Attended,160,91.4,15,24.1,Wellness Kit
EVT03743,EMP230,Sales,27-12-2025,Digital Detox Week,Work-Life,Employee Engagement Drive,Attended,160,91.4,15,24.1,Wellness Kit
EVT03744,EMP026,Tech,27-12-2025,Digital Detox Week,Work-Life,Mental Health Awareness Campaign,Attended,160,91.4,15,24.1,Wellness Kit
EVT03745,EMP030,Tech,27-12-2025,Digital Detox Week,Work-Life,Healthy Workforce Initiative,Skipped,160,91.4,0,9.1,Gift Voucher
EVT03746,EMP157,Finance,27-12-2025,Digital Detox Week,Work-Life,Healthy Workforce Initiative,Attended,160,91.4,15,24.1,Wellness Kit
EVT03747,EMP036,Tech,27-12-2025,Digital Detox Week,Work-Life,Employee Engagement Drive,Attended,160,91.4,15,24.1,Wellness Kit
EVT03748,EMP103,Marketing,27-12-2025,Digital Detox Week,Work-Life,Wellness Month,Skipped,160,91.4,0,9.1,Gift Voucher
EVT03749,EMP154,Finance,27-12-2025,Digital Detox Week,Work-Life,Mental Health Awareness Campaign,Attended,160,91.4,15,24.1,Wellness Kit
EVT03750,EMP051,Tech,27-12-2025,Digital Detox Week,Work-Life,Healthy Workforce Initiative,Attended,160,91.4,15,24.1,Wellness Kit
EVT03751,EMP208,Operations,27-12-2025,Digital Detox Week,Work-Life,Employee Engagement Drive,Attended,160,91.4,15,24.1,Wellness Kit
EVT03752,EMP170,Operations,27-12-2025,Digital Detox Week,Work-Life,Wellness Month,Attended,160,91.4,15,24.1,Wellness Kit
EVT03753,EMP007,Tech,27-12-2025,Digital Detox Week,Work-Life,Mental Health Awareness Campaign,Attended,160,91.4,15,24.1,Wellness Kit
EVT03754,EMP113,Marketing,27-12-2025,Digital Detox Week,Work-Life,Mental Health Awareness Campaign,Skipped,160,91.4,0,9.1,Gift Voucher
EVT03755,EMP077,HR,27-12-2025,Digital Detox Week,Work-Life,Wellness Month,Attended,160,91.4,15,24.1,Wellness Kit
EVT03756,EMP078,HR,27-12-2025,Digital Detox Week,Work-Life,Wellness Month,Skipped,160,91.4,0,9.1,Gift Voucher
EVT03757,EMP221,Sales,27-12-2025,Digital Detox Week,Work-Life,Mental Health Awareness Campaign,Attended,160,91.4,15,24.1,Wellness Kit
EVT03758,EMP161,Finance,27-12-2025,Digital Detox Week,Work-Life,Healthy Workforce Initiative,Skipped,160,91.4,0,9.1,Gift Voucher
EVT03759,EMP035,Tech,27-12-2025,Digital Detox Week,Work-Life,Employee Engagement Drive,Attended,160,91.4,15,24.1,Wellness Kit
EVT03760,EMP134,Marketing,27-12-2025,Digital Detox Week,Work-Life,Mental Health Awareness Campaign,Attended,160,91.4,15,24.1,Wellness Kit
EVT03761,EMP079,HR,27-12-2025,Digital Detox Week,Work-Life,Wellness Month,Skipped,160,91.4,0,9.1,Gift Voucher
EVT03762,EMP065,Tech,27-12-2025,Digital Detox Week,Work-Life,Employee Engagement Drive,Attended,160,91.4,15,24.1,Wellness Kit
EVT03763,EMP086,HR,27-12-2025,Digital Detox Week,Work-Life,Mental Health Awareness Campaign,Skipped,160,91.4,0,9.1,Gift Voucher
EVT03764,EMP024,Tech,27-12-2025,Digital Detox Week,Work-Life,Mental Health Awareness Campaign,Attended,160,91.4,15,24.1,Wellness Kit
EVT03765,EMP039,Tech,27-12-2025,Digital Detox Week,Work-Life,Wellness Month,Attended,160,91.4,15,24.1,Wellness Kit
EVT03766,EMP159,Finance,27-12-2025,Digital Detox Week,Work-Life,Employee Engagement Drive,Attended,160,91.4,15,24.1,Wellness Kit
EVT03767,EMP163,Finance,27-12-2025,Digital Detox Week,Work-Life,Wellness Month,Attended,160,91.4,15,24.1,Wellness Kit
EVT03768,EMP108,Marketing,27-12-2025,Digital Detox Week,Work-Life,Employee Engagement Drive,Attended,160,91.4,15,24.1,Wellness Kit
EVT03769,EMP156,Finance,27-12-2025,Digital Detox Week,Work-Life,Mental Health Awareness Campaign,Attended,160,91.4,15,24.1,Wellness Kit
EVT03770,EMP114,Marketing,27-12-2025,Digital Detox Week,Work-Life,Healthy Workforce Initiative,Skipped,160,91.4,0,9.1,Gift Voucher
EVT03771,EMP189,Operations,27-12-2025,Digital Detox Week,Work-Life,Employee Engagement Drive,Attended,160,91.4,15,24.1,Wellness Kit
EVT03772,EMP047,Tech,27-12-2025,Digital Detox Week,Work-Life,Employee Engagement Drive,Attended,160,91.4,15,24.1,Wellness Kit
EVT03773,EMP094,HR,27-12-2025,Digital Detox Week,Work-Life,Healthy Workforce Initiative,Attended,160,91.4,15,24.1,Wellness Kit
EVT03774,EMP141,Finance,27-12-2025,Digital Detox Week,Work-Life,Wellness Month,Attended,160,91.4,15,24.1,Wellness Kit
EVT03775,EMP025,Tech,27-12-2025,Digital Detox Week,Work-Life,Mental Health Awareness Campaign,Skipped,160,91.4,0,9.1,Gift Voucher
EVT03776,EMP058,Tech,27-12-2025,Digital Detox Week,Work-Life,Wellness Month,Attended,160,91.4,15,24.1,Wellness Kit
EVT03777,EMP104,Marketing,27-12-2025,Digital Detox Week,Work-Life,Wellness Month,Attended,160,91.4,15,24.1,Wellness Kit
EVT03778,EMP172,Operations,27-12-2025,Digital Detox Week,Work-Life,Mental Health Awareness Campaign,Skipped,160,91.4,0,9.1,Gift Voucher
EVT03779,EMP210,Operations,27-12-2025,Digital Detox Week,Work-Life,Healthy Workforce Initiative,Skipped,160,91.4,0,9.1,Gift Voucher
EVT03780,EMP088,HR,27-12-2025,Digital Detox Week,Work-Life,Employee Engagement Drive,Attended,160,91.4,15,24.1,Wellness Kit
EVT03781,EMP084,HR,27-12-2025,Digital Detox Week,Work-Life,Mental Health Awareness Campaign,Attended,160,91.4,15,24.1,Wellness Kit
EVT03782,EMP067,Tech,27-12-2025,Digital Detox Week,Work-Life,Employee Engagement Drive,Skipped,160,91.4,0,9.1,Gift Voucher
EVT03783,EMP091,HR,27-12-2025,Digital Detox Week,Work-Life,Employee Engagement Drive,Skipped,160,91.4,0,9.1,Gift Voucher
EVT03784,EMP195,Operations,27-12-2025,Digital Detox Week,Work-Life,Healthy Workforce Initiative,Skipped,160,91.4,0,9.1,Gift Voucher
EVT03785,EMP001,Tech,27-12-2025,Digital Detox Week,Work-Life,Employee Engagement Drive,Skipped,160,91.4,0,9.1,Gift Voucher
EVT03786,EMP057,Tech,27-12-2025,Digital Detox Week,Work-Life,Employee Engagement Drive,Attended,160,91.4,15,24.1,Wellness Kit
EVT03787,EMP010,Tech,27-12-2025,Digital Detox Week,Work-Life,Healthy Workforce Initiative,Attended,160,91.4,15,24.1,Wellness Kit
EVT03788,EMP066,Tech,27-12-2025,Digital Detox Week,Work-Life,Mental Health Awareness Campaign,Attended,160,91.4,15,24.1,Wellness Kit
EVT03789,EMP225,Sales,27-12-2025,Digital Detox Week,Work-Life,Mental Health Awareness Campaign,Attended,160,91.4,15,24.1,Wellness Kit
EVT03790,EMP008,Tech,27-12-2025,Digital Detox Week,Work-Life,Healthy Workforce Initiative,Attended,160,91.4,15,24.1,Wellness Kit
EVT03791,EMP074,HR,27-12-2025,Digital Detox Week,Work-Life,Employee Engagement Drive,Attended,160,91.4,15,24.1,Wellness Kit
EVT03792,EMP043,Tech,27-12-2025,Digital Detox Week,Work-Life,Employee Engagement Drive,Skipped,160,91.4,0,9.1,Gift Voucher
EVT03793,EMP231,Sales,27-12-2025,Digital Detox Week,Work-Life,Healthy Workforce Initiative,Skipped,160,91.4,0,9.1,Gift Voucher
EVT03794,EMP121,Marketing,27-12-2025,Digital Detox Week,Work-Life,Wellness Month,Attended,160,91.4,15,24.1,Wellness Kit
EVT03795,EMP059,Tech,27-12-2025,Digital Detox Week,Work-Life,Employee Engagement Drive,Attended,160,91.4,15,24.1,Wellness Kit
EVT03796,EMP207,Operations,27-12-2025,Digital Detox Week,Work-Life,Employee Engagement Drive,Attended,160,91.4,15,24.1,Wellness Kit
EVT03797,EMP015,Tech,27-12-2025,Digital Detox Week,Work-Life,Employee Engagement Drive,Attended,160,91.4,15,24.1,Wellness Kit
EVT03798,EMP198,Operations,27-12-2025,Digital Detox Week,Work-Life,Healthy Workforce Initiative,Attended,160,91.4,15,24.1,Wellness Kit
EVT03799,EMP173,Operations,27-12-2025,Digital Detox Week,Work-Life,Employee Engagement Drive,Attended,160,91.4,15,24.1,Wellness Kit
EVT03800,EMP012,Tech,27-12-2025,Digital Detox Week,Work-Life,Mental Health Awareness Campaign,Attended,160,91.4,15,24.1,Wellness Kit
EVT03801,EMP234,Sales,27-12-2025,Digital Detox Week,Work-Life,Healthy Workforce Initiative,Attended,160,91.4,15,24.1,Wellness Kit
EVT03802,EMP009,Tech,27-12-2025,Digital Detox Week,Work-Life,Healthy Workforce Initiative,Attended,160,91.4,15,24.1,Wellness Kit
EVT03803,EMP250,Sales,27-12-2025,Digital Detox Week,Work-Life,Wellness Month,Attended,160,91.4,15,24.1,Wellness Kit
EVT03804,EMP203,Operations,27-12-2025,Digital Detox Week,Work-Life,Employee Engagement Drive,Attended,160,91.4,15,24.1,Wellness Kit
EVT03805,EMP136,Marketing,27-12-2025,Digital Detox Week,Work-Life,Employee Engagement Drive,Attended,160,91.4,15,24.1,Wellness Kit
EVT03806,EMP011,Tech,27-12-2025,Digital Detox Week,Work-Life,Employee Engagement Drive,Attended,160,91.4,15,24.1,Wellness Kit
EVT03807,EMP179,Operations,27-12-2025,Digital Detox Week,Work-Life,Wellness Month,Skipped,160,91.4,0,9.1,Gift Voucher
EVT03808,EMP152,Finance,27-12-2025,Digital Detox Week,Work-Life,Employee Engagement Drive,Attended,160,91.4,15,24.1,Wellness Kit
EVT03809,EMP167,Operations,27-12-2025,Digital Detox Week,Work-Life,Wellness Month,Attended,160,91.4,15,24.1,Wellness Kit
EVT03810,EMP245,Sales,27-12-2025,Digital Detox Week,Work-Life,Wellness Month,Skipped,160,91.4,0,9.1,Gift Voucher
EVT03811,EMP246,Sales,27-12-2025,Digital Detox Week,Work-Life,Employee Engagement Drive,Attended,160,91.4,15,24.1,Wellness Kit
EVT03812,EMP242,Sales,27-12-2025,Digital Detox Week,Work-Life,Mental Health Awareness Campaign,Attended,160,91.4,15,24.1,Wellness Kit
